rep_date,wmo,lat,lon,VPD,WS,HDW
2026-06-02 21:00:00,53,58.847,-125.231,18.143144703503832,4.8,87.08709457681839
2026-06-03 00:00:00,53,58.847,-125.231,21.63789356710513,4.2,90.87915298184156
2026-06-01 12:00:00,53,58.847,-125.231,4.6397351438345495,2.6,12.06331137396983
2026-06-01 15:00:00,53,58.847,-125.231,7.867442282700477,0.8,6.293953826160382
2026-06-01 18:00:00,53,58.847,-125.231,14.43408305301781,3.2,46.18906576965699
2026-06-01 21:00:00,53,58.847,-125.231,17.013439461599226,3.2,54.443006277117526
2026-06-02 00:00:00,53,58.847,-125.231,17.9958246170732,4.2,75.58246339170745
2026-06-02 03:00:00,53,58.847,-125.231,16.488213625079382,4.1,67.60167586282546
2026-06-02 06:00:00,53,58.847,-125.231,10.540186452214765,2.7,28.45850342097987
2026-06-02 09:00:00,53,58.847,-125.231,7.2134110271519365,2.7,19.47620977331023
2026-06-02 12:00:00,53,58.847,-125.231,5.286367757292473,2.4,12.687282617501936
2026-06-02 15:00:00,53,58.847,-125.231,10.748498291527698,1.0,10.748498291527698
2026-06-02 18:00:00,53,58.847,-125.231,15.455116580847676,4.3,66.45700129764501
2026-06-02 21:00:00,100208,51.905,-124.598,23.83146116764314,5.8,138.2224747723302
2026-06-03 00:00:00,100208,51.905,-124.598,24.118837429169425,5.5,132.65360586043184
2026-06-01 12:00:00,100208,51.905,-124.598,6.697893769145967,2.6,17.414523799779516
2026-06-01 15:00:00,100208,51.905,-124.598,9.936372873245032,1.0,9.936372873245032
2026-06-01 18:00:00,100208,51.905,-124.598,16.179938869642374,3.8,61.48376770464102
2026-06-01 21:00:00,100208,51.905,-124.598,20.234010067149274,4.7,95.0998473156016
2026-06-02 00:00:00,100208,51.905,-124.598,21.506847772630078,7.0,150.54793440841055
2026-06-02 03:00:00,100208,51.905,-124.598,18.91034087920317,9.4,177.7572042645098
2026-06-02 06:00:00,100208,51.905,-124.598,12.710732338625778,6.1,77.53546726561724
2026-06-02 09:00:00,100208,51.905,-124.598,9.39464321347986,0.8,7.515714570783889
2026-06-02 12:00:00,100208,51.905,-124.598,8.629594277620969,2.9,25.02582340510081
2026-06-02 15:00:00,100208,51.905,-124.598,10.688020140900916,1.3,13.894426183171191
2026-06-02 18:00:00,100208,51.905,-124.598,19.622636025065653,3.8,74.56601689524948
2026-06-02 21:00:00,100233,52.251,-126.028,17.03369165349089,0.8,13.626953322792714
2026-06-03 00:00:00,100233,52.251,-126.028,17.03369165349089,1.6,27.253906645585428
2026-06-01 12:00:00,100233,52.251,-126.028,5.358849458879873,1.3,6.966504296543835
2026-06-01 15:00:00,100233,52.251,-126.028,6.512785410399447,0.8,5.210228328319558
2026-06-01 18:00:00,100233,52.251,-126.028,11.105309247375224,0.2,2.221061849475045
2026-06-01 21:00:00,100233,52.251,-126.028,13.92205938866653,0.4,5.568823755466612
2026-06-02 00:00:00,100233,52.251,-126.028,14.990619578922276,1.1,16.489681536814505
2026-06-02 03:00:00,100233,52.251,-126.028,13.413206682438313,1.7,22.80245136014513
2026-06-02 06:00:00,100233,52.251,-126.028,10.35084714957759,2.0,20.70169429915518
2026-06-02 09:00:00,100233,52.251,-126.028,8.975607140139807,1.6,14.360971424223692
2026-06-02 12:00:00,100233,52.251,-126.028,8.350261792604197,1.6,13.360418868166716
2026-06-02 15:00:00,100233,52.251,-126.028,10.153053380263863,0.9,9.137748042237478
2026-06-02 18:00:00,100233,52.251,-126.028,14.00848874835696,0.2,2.8016977496713924
2026-06-02 21:00:00,100361,51.997,-118.103,10.83472084046535,0.9,9.751248756418814
2026-06-03 00:00:00,100361,51.997,-118.103,11.108332346587924,1.1,12.219165581246717
2026-06-01 12:00:00,100361,51.997,-118.103,6.384049719640204,2.0,12.768099439280409
2026-06-01 15:00:00,100361,51.997,-118.103,8.975607140139807,1.6,14.360971424223692
2026-06-01 18:00:00,100361,51.997,-118.103,10.619825474887666,1.6,16.991720759820264
2026-06-01 21:00:00,100361,51.997,-118.103,9.553240482810928,1.8,17.19583286905967
2026-06-02 00:00:00,100361,51.997,-118.103,9.43271471444323,2.0,18.86542942888646
2026-06-02 03:00:00,100361,51.997,-118.103,8.625705957981326,1.9,16.38884132016452
2026-06-02 06:00:00,100361,51.997,-118.103,7.57801871382647,1.3,9.851424327974412
2026-06-02 09:00:00,100361,51.997,-118.103,8.629594277620969,1.1,9.492553705383067
2026-06-02 12:00:00,100361,51.997,-118.103,8.2953592051681,1.3,10.78396696671853
2026-06-02 15:00:00,100361,51.997,-118.103,8.086981755216403,0.6,4.852189053129842
2026-06-02 18:00:00,100361,51.997,-118.103,11.832571800539029,0.7,8.28280026037732
2026-06-02 21:00:00,100417,50.516,-116.05,8.400808986443549,4.3,36.12347864170726
2026-06-03 00:00:00,100417,50.516,-116.05,8.667776672372284,2.3,19.93588634645625
2026-06-01 12:00:00,100417,50.516,-116.05,3.93372114135024,4.8,18.881861478481152
2026-06-01 15:00:00,100417,50.516,-116.05,4.3147971388104835,6.6,28.47766111614919
2026-06-01 18:00:00,100417,50.516,-116.05,4.852189053129845,6.8,32.99488556128294
2026-06-01 21:00:00,100417,50.516,-116.05,5.175423574788796,7.2,37.26304973847934
2026-06-02 00:00:00,100417,50.516,-116.05,5.142271819630512,5.5,28.282495007967817
2026-06-02 03:00:00,100417,50.516,-116.05,4.789712450889425,5.4,25.864447234802896
2026-06-02 06:00:00,100417,50.516,-116.05,2.914535365672222,3.8,11.075234389554444
2026-06-02 09:00:00,100417,50.516,-116.05,2.783420597534734,5.1,14.195445047427143
2026-06-02 12:00:00,100417,50.516,-116.05,4.093252667544801,3.3,13.507733802897844
2026-06-02 15:00:00,100417,50.516,-116.05,4.820861911842815,4.9,23.622223368029797
2026-06-02 18:00:00,100417,50.516,-116.05,7.691206202717618,4.7,36.148669152772804
2026-06-02 21:00:00,52,57.902,-131.159,11.832571800539029,4.1,48.513544382210014
2026-06-03 00:00:00,52,57.902,-131.159,14.42718692194446,4.8,69.2504972253334
2026-06-01 12:00:00,52,57.902,-131.159,1.525589316542587,1.5,2.2883839748138803
2026-06-01 15:00:00,52,57.902,-131.159,4.736943754208873,2.5,11.842359385522183
2026-06-01 18:00:00,52,57.902,-131.159,7.815342492479336,3.3,25.790630225181808
2026-06-01 21:00:00,52,57.902,-131.159,11.103726233349573,3.5,38.8630418167235
2026-06-02 00:00:00,52,57.902,-131.159,11.92171513841386,2.1,25.03560179066911
2026-06-02 03:00:00,52,57.902,-131.159,9.333748680564753,2.7,25.201121437524833
2026-06-02 06:00:00,52,57.902,-131.159,4.744774537417802,6.5,30.841034493215716
2026-06-02 09:00:00,52,57.902,-131.159,3.044448777027984,3.4,10.351125841895145
2026-06-02 12:00:00,52,57.902,-131.159,2.822605825708769,2.6,7.3387751468428
2026-06-02 15:00:00,52,57.902,-131.159,4.712975112698254,1.7,8.012057691587032
2026-06-02 18:00:00,52,57.902,-131.159,9.830759634308095,4.2,41.289190464094
2026-06-02 21:00:00,100194,52.87,-119.3,13.665562121313224,1.9,25.964568030495123
2026-06-03 00:00:00,100194,52.87,-119.3,14.095386791748687,2.2,31.009850941847116
2026-06-01 12:00:00,100194,52.87,-119.3,6.257558446568309,2.1,13.14087273779345
2026-06-01 15:00:00,100194,52.87,-119.3,9.273201014321447,2.2,20.401042231507187
2026-06-01 18:00:00,100194,52.87,-119.3,11.463888579373108,3.9,44.70916545955512
2026-06-01 21:00:00,100194,52.87,-119.3,12.680428804473866,4.1,51.98975809834285
2026-06-02 00:00:00,100194,52.87,-119.3,12.680428804473866,3.2,40.57737217431637
2026-06-02 03:00:00,100194,52.87,-119.3,11.247543673555947,2.3,25.869350449178675
2026-06-02 06:00:00,100194,52.87,-119.3,9.517479628585347,2.7,25.69719499718044
2026-06-02 09:00:00,100194,52.87,-119.3,7.382449488411438,2.0,14.764898976822876
2026-06-02 12:00:00,100194,52.87,-119.3,7.004569645100662,1.8,12.60822536118119
2026-06-02 15:00:00,100194,52.87,-119.3,8.298819428443355,1.9,15.767756914042375
2026-06-02 18:00:00,100194,52.87,-119.3,12.211598680254358,2.2,26.86551709655959
2026-06-02 21:00:00,100430,56.012,-129.099,17.59661881049055,4.7,82.70410840930559
2026-06-03 00:00:00,100430,56.012,-129.099,24.118837429169425,2.2,53.06144234417274
2026-06-01 12:00:00,100430,56.012,-129.099,4.544291686943648,5.7,25.902462615578795
2026-06-01 15:00:00,100430,56.012,-129.099,6.697893769145967,3.6,24.112417568925483
2026-06-01 18:00:00,100430,56.012,-129.099,9.517479628585347,7.2,68.5258533258145
2026-06-01 21:00:00,100430,56.012,-129.099,14.157446510937076,7.3,103.34935952984065
2026-06-02 00:00:00,100430,56.012,-129.099,15.844483951544508,7.7,122.00252642689271
2026-06-02 03:00:00,100430,56.012,-129.099,13.4968684628049,4.8,64.78496862146352
2026-06-02 06:00:00,100430,56.012,-129.099,8.515510813152757,5.9,50.241513797601264
2026-06-02 09:00:00,100430,56.012,-129.099,6.556201902250398,5.7,37.37035084282727
2026-06-02 12:00:00,100430,56.012,-129.099,4.776762743128119,5.5,26.272195087204654
2026-06-02 15:00:00,100430,56.012,-129.099,7.382449488411438,4.2,31.00628785132804
2026-06-02 18:00:00,100430,56.012,-129.099,12.366160218809537,6.8,84.08988948790484
2026-06-02 21:00:00,100235,51.237,-120.997,19.992887324815186,4.7,93.96657042663138
2026-06-03 00:00:00,100235,51.237,-120.997,20.23528646765196,4.3,87.01173181090343
2026-06-01 12:00:00,100235,51.237,-120.997,8.760581825195633,4.8,42.05079276093904
2026-06-01 15:00:00,100235,51.237,-120.997,10.960417082393171,8.6,94.25958690858127
2026-06-01 18:00:00,100235,51.237,-120.997,16.696575479063775,11.5,192.0106180092334
2026-06-01 21:00:00,100235,51.237,-120.997,19.263611638877386,12.5,240.7951454859673
2026-06-02 00:00:00,100235,51.237,-120.997,17.27565261467216,10.8,186.57704823845935
2026-06-02 03:00:00,100235,51.237,-120.997,15.359092598948244,11.6,178.16547414779964
2026-06-02 06:00:00,100235,51.237,-120.997,10.552012652331367,6.6,69.64328350538702
2026-06-02 09:00:00,100235,51.237,-120.997,9.39464321347986,4.2,39.457501496615414
2026-06-02 12:00:00,100235,51.237,-120.997,7.286338414180559,2.6,18.944479876869455
2026-06-02 15:00:00,100235,51.237,-120.997,10.894913433107812,3.9,42.490162389120464
2026-06-02 18:00:00,100235,51.237,-120.997,16.959812862709306,6.2,105.15083974879771
2026-06-02 21:00:00,7749,54.8,-66.8,7.238696509865981,23.8,172.28097693481035
2026-06-03 00:00:00,7749,54.8,-66.8,4.012789707096266,23.9,95.90567399960075
2026-06-01 12:00:00,7749,54.8,-66.8,3.2740806150065875,14.0,45.83712861009222
2026-06-01 15:00:00,7749,54.8,-66.8,6.474501262174946,18.0,116.54102271914903
2026-06-01 18:00:00,7749,54.8,-66.8,8.878293537571817,23.9,212.19121554796644
2026-06-01 21:00:00,7749,54.8,-66.8,7.763546464599769,24.9,193.31230696853424
2026-06-02 00:00:00,7749,54.8,-66.8,5.581578140954972,21.6,120.5620878446274
2026-06-02 03:00:00,7749,54.8,-66.8,2.7077188148940303,11.6,31.40953825277075
2026-06-02 06:00:00,7749,54.8,-66.8,0.7902232355025234,13.5,10.668013679284066
2026-06-02 09:00:00,7749,54.8,-66.8,1.5916248157048836,16.7,26.580134422271556
2026-06-02 12:00:00,7749,54.8,-66.8,3.9766284408702584,19.6,77.94191744105707
2026-06-02 15:00:00,7749,54.8,-66.8,5.970953428910149,21.1,125.98711735000416
2026-06-02 18:00:00,7749,54.8,-66.8,6.822087779241336,22.2,151.45034869915764
2026-06-02 21:00:00,62,51.117,-117.866,11.387968434427686,0.2,2.2775936868855373
2026-06-03 00:00:00,62,51.117,-117.866,11.746155659790574,1.7,19.968464621643975
2026-06-01 12:00:00,62,51.117,-117.866,6.469622053833142,0.7,4.528735437683199
2026-06-01 15:00:00,62,51.117,-117.866,7.430921365672046,0.2,1.4861842731344093
2026-06-01 18:00:00,62,51.117,-117.866,10.484579860220151,1.1,11.533037846242168
2026-06-01 21:00:00,62,51.117,-117.866,9.492809996703526,1.2,11.391371996044231
2026-06-02 00:00:00,62,51.117,-117.866,9.43271471444323,1.0,9.43271471444323
2026-06-02 03:00:00,62,51.117,-117.866,8.681271077003446,0.7,6.076889753902412
2026-06-02 06:00:00,62,51.117,-117.866,7.627616309781733,1.6,12.204186095650774
2026-06-02 09:00:00,62,51.117,-117.866,7.144233238183595,1.9,13.57404315254883
2026-06-02 12:00:00,62,51.117,-117.866,6.86731186741488,1.6,10.987698987863808
2026-06-02 15:00:00,62,51.117,-117.866,8.245408614021288,1.0,8.245408614021288
2026-06-02 18:00:00,62,51.117,-117.866,10.240555592091006,0.9,9.216500032881905
2026-06-02 21:00:00,63,49.115,-120.867,26.372130355824176,1.7,44.8326216049011
2026-06-03 00:00:00,63,49.115,-120.867,27.647189036742905,3.1,85.70628601390301
2026-06-01 12:00:00,63,49.115,-120.867,9.301319088599328,3.5,32.55461681009765
2026-06-01 15:00:00,63,49.115,-120.867,13.107679512410792,3.8,49.80918214716101
2026-06-01 18:00:00,63,49.115,-120.867,18.67798499780928,4.5,84.05093249014176
2026-06-01 21:00:00,63,49.115,-120.867,22.169070806215704,4.1,90.89319030548438
2026-06-02 00:00:00,63,49.115,-120.867,22.849014085503065,4.9,111.96016901896502
2026-06-02 03:00:00,63,49.115,-120.867,20.358261459151564,4.5,91.61217656618203
2026-06-02 06:00:00,63,49.115,-120.867,13.717684633991146,3.1,42.52482236537255
2026-06-02 09:00:00,63,49.115,-120.867,10.484579860220151,2.3,24.114533678506344
2026-06-02 12:00:00,63,49.115,-120.867,9.641723823685634,2.1,20.24762002973983
2026-06-02 15:00:00,63,49.115,-120.867,13.374536675935298,2.5,33.436341689838244
2026-06-02 18:00:00,63,49.115,-120.867,19.992887324815186,2.2,43.98435211459341
2026-06-02 21:00:00,64,49.4,-119.9,21.358075666236573,5.3,113.19780103105383
2026-06-03 00:00:00,64,49.4,-119.9,22.40130031266473,4.7,105.28611146952424
2026-06-01 12:00:00,64,49.4,-119.9,9.425394382824162,6.2,58.43744517350981
2026-06-01 15:00:00,64,49.4,-119.9,13.450484107459623,5.8,78.01280782326582
2026-06-01 18:00:00,64,49.4,-119.9,17.884275576584418,5.7,101.94037078653119
2026-06-01 21:00:00,64,49.4,-119.9,20.483178663192756,5.5,112.65748264756016
2026-06-02 00:00:00,64,49.4,-119.9,20.735022518290094,6.7,138.92465087254362
2026-06-02 03:00:00,64,49.4,-119.9,16.24240262011095,5.3,86.08473388658804
2026-06-02 06:00:00,64,49.4,-119.9,11.034785060837761,4.0,44.139140243351044
2026-06-02 09:00:00,64,49.4,-119.9,9.579424901778848,3.7,35.44387213658174
2026-06-02 12:00:00,64,49.4,-119.9,7.430921365672047,3.6,26.75131691641937
2026-06-02 15:00:00,64,49.4,-119.9,11.536809304076428,1.8,20.76625674733757
2026-06-02 18:00:00,64,49.4,-119.9,18.704433278143846,3.8,71.07684645694661
2026-06-02 21:00:00,65,51.116,-120.116,19.164317500525613,0.9,17.247885750473053
2026-06-03 00:00:00,65,51.116,-120.116,19.280818506999857,1.1,21.208900357699843
2026-06-01 12:00:00,65,51.116,-120.116,7.660859663568246,2.6,19.91823512527744
2026-06-01 15:00:00,65,51.116,-120.116,10.960417082393171,3.1,33.97729295541883
2026-06-01 18:00:00,65,51.116,-120.116,14.157446510937076,3.2,45.30382883499865
2026-06-01 21:00:00,65,51.116,-120.116,16.042364562627235,3.6,57.75251242545804
2026-06-02 00:00:00,65,51.116,-120.116,16.24240262011095,4.5,73.09081179049929
2026-06-02 03:00:00,65,51.116,-120.116,14.518094719642033,4.2,60.97599782249654
2026-06-02 06:00:00,65,51.116,-120.116,10.218612975783309,2.6,26.568393737036605
2026-06-02 09:00:00,65,51.116,-120.116,7.627616309781733,0.8,6.102093047825387
2026-06-02 12:00:00,65,51.116,-120.116,7.144233238183595,1.4,10.001926533457032
2026-06-02 15:00:00,65,51.116,-120.116,10.688020140900916,0.9,9.619218126810825
2026-06-02 18:00:00,65,51.116,-120.116,16.4446179237068,1.0,16.4446179237068
2026-06-02 21:00:00,66,49.866,-121.416,25.601486071616836,0.7,17.921040250131785
2026-06-03 00:00:00,66,49.866,-121.416,26.844145839815518,1.2,32.21297500777862
2026-06-01 12:00:00,66,49.866,-121.416,7.76354646459977,2.5,19.408866161499425
2026-06-01 15:00:00,66,49.866,-121.416,11.321774457302968,2.9,32.83314592617861
2026-06-01 18:00:00,66,49.866,-121.416,18.2207494950843,4.0,72.8829979803372
2026-06-01 21:00:00,66,49.866,-121.416,21.63789356710513,2.9,62.749891344604876
2026-06-02 00:00:00,66,49.866,-121.416,22.57488511469202,3.4,76.75460938995286
2026-06-02 03:00:00,66,49.866,-121.416,20.110421497703484,2.9,58.320222343340106
2026-06-02 06:00:00,66,49.866,-121.416,13.63118260016023,2.6,35.4410747604166
2026-06-02 09:00:00,66,49.866,-121.416,10.350847149577586,2.1,21.73677901411293
2026-06-02 12:00:00,66,49.866,-121.416,9.579424901778847,1.9,18.20090731337981
2026-06-02 15:00:00,66,49.866,-121.416,13.717684633991148,1.9,26.063600804583178
2026-06-02 18:00:00,66,49.866,-121.416,22.169070806215704,1.8,39.904327451188266
2026-06-02 21:00:00,67,51.518,-118.462,13.92205938866653,2.9,40.37397222713293
2026-06-03 00:00:00,67,51.518,-118.462,11.892164582982486,2.7,32.108844374052715
2026-06-01 12:00:00,67,51.518,-118.462,5.073310592898181,2.0,10.146621185796363
2026-06-01 15:00:00,67,51.518,-118.462,9.034445530469796,2.5,22.58611382617449
2026-06-01 18:00:00,67,51.518,-118.462,10.894913433107812,2.4,26.14779223945875
2026-06-01 21:00:00,67,51.518,-118.462,11.907541932482626,2.3,27.38734644471004
2026-06-02 00:00:00,67,51.518,-118.462,9.860476500449188,2.1,20.707000650943296
2026-06-02 03:00:00,67,51.518,-118.462,8.849854562406389,1.3,11.504810931128306
2026-06-02 06:00:00,67,51.518,-118.462,6.141999023730111,1.9,11.669798145087212
2026-06-02 09:00:00,67,51.518,-118.462,5.715386590546876,2.0,11.430773181093752
2026-06-02 12:00:00,67,51.518,-118.462,5.457670223393068,1.7,9.278039379768215
2026-06-02 15:00:00,67,51.518,-118.462,8.298819428443355,1.9,15.767756914042375
2026-06-02 18:00:00,67,51.518,-118.462,12.444081188264596,2.3,28.621386733008567
2026-06-02 21:00:00,68,49.594,-121.1,26.216405918676713,2.0,52.43281183735343
2026-06-03 00:00:00,68,49.594,-121.1,27.48492887043207,0.3,8.24547866112962
2026-06-01 12:00:00,68,49.594,-121.1,9.23982190938683,3.5,32.3393766828539
2026-06-01 15:00:00,68,49.594,-121.1,13.278111085509366,3.6,47.80119990783372
2026-06-01 18:00:00,68,49.594,-121.1,18.67798499780928,4.5,84.05093249014176
2026-06-01 21:00:00,68,49.594,-121.1,24.789623794714103,3.8,94.20057041991359
2026-06-02 00:00:00,68,49.594,-121.1,22.71158887132119,4.2,95.38867325954901
2026-06-02 03:00:00,68,49.594,-121.1,20.234010067149274,4.6,93.07644630888666
2026-06-02 06:00:00,68,49.594,-121.1,13.63118260016023,3.6,49.07225736057683
2026-06-02 09:00:00,68,49.594,-121.1,10.350847149577586,3.0,31.052541448732757
2026-06-02 12:00:00,68,49.594,-121.1,9.517479628585347,2.6,24.745447034321902
2026-06-02 15:00:00,68,49.594,-121.1,13.804667100628865,3.9,53.83820169245257
2026-06-02 18:00:00,68,49.594,-121.1,22.71158887132119,3.0,68.13476661396356
2026-06-02 21:00:00,69,50.5,-119.55,19.753024475355517,0.7,13.82711713274886
2026-06-03 00:00:00,69,50.5,-119.55,20.23528646765196,2.1,42.49410158206912
2026-06-01 12:00:00,69,50.5,-119.55,7.919847350902997,4.1,32.47137413870229
2026-06-01 15:00:00,69,50.5,-119.55,11.248677794299908,4.8,53.99365341263956
2026-06-01 18:00:00,69,50.5,-119.55,16.28213157367248,2.7,43.9617552489157
2026-06-01 21:00:00,69,50.5,-119.55,16.042364562627235,3.3,52.939803056669874
2026-06-02 00:00:00,69,50.5,-119.55,16.24240262011095,2.8,45.47872733631066
2026-06-02 03:00:00,69,50.5,-119.55,14.609503544180804,3.4,49.67231205021473
2026-06-02 06:00:00,69,50.5,-119.55,10.218612975783309,2.7,27.590255034614934
2026-06-02 09:00:00,69,50.5,-119.55,7.67749877966264,2.1,16.122747437291544
2026-06-02 12:00:00,69,50.5,-119.55,7.191328564684139,2.1,15.101789985836692
2026-06-02 15:00:00,69,50.5,-119.55,10.894913433107812,2.1,22.879318209526406
2026-06-02 18:00:00,69,50.5,-119.55,16.959812862709306,0.7,11.871869003896514
2026-06-02 21:00:00,70,50.321,-120.632,23.688895671212414,4.9,116.07558878894083
2026-06-03 00:00:00,70,50.321,-120.632,21.614830455297756,4.4,95.10525400331014
2026-06-01 12:00:00,70,50.321,-120.632,9.117899574559225,11.6,105.767635064887
2026-06-01 15:00:00,70,50.321,-120.632,13.0231859574241,12.1,157.5805500848316
2026-06-01 18:00:00,70,50.321,-120.632,17.335553344744568,10.2,176.82264411639457
2026-06-01 21:00:00,70,50.321,-120.632,19.98749277189637,9.9,197.87617844177407
2026-06-02 00:00:00,70,50.321,-120.632,20.358261459151564,10.4,211.72591917517627
2026-06-02 03:00:00,70,50.321,-120.632,16.042364562627235,8.6,137.9643352385942
2026-06-02 06:00:00,70,50.321,-120.632,10.964653740935628,5.0,54.82326870467814
2026-06-02 09:00:00,70,50.321,-120.632,9.579424901778847,5.6,53.64477944996154
2026-06-02 12:00:00,70,50.321,-120.632,7.430921365672046,6.0,44.58552819403228
2026-06-02 15:00:00,70,50.321,-120.632,13.205800600220522,4.5,59.42610270099235
2026-06-02 18:00:00,70,50.321,-120.632,18.143144703503832,3.7,67.12963540296418
2026-06-02 21:00:00,71,49.831,-120.935,25.298764792881755,2.8,70.83654142006891
2026-06-03 00:00:00,71,49.831,-120.935,26.528659500422517,2.1,55.71018495088729
2026-06-01 12:00:00,71,49.831,-120.935,9.178682663150557,4.3,39.4683354515474
2026-06-01 15:00:00,71,49.831,-120.935,13.19265378243406,5.5,72.55959580338734
2026-06-01 18:00:00,71,49.831,-120.935,18.10798165890801,5.0,90.53990829454006
2026-06-01 21:00:00,71,49.831,-120.935,21.246832688600925,5.3,112.60821324958489
2026-06-02 00:00:00,71,49.831,-120.935,21.902077143457845,5.6,122.65163200336393
2026-06-02 03:00:00,71,49.831,-120.935,17.064527458165013,5.5,93.85490101990757
2026-06-02 06:00:00,71,49.831,-120.935,13.289933995384935,2.7,35.88282178753933
2026-06-02 09:00:00,71,49.831,-120.935,9.958583314132024,0.8,7.96686665130562
2026-06-02 12:00:00,71,49.831,-120.935,9.273201014321446,2.5,23.183002535803613
2026-06-02 15:00:00,71,49.831,-120.935,13.374536675935296,1.6,21.399258681496477
2026-06-02 18:00:00,71,49.831,-120.935,21.902077143457845,3.0,65.70623143037353
2026-06-02 21:00:00,72,59.816,-130.016,15.263590930856584,5.6,85.47610921279686
2026-06-03 00:00:00,72,59.816,-130.016,13.750598196537627,5.8,79.75346953991823
2026-06-01 12:00:00,72,59.816,-130.016,2.923977056545345,4.9,14.327487577072192
2026-06-01 15:00:00,72,59.816,-130.016,4.970785551087824,1.9,9.444492547066865
2026-06-01 18:00:00,72,59.816,-130.016,8.405483574120792,2.3,19.33261222047782
2026-06-01 21:00:00,72,59.816,-130.016,11.693547029993217,1.4,16.370965841990504
2026-06-02 00:00:00,72,59.816,-130.016,12.549364881973395,0.4,5.019745952789358
2026-06-02 03:00:00,72,59.816,-130.016,9.958583314132024,2.1,20.91302495967725
2026-06-02 06:00:00,72,59.816,-130.016,4.873869615052589,3.9,19.0080914987051
2026-06-02 09:00:00,72,59.816,-130.016,2.9620609626472723,4.9,14.514098716971635
2026-06-02 12:00:00,72,59.816,-130.016,3.6102917531920395,4.7,16.968371240002586
2026-06-02 15:00:00,72,59.816,-130.016,6.299474896079788,0.7,4.409632427255851
2026-06-02 18:00:00,72,59.816,-130.016,10.964653740935628,4.3,47.148011086023196
2026-06-02 21:00:00,73,50.92,-118.8,17.922781330293663,1.3,23.299615729381763
2026-06-03 00:00:00,73,50.92,-118.8,17.922781330293663,2.2,39.43011892664606
2026-06-01 12:00:00,73,50.92,-118.8,6.469622053833142,1.7,10.998357491516341
2026-06-01 15:00:00,73,50.92,-118.8,9.273201014321447,1.1,10.200521115753594
2026-06-01 18:00:00,73,50.92,-118.8,13.374536675935296,2.5,33.436341689838244
2026-06-01 21:00:00,73,50.92,-118.8,14.70141572627621,3.3,48.51467189671149
2026-06-02 00:00:00,73,50.92,-118.8,14.793833605219511,3.6,53.25780097879024
2026-06-02 03:00:00,73,50.92,-118.8,11.391371996044228,3.1,35.31325318773711
2026-06-02 06:00:00,73,50.92,-118.8,8.03476985307136,1.8,14.462585735528448
2026-06-02 09:00:00,73,50.92,-118.8,5.8674044986847225,1.9,11.148068547500973
2026-06-02 12:00:00,73,50.92,-118.8,5.5668411950694665,2.3,12.803734748659773
2026-06-02 15:00:00,73,50.92,-118.8,8.625705957981326,1.3,11.213417745375725
2026-06-02 18:00:00,73,50.92,-118.8,13.413206682438313,1.6,21.461130691901303
2026-06-02 21:00:00,74,49.906,-120.013,20.977927243218474,4.2,88.1072944215176
2026-06-03 00:00:00,74,49.906,-120.013,21.874270462921466,6.3,137.80790391640522
2026-06-01 12:00:00,74,49.906,-120.013,9.425394382824162,10.1,95.19648326652404
2026-06-01 15:00:00,74,49.906,-120.013,13.364053748563677,12.3,164.37786110733325
2026-06-01 18:00:00,74,49.906,-120.013,17.55324868451228,10.0,175.5324868451228
2026-06-01 21:00:00,74,49.906,-120.013,19.98749277189637,10.2,203.87242627334297
2026-06-02 00:00:00,74,49.906,-120.013,20.234010067149274,9.4,190.1996946312032
2026-06-02 03:00:00,74,49.906,-120.013,15.943155808198764,7.2,114.7907218190311
2026-06-02 06:00:00,74,49.906,-120.013,10.894913433107812,4.7,51.206093135606714
2026-06-02 09:00:00,74,49.906,-120.013,7.982854084815708,4.6,36.72112879015226
2026-06-02 12:00:00,74,49.906,-120.013,7.382449488411438,5.0,36.912247442057186
2026-06-02 15:00:00,74,49.906,-120.013,11.391371996044228,4.8,54.67858558101229
2026-06-02 18:00:00,74,49.906,-120.013,18.36587004045995,3.4,62.443958137563826
2026-06-02 21:00:00,75,50.872,-119.571,18.933156871216987,1.4,26.50641961970378
2026-06-03 00:00:00,75,50.872,-119.571,19.397936955438745,2.5,48.494842388596865
2026-06-01 12:00:00,75,50.872,-119.571,6.4267105745648765,2.6,16.70944749386868
2026-06-01 15:00:00,75,50.872,-119.571,9.39464321347986,2.3,21.607679391003675
2026-06-01 18:00:00,75,50.872,-119.571,13.892132254563066,3.6,50.01167611642704
2026-06-01 21:00:00,75,50.872,-119.571,15.648741129511365,4.3,67.28958685689886
2026-06-02 00:00:00,75,50.872,-119.571,15.74634653993905,4.0,62.9853861597562
2026-06-02 03:00:00,75,50.872,-119.571,12.13495415223178,3.2,38.8318532871417
2026-06-02 06:00:00,75,50.872,-119.571,8.352533592852298,1.4,11.693547029993217
2026-06-02 09:00:00,75,50.872,-119.571,7.528704608724831,1.4,10.540186452214762
2026-06-02 12:00:00,75,50.872,-119.571,7.097409195175022,1.4,9.93637287324503
2026-06-02 15:00:00,75,50.872,-119.571,10.619825474887666,0.9,9.5578429273989
2026-06-02 18:00:00,75,50.872,-119.571,16.34323687308312,1.1,17.977560560391435
2026-06-02 21:00:00,76,50.926,-118.444,14.807702241147561,3.3,48.86541739578695
2026-06-03 00:00:00,76,50.926,-118.444,15.362383997394565,2.8,43.01467519270478
2026-06-01 12:00:00,76,50.926,-118.444,6.469622053833142,2.1,13.586206313049598
2026-06-01 15:00:00,76,50.926,-118.444,7.627616309781733,2.1,16.01799425054164
2026-06-01 18:00:00,76,50.926,-118.444,12.956194121937763,1.9,24.61676883168175
2026-06-01 21:00:00,76,50.926,-118.444,14.24686512696342,3.1,44.1652818935866
2026-06-02 00:00:00,76,50.926,-118.444,12.211598680254358,2.9,35.41363617273764
2026-06-02 03:00:00,76,50.926,-118.444,9.1956542173648,2.4,22.06957012167552
2026-06-02 06:00:00,76,50.926,-118.444,7.828869344566551,2.7,21.13794723032969
2026-06-02 09:00:00,76,50.926,-118.444,5.753062851747313,2.9,16.683882270067205
2026-06-02 12:00:00,76,50.926,-118.444,5.530239470112068,3.0,16.590718410336205
2026-06-02 15:00:00,76,50.926,-118.444,8.515510813152757,3.1,26.398083520773547
2026-06-02 18:00:00,76,50.926,-118.444,13.083077940734213,3.1,40.55754161627606
2026-06-02 21:00:00,100244,51.67,-120.65,19.04843119807068,7.2,137.1487046261089
2026-06-03 00:00:00,100244,51.67,-120.65,19.048431198070684,8.1,154.29229270437253
2026-06-01 12:00:00,100244,51.67,-120.65,8.64424583012206,2.8,24.203888324341765
2026-06-01 15:00:00,100244,51.67,-120.65,10.889373460658879,6.3,68.60305280215094
2026-06-01 18:00:00,100244,51.67,-120.65,16.28213157367248,10.8,175.8470209956628
2026-06-01 21:00:00,100244,51.67,-120.65,18.67798499780928,9.9,184.91205147831187
2026-06-02 00:00:00,100244,51.67,-120.65,16.54654826930277,11.1,183.66668578926075
2026-06-02 03:00:00,100244,51.67,-120.65,14.70141572627621,10.0,147.0141572627621
2026-06-02 06:00:00,100244,51.67,-120.65,10.284543639261024,7.0,71.99180547482717
2026-06-02 09:00:00,100244,51.67,-120.65,9.212998535595169,7.9,72.78268843120183
2026-06-02 12:00:00,100244,51.67,-120.65,7.144233238183595,6.7,47.86636269583009
2026-06-02 15:00:00,100244,51.67,-120.65,10.688020140900916,8.0,85.50416112720733
2026-06-02 18:00:00,100244,51.67,-120.65,16.24240262011095,7.4,120.19377938882104
2026-06-02 21:00:00,78,50.0,-124.0,19.872640262406044,4.1,81.47782507586477
2026-06-03 00:00:00,78,50.0,-124.0,21.874270462921466,5.3,115.93363345348376
2026-06-01 12:00:00,78,50.0,-124.0,6.777125774360459,3.7,25.0753653651337
2026-06-01 15:00:00,78,50.0,-124.0,8.917105638806456,4.3,38.34355424686776
2026-06-01 18:00:00,78,50.0,-124.0,14.33677782892741,4.0,57.34711131570964
2026-06-01 21:00:00,78,50.0,-124.0,19.743602988196756,4.3,84.89749284924605
2026-06-02 00:00:00,78,50.0,-124.0,22.57488511469202,2.6,58.694701298199256
2026-06-02 03:00:00,78,50.0,-124.0,18.704433278143846,1.5,28.05664991721577
2026-06-02 06:00:00,78,50.0,-124.0,15.648741129511365,3.3,51.6408457273875
2026-06-02 09:00:00,78,50.0,-124.0,14.068519684223663,4.3,60.49463464216175
2026-06-02 12:00:00,78,50.0,-124.0,11.176228162096454,4.5,50.29302672943404
2026-06-02 15:00:00,78,50.0,-124.0,13.545158753009822,4.2,56.889666762641255
2026-06-02 18:00:00,78,50.0,-124.0,17.27565261467216,2.8,48.37182732108205
2026-06-02 21:00:00,79,50.397,-68.494,14.793833605219513,14.7,217.46935399672682
2026-06-03 00:00:00,79,50.397,-68.494,14.70141572627621,11.3,166.12599770692117
2026-06-01 12:00:00,79,50.397,-68.494,3.754535067940985,10.9,40.92443224055674
2026-06-01 15:00:00,79,50.397,-68.494,11.769173594027173,12.3,144.76083520653424
2026-06-01 18:00:00,79,50.397,-68.494,14.90163754946194,18.5,275.6802946650459
2026-06-01 21:00:00,79,50.397,-68.494,14.996724898074595,18.6,278.9390831041875
2026-06-02 00:00:00,79,50.397,-68.494,13.0231859574241,16.4,213.58024970175524
2026-06-02 03:00:00,79,50.397,-68.494,9.550922890937871,17.1,163.32078143503762
2026-06-02 06:00:00,79,50.397,-68.494,7.16514411469218,13.9,99.59550319422131
2026-06-02 09:00:00,79,50.397,-68.494,6.652679671519937,14.6,97.12912320419109
2026-06-02 12:00:00,79,50.397,-68.494,8.1865053350896,16.0,130.9840853614336
2026-06-02 15:00:00,79,50.397,-68.494,11.769173594027173,16.6,195.3682816608511
2026-06-02 18:00:00,79,50.397,-68.494,13.717684633991146,13.5,185.18874255888048
2026-06-02 21:00:00,80,51.7,-76.117,13.247242783583724,21.7,287.4651684037668
2026-06-03 00:00:00,80,51.7,-76.117,10.1763322335453,18.9,192.33267921400616
2026-06-01 12:00:00,80,51.7,-76.117,5.891218890872814,17.5,103.09633059027425
2026-06-01 15:00:00,80,51.7,-76.117,12.87391590431072,23.0,296.1000657991466
2026-06-01 18:00:00,80,51.7,-76.117,15.074144945137434,23.0,346.70533373816096
2026-06-01 21:00:00,80,51.7,-76.117,15.551665285223091,21.5,334.36080363229644
2026-06-02 00:00:00,80,51.7,-76.117,13.45961085475583,29.4,395.7125591298214
2026-06-02 03:00:00,80,51.7,-76.117,10.552012652331369,28.1,296.5115555305115
2026-06-02 06:00:00,80,51.7,-76.117,7.0974091951750236,31.9,226.40735332608324
2026-06-02 09:00:00,80,51.7,-76.117,6.341638241122728,29.4,186.44416428900817
2026-06-02 12:00:00,80,51.7,-76.117,5.141368459651903,18.3,94.08704281162983
2026-06-02 15:00:00,80,51.7,-76.117,8.906683450750764,23.3,207.5257244024928
2026-06-02 18:00:00,80,51.7,-76.117,12.60121347966532,23.5,296.128516772135
2026-06-02 21:00:00,6008,45.07,-77.88,18.793849055664914,14.3,268.7520414960083
2026-06-03 00:00:00,6008,45.07,-77.88,16.546548269302768,17.0,281.29132057814707
2026-06-01 12:00:00,6008,45.07,-77.88,7.57801871382647,13.5,102.30325263665735
2026-06-01 15:00:00,6008,45.07,-77.88,9.860476500449188,14.3,141.0048139564234
2026-06-01 18:00:00,6008,45.07,-77.88,13.247242783583722,14.4,190.7602960836056
2026-06-01 21:00:00,6008,45.07,-77.88,16.4446179237068,10.4,171.02402640655075
2026-06-02 00:00:00,6008,45.07,-77.88,10.70013989558779,5.5,58.85076942573285
2026-06-02 03:00:00,6008,45.07,-77.88,8.849854562406389,6.2,54.86909828691961
2026-06-02 06:00:00,6008,45.07,-77.88,9.894490336825545,20.7,204.81594997228876
2026-06-02 09:00:00,6008,45.07,-77.88,8.573079885820313,25.0,214.32699714550782
2026-06-02 12:00:00,6008,45.07,-77.88,9.455886298746178,18.7,176.8250737865535
2026-06-02 15:00:00,6008,45.07,-77.88,15.359092598948244,14.7,225.7786612045392
2026-06-02 18:00:00,6008,45.07,-77.88,19.98749277189637,15.8,315.80238579596266
2026-06-02 21:00:00,82,42.4,-82.19,18.59097860252581,10.2,189.62798174576324
2026-06-03 00:00:00,82,42.4,-82.19,17.773331754540674,30.9,549.1959512153068
2026-06-01 12:00:00,82,42.4,-82.19,12.87391590431072,21.4,275.5018003522494
2026-06-01 15:00:00,82,42.4,-82.19,11.039368986319772,9.1,100.45825777550992
2026-06-01 18:00:00,82,42.4,-82.19,12.920695667260656,18.1,233.86459157741788
2026-06-01 21:00:00,82,42.4,-82.19,14.447708729158037,20.0,288.95417458316075
2026-06-02 00:00:00,82,42.4,-82.19,12.840167874705351,21.4,274.77959251869447
2026-06-02 03:00:00,82,42.4,-82.19,13.205800600220522,14.9,196.76642894328577
2026-06-02 06:00:00,82,42.4,-82.19,11.319257657331878,22.1,250.15559422703453
2026-06-02 09:00:00,82,42.4,-82.19,10.825562289763354,25.4,274.9692821599892
2026-06-02 12:00:00,82,42.4,-82.19,10.688020140900917,20.7,221.242016916649
2026-06-02 15:00:00,82,42.4,-82.19,13.4968684628049,15.4,207.85177432719544
2026-06-02 18:00:00,82,42.4,-82.19,18.933156871216994,13.8,261.27756482279455
2026-06-02 21:00:00,83,47.65,-80.77,22.98716395216969,10.7,245.96265428821567
2026-06-03 00:00:00,83,47.65,-80.77,20.608764679343906,9.9,204.02677032550469
2026-06-01 12:00:00,83,47.65,-80.77,5.677927356140016,11.9,67.56733553806619
2026-06-01 15:00:00,83,47.65,-80.77,12.680428804473866,12.4,157.23731717547594
2026-06-01 18:00:00,83,47.65,-80.77,17.59661881049055,16.8,295.62319601624125
2026-06-01 21:00:00,83,47.65,-80.77,20.735022518290094,19.2,398.1124323511698
2026-06-02 00:00:00,83,47.65,-80.77,17.9958246170732,19.7,354.517744956342
2026-06-02 03:00:00,83,47.65,-80.77,12.956194121937763,24.9,322.6092336362503
2026-06-02 06:00:00,83,47.65,-80.77,8.975607140139807,25.5,228.87798207356508
2026-06-02 09:00:00,83,47.65,-80.77,6.687982845160441,19.2,128.40927062708047
2026-06-02 12:00:00,83,47.65,-80.77,7.479672616783173,10.6,79.28452973790164
2026-06-02 15:00:00,83,47.65,-80.77,16.042364562627235,10.4,166.84059145132323
2026-06-02 18:00:00,83,47.65,-80.77,18.933156871216987,12.0,227.19788245460384
2026-06-02 21:00:00,71632,56.85,-101.067,10.370067656887164,30.7,318.36107706643594
2026-06-03 00:00:00,71632,56.85,-101.067,7.642592386248738,36.5,278.95462209807897
2026-06-01 12:00:00,71632,56.85,-101.067,17.59661881049055,26.0,457.5120890727543
2026-06-01 15:00:00,71632,56.85,-101.067,19.753024475355517,22.4,442.4677482479635
2026-06-01 18:00:00,71632,56.85,-101.067,23.2125770628697,21.2,492.10663373283757
2026-06-01 21:00:00,71632,56.85,-101.067,24.47743510470179,19.4,474.8622410312147
2026-06-02 00:00:00,71632,56.85,-101.067,26.25693412283291,14.3,375.4741579565106
2026-06-02 03:00:00,71632,56.85,-101.067,20.98065866117296,20.4,428.00543668792835
2026-06-02 06:00:00,71632,56.85,-101.067,13.52368347944071,10.6,143.3510448820715
2026-06-02 09:00:00,71632,56.85,-101.067,5.73194428968656,31.2,178.83666183822066
2026-06-02 12:00:00,71632,56.85,-101.067,5.0765266901319315,31.3,158.89528540112946
2026-06-02 15:00:00,71632,56.85,-101.067,7.450818774730969,29.1,216.8188263446712
2026-06-02 18:00:00,71632,56.85,-101.067,8.40080898644355,29.5,247.82386510008473
2026-06-02 21:00:00,85,48.431,-69.368,14.157446510937078,11.2,158.56340092249525
2026-06-03 00:00:00,85,48.431,-69.368,11.68387080013734,26.1,304.9490278835846
2026-06-01 12:00:00,85,48.431,-69.368,6.5998727924191645,10.0,65.99872792419164
2026-06-01 15:00:00,85,48.431,-69.368,7.879905248955149,17.1,134.74637975713307
2026-06-01 18:00:00,85,48.431,-69.368,8.906683450750764,23.4,208.41639274756787
2026-06-01 21:00:00,85,48.431,-69.368,9.894490336825545,18.1,179.09027509654237
2026-06-02 00:00:00,85,48.431,-69.368,8.352533592852296,23.4,195.44928607274372
2026-06-02 03:00:00,85,48.431,-69.368,10.023040311422756,37.9,379.87322780292243
2026-06-02 06:00:00,85,48.431,-69.368,11.967476186853077,39.4,471.5185617620112
2026-06-02 09:00:00,85,48.431,-69.368,9.550922890937871,45.9,438.38736069404825
2026-06-02 12:00:00,85,48.431,-69.368,8.975607140139807,31.5,282.73162491440394
2026-06-02 15:00:00,85,48.431,-69.368,10.153053380263863,12.1,122.85194590119274
2026-06-02 18:00:00,85,48.431,-69.368,11.998634245804531,8.5,101.98839108933852
2026-06-02 21:00:00,86,51.035,-72.343,13.001665008558426,19.3,250.93213466517764
2026-06-03 00:00:00,86,51.035,-72.343,9.553240482810928,16.6,158.5837920146614
2026-06-01 12:00:00,86,51.035,-72.343,7.609965889347271,13.1,99.69055315044925
2026-06-01 15:00:00,86,51.035,-72.343,12.232009836923513,16.9,206.72096624400737
2026-06-01 18:00:00,86,51.035,-72.343,15.876722576643502,23.2,368.33996377812923
2026-06-01 21:00:00,86,51.035,-72.343,15.977236981334832,26.2,418.6036089109726
2026-06-02 00:00:00,86,51.035,-72.343,11.845228943641171,21.3,252.30337649955695
2026-06-02 03:00:00,86,51.035,-72.343,6.469622053833142,9.4,60.81444730603153
2026-06-02 06:00:00,86,51.035,-72.343,5.506445615437683,6.4,35.24125193880118
2026-06-02 09:00:00,86,51.035,-72.343,4.0592650360373135,4.3,17.45483965496045
2026-06-02 12:00:00,86,51.035,-72.343,6.958551493836831,12.6,87.67774882234407
2026-06-02 15:00:00,86,51.035,-72.343,11.176228162096454,19.5,217.93644916088084
2026-06-02 18:00:00,86,51.035,-72.343,12.76007959619942,21.1,269.23767947980775
2026-06-02 21:00:00,87,50.64,-117.05,11.108332346587924,1.0,11.108332346587924
2026-06-03 00:00:00,87,50.64,-117.05,11.458831830448025,1.8,20.625897294806446
2026-06-01 12:00:00,87,50.64,-117.05,6.512785410399447,2.0,13.025570820798894
2026-06-01 15:00:00,87,50.64,-117.05,7.334255623355902,1.9,13.935085684376213
2026-06-01 18:00:00,87,50.64,-117.05,6.639055542754683,1.6,10.622488868407494
2026-06-01 21:00:00,87,50.64,-117.05,8.906683450750764,1.8,16.032030211351376
2026-06-02 00:00:00,87,50.64,-117.05,8.963832058552425,2.1,18.824047322960094
2026-06-02 03:00:00,87,50.64,-117.05,8.298819428443355,2.0,16.59763885688671
2026-06-02 06:00:00,87,50.64,-117.05,7.430921365672046,2.1,15.604934867911297
2026-06-02 09:00:00,87,50.64,-117.05,7.004569645100662,2.0,14.009139290201324
2026-06-02 12:00:00,87,50.64,-117.05,5.4217006194883695,2.0,10.843401238976739
2026-06-02 15:00:00,87,50.64,-117.05,8.192299695256745,1.7,13.926909481936466
2026-06-02 18:00:00,87,50.64,-117.05,10.04894263158833,1.4,14.068519684223661
2026-06-02 21:00:00,88,49.165,-123.936,20.480244384683644,8.1,165.8899795159375
2026-06-03 00:00:00,88,49.165,-123.936,22.98716395216969,12.2,280.4434002164702
2026-06-01 12:00:00,88,49.165,-123.936,7.727667511934538,34.7,268.1500626641285
2026-06-01 15:00:00,88,49.165,-123.936,7.778123900470627,28.6,222.45434355345995
2026-06-01 18:00:00,88,49.165,-123.936,11.319257657331875,23.7,268.2664064787654
2026-06-01 21:00:00,88,49.165,-123.936,16.546548269302768,19.7,325.9670009052645
2026-06-02 00:00:00,88,49.165,-123.936,22.169070806215704,18.4,407.9109028343689
2026-06-02 03:00:00,88,49.165,-123.936,25.243762085686022,21.4,540.2165086336809
2026-06-02 06:00:00,88,49.165,-123.936,25.243762085686022,21.3,537.6921324251123
2026-06-02 09:00:00,88,49.165,-123.936,16.142112676431733,32.5,524.6186619840313
2026-06-02 12:00:00,88,49.165,-123.936,12.211598680254358,27.5,335.81896370699485
2026-06-02 15:00:00,88,49.165,-123.936,12.366160218809535,22.4,277.00198890133356
2026-06-02 18:00:00,88,49.165,-123.936,17.81347877675762,10.1,179.91613564525196
2026-06-02 21:00:00,71638,49.474,-123.754,19.164317500525613,5.5,105.40374625289087
2026-06-03 00:00:00,71638,49.474,-123.754,23.265650478026394,4.5,104.69542715111878
2026-06-01 12:00:00,71638,49.474,-123.754,7.382449488411438,3.9,28.791553004804605
2026-06-01 15:00:00,71638,49.474,-123.754,8.46102612686019,9.6,81.22585081785782
2026-06-01 18:00:00,71638,49.474,-123.754,7.778123900470626,15.5,120.5609204572947
2026-06-01 21:00:00,71638,49.474,-123.754,12.4440811882646,15.4,191.63885029927482
2026-06-02 00:00:00,71638,49.474,-123.754,16.959812862709306,15.6,264.57308065826516
2026-06-02 03:00:00,71638,49.474,-123.754,17.06452745816501,9.9,168.9388218358336
2026-06-02 06:00:00,71638,49.474,-123.754,17.38206830618024,8.7,151.22399426376808
2026-06-02 09:00:00,71638,49.474,-123.754,16.546548269302768,8.1,134.02704098135243
2026-06-02 12:00:00,71638,49.474,-123.754,14.427186921944461,7.0,100.99030845361122
2026-06-02 15:00:00,71638,49.474,-123.754,14.246865126963419,3.1,44.1652818935866
2026-06-02 18:00:00,71638,49.474,-123.754,12.760079596199418,6.8,86.76854125415603
2026-06-02 21:00:00,71111,53.243,-131.82,11.463888579373112,27.0,309.52499164307403
2026-06-03 00:00:00,71111,53.243,-131.82,14.068519684223666,25.8,362.9678078529706
2026-06-01 12:00:00,71111,53.243,-131.82,6.743378406385046,17.6,118.68345995237682
2026-06-01 15:00:00,71111,53.243,-131.82,5.812423507323476,19.4,112.76101604207541
2026-06-01 18:00:00,71111,53.243,-131.82,7.559369875295744,22.4,169.32988520662465
2026-06-01 21:00:00,71111,53.243,-131.82,8.240774240897856,20.7,170.5840267865856
2026-06-02 00:00:00,71111,53.243,-131.82,7.67749877966264,19.0,145.87247681359017
2026-06-02 03:00:00,71111,53.243,-131.82,9.579424901778848,19.3,184.88290060433178
2026-06-02 06:00:00,71111,53.243,-131.82,11.693547029993216,17.1,199.959654212884
2026-06-02 09:00:00,71111,53.243,-131.82,12.153779507804826,19.5,236.99870040219412
2026-06-02 12:00:00,71111,53.243,-131.82,10.619825474887666,19.9,211.33452695026455
2026-06-02 15:00:00,71111,53.243,-131.82,10.284543639261024,16.1,165.5811525921025
2026-06-02 18:00:00,71111,53.243,-131.82,8.352533592852296,25.9,216.33062005487446
2026-06-02 21:00:00,71687,50.133,-122.95,24.26365477380362,4.6,111.61281195949664
2026-06-03 00:00:00,71687,50.133,-122.95,25.601486071616836,5.5,140.8081733938926
2026-06-01 12:00:00,71687,50.133,-122.95,7.867442282700477,2.6,20.45534993502124
2026-06-01 15:00:00,71687,50.133,-122.95,10.818734516708355,2.9,31.37433009845423
2026-06-01 18:00:00,71687,50.133,-122.95,19.0206432067108,4.6,87.49495875086969
2026-06-01 21:00:00,71687,50.133,-122.95,23.469699601524272,3.6,84.49091856548738
2026-06-02 00:00:00,71687,50.133,-122.95,25.55053748023634,2.7,68.98645119663813
2026-06-02 03:00:00,71687,50.133,-122.95,23.613261480591362,3.9,92.09171977430631
2026-06-02 06:00:00,71687,50.133,-122.95,16.90723840596516,2.9,49.03099137729896
2026-06-02 09:00:00,71687,50.133,-122.95,13.205800600220524,1.2,15.846960720264628
2026-06-02 12:00:00,71687,50.133,-122.95,12.23200983692351,2.0,24.46401967384702
2026-06-02 15:00:00,71687,50.133,-122.95,13.717684633991146,2.6,35.66598004837698
2026-06-02 18:00:00,71687,50.133,-122.95,20.86195520135491,4.3,89.70640736582611
2026-06-02 21:00:00,71457,50.55,-111.85,5.9162859002695125,27.0,159.73971930727683
2026-06-03 00:00:00,71457,50.55,-111.85,5.841935400068671,27.0,157.7322558018541
2026-06-01 12:00:00,71457,50.55,-111.85,2.9918690467132656,31.0,92.74794044811124
2026-06-01 15:00:00,71457,50.55,-111.85,3.1315477378266223,28.9,90.50172962318938
2026-06-01 18:00:00,71457,50.55,-111.85,3.4725084308013763,31.4,109.03676472716322
2026-06-01 21:00:00,71457,50.55,-111.85,3.6782616869459197,30.9,113.65828612662891
2026-06-02 00:00:00,71457,50.55,-111.85,3.6316378110359366,32.2,116.93873751535718
2026-06-02 03:00:00,71457,50.55,-111.85,3.4062043252611005,31.1,105.93295451562022
2026-06-02 06:00:00,71457,50.55,-111.85,3.255796489356026,27.4,89.2088238083551
2026-06-02 09:00:00,71457,50.55,-111.85,1.7763568394002505e-15,22.2,3.943512183468556e-14
2026-06-02 12:00:00,71457,50.55,-111.85,3.111249560188254,27.9,86.80386272925229
2026-06-02 15:00:00,71457,50.55,-111.85,3.3843511267546234,26.9,91.03904530969936
2026-06-02 18:00:00,71457,50.55,-111.85,3.725409387365481,25.6,95.37048031655632
2026-06-02 21:00:00,71312,53.333,-104.0,14.628745989059741,19.6,286.72342138557093
2026-06-03 00:00:00,71312,53.333,-104.0,7.634348047181842,17.6,134.36452563040044
2026-06-01 12:00:00,71312,53.333,-104.0,16.931163836019017,29.9,506.2417986969686
2026-06-01 15:00:00,71312,53.333,-104.0,24.766519907098427,29.5,730.6123372594036
2026-06-01 18:00:00,71312,53.333,-104.0,28.14783371501998,31.4,883.8419786516274
2026-06-01 21:00:00,71312,53.333,-104.0,35.867133257695755,36.6,1312.7370772316647
2026-06-02 00:00:00,71312,53.333,-104.0,32.918718289173,36.5,1201.5332175548144
2026-06-02 03:00:00,71312,53.333,-104.0,7.871087160197121,23.7,186.54476569667176
2026-06-02 06:00:00,71312,53.333,-104.0,6.541538970367107,27.8,181.85478337620557
2026-06-02 09:00:00,71312,53.333,-104.0,9.798346167136534,26.2,256.7166695789772
2026-06-02 12:00:00,71312,53.333,-104.0,9.43271471444323,11.8,111.30603363043012
2026-06-02 15:00:00,71312,53.333,-104.0,14.008488748356957,20.7,289.975717090989
2026-06-02 18:00:00,71312,53.333,-104.0,13.688798214661155,24.8,339.48219572359665
2026-06-02 21:00:00,94,51.091,-121.586,23.688895671212414,6.1,144.5022635943957
2026-06-03 00:00:00,94,51.091,-121.586,21.103982750523244,5.1,107.63031202766854
2026-06-01 12:00:00,94,51.091,-121.586,8.760581825195633,8.0,70.08465460156506
2026-06-01 15:00:00,94,51.091,-121.586,10.960417082393171,9.9,108.5081291156924
2026-06-01 18:00:00,94,51.091,-121.586,17.013439461599226,9.3,158.22498699287283
2026-06-01 21:00:00,94,51.091,-121.586,19.98749277189637,10.1,201.87367699615334
2026-06-02 00:00:00,94,51.091,-121.586,20.608764679343906,8.6,177.23537624235757
2026-06-02 03:00:00,94,51.091,-121.586,16.142112676431733,6.8,109.76636619973578
2026-06-02 06:00:00,94,51.091,-121.586,10.894913433107812,4.7,51.206093135606714
2026-06-02 09:00:00,94,51.091,-121.586,9.579424901778847,5.4,51.72889446960578
2026-06-02 12:00:00,94,51.091,-121.586,8.858939386093725,6.0,53.153636316562356
2026-06-02 15:00:00,94,51.091,-121.586,12.956194121937763,6.8,88.10212002917679
2026-06-02 18:00:00,94,51.091,-121.586,17.382068306180244,7.0,121.67447814326171
2026-06-02 21:00:00,71400,48.967,-56.067,3.6554022112894415,14.7,53.734412505954786
2026-06-03 00:00:00,71400,48.967,-56.067,2.0717062206712935,24.7,51.17114365058095
2026-06-01 12:00:00,71400,48.967,-56.067,2.37066970650757,39.6,93.87852037769979
2026-06-01 15:00:00,71400,48.967,-56.067,2.5609672858652157,40.4,103.46307834895471
2026-06-01 18:00:00,71400,48.967,-56.067,3.462640684454546,39.2,135.7355148306182
2026-06-01 21:00:00,71400,48.967,-56.067,3.462640684454546,34.9,120.84615988746364
2026-06-02 00:00:00,71400,48.967,-56.067,2.177429449440063,32.2,70.11322827197003
2026-06-02 03:00:00,71400,48.967,-56.067,2.041782144107702,30.3,61.86599896646338
2026-06-02 06:00:00,71400,48.967,-56.067,1.8861875053105868,29.6,55.83115015719337
2026-06-02 09:00:00,71400,48.967,-56.067,1.859054982863011,27.7,51.495823025305405
2026-06-02 12:00:00,71400,48.967,-56.067,3.228382776970834,13.1,42.29181437831793
2026-06-02 15:00:00,71400,48.967,-56.067,4.936768271078787,8.1,39.98782299573817
2026-06-02 18:00:00,71400,48.967,-56.067,5.812423507323477,4.5,26.15590578295565
2026-06-02 21:00:00,7248,47.417,-72.783,18.47812508366831,22.7,419.4534393992706
2026-06-03 00:00:00,7248,47.417,-72.783,17.06452745816501,25.6,436.8519029290243
2026-06-01 12:00:00,7248,47.417,-72.783,2.6575197395998096,7.9,20.994405942838497
2026-06-01 15:00:00,7248,47.417,-72.783,9.195654217364803,11.6,106.66958892143171
2026-06-01 18:00:00,7248,47.417,-72.783,13.496868462804903,12.6,170.06054263134178
2026-06-01 21:00:00,7248,47.417,-72.783,11.039368986319767,11.5,126.95274334267732
2026-06-02 00:00:00,7248,47.417,-72.783,14.427186921944461,18.6,268.345676748167
2026-06-02 03:00:00,7248,47.417,-72.783,11.92171513841386,33.7,401.76180016454714
2026-06-02 06:00:00,7248,47.417,-72.783,9.806397503140925,28.8,282.42424809045866
2026-06-02 09:00:00,7248,47.417,-72.783,7.609965889347271,24.4,185.6831677000734
2026-06-02 12:00:00,7248,47.417,-72.783,8.917105638806456,24.0,214.01053533135496
2026-06-02 15:00:00,7248,47.417,-72.783,13.54515875300982,21.5,291.22091318971115
2026-06-02 18:00:00,7248,47.417,-72.783,16.34323687308312,20.8,339.93932696012894
2026-06-02 21:00:00,71522,49.883,-71.25,17.38206830618024,17.9,311.1390226806263
2026-06-03 00:00:00,71522,49.883,-71.25,12.601213479665324,21.3,268.4058471168714
2026-06-01 12:00:00,71522,49.883,-71.25,5.210228328319558,12.3,64.08580843833057
2026-06-01 15:00:00,71522,49.883,-71.25,11.034785060837761,12.0,132.41742073005312
2026-06-01 18:00:00,71522,49.883,-71.25,15.776762400718702,13.1,206.675587449415
2026-06-01 21:00:00,71522,49.883,-71.25,17.227594223014208,20.2,347.997403304887
2026-06-02 00:00:00,71522,49.883,-71.25,12.549364881973395,23.9,299.9298206791641
2026-06-02 03:00:00,71522,49.883,-71.25,9.936372873245032,23.4,232.51112523393374
2026-06-02 06:00:00,71522,49.883,-71.25,6.092337018815737,20.5,124.8929088857226
2026-06-02 09:00:00,71522,49.883,-71.25,5.581578140954972,15.7,87.63077681299305
2026-06-02 12:00:00,71522,49.883,-71.25,7.097409195175022,14.1,100.0734696519678
2026-06-02 15:00:00,71522,49.883,-71.25,11.536809304076428,14.8,170.74477770033113
2026-06-02 18:00:00,71522,49.883,-71.25,16.546548269302768,17.4,287.90993988586814
2026-06-02 21:00:00,71443,52.117,-101.233,23.35024722757093,24.2,565.0759829072165
2026-06-03 00:00:00,71443,52.117,-101.233,5.152191169835977,16.8,86.55681165324441
2026-06-01 12:00:00,71443,52.117,-101.233,12.959389073931309,24.1,312.32127668174456
2026-06-01 15:00:00,71443,52.117,-101.233,19.087300045188382,31.6,603.1586814279528
2026-06-01 18:00:00,71443,52.117,-101.233,19.779097766868134,36.8,727.8707978207473
2026-06-01 21:00:00,71443,52.117,-101.233,24.191290407150042,35.1,849.1142932909665
2026-06-02 00:00:00,71443,52.117,-101.233,8.777247593435849,16.2,142.19141101366074
2026-06-02 03:00:00,71443,52.117,-101.233,9.691321635833889,17.3,167.65986429992628
2026-06-02 06:00:00,71443,52.117,-101.233,10.305133515674617,19.0,195.79753679781774
2026-06-02 09:00:00,71443,52.117,-101.233,7.594247997362816,12.6,95.68752476677147
2026-06-02 12:00:00,71443,52.117,-101.233,7.450818774730973,9.8,73.01802399236354
2026-06-02 15:00:00,71443,52.117,-101.233,12.646256291968298,4.1,51.84965079707002
2026-06-02 18:00:00,71443,52.117,-101.233,19.662304439007535,10.0,196.62304439007534
2026-06-02 21:00:00,71777,50.3,-122.716,24.409229332841793,1.5,36.61384399926269
2026-06-03 00:00:00,71777,50.3,-122.716,25.75402623639777,1.3,33.4802341073171
2026-06-01 12:00:00,71777,50.3,-122.716,6.4267105745648765,1.4,8.997394804390826
2026-06-01 15:00:00,71777,50.3,-122.716,9.212998535595169,1.1,10.134298389154687
2026-06-01 18:00:00,71777,50.3,-122.716,17.013439461599226,2.6,44.23494260015799
2026-06-01 21:00:00,71777,50.3,-122.716,23.613261480591362,1.5,35.41989222088704
2026-06-02 00:00:00,71777,50.3,-122.716,25.396745754028522,2.7,68.57121353587702
2026-06-02 03:00:00,71777,50.3,-122.716,20.608764679343906,2.5,51.521911698359766
2026-06-02 06:00:00,71777,50.3,-122.716,16.17993886964237,1.4,22.651914417499317
2026-06-02 09:00:00,71777,50.3,-122.716,12.629822671390585,1.4,17.68175173994682
2026-06-02 12:00:00,71777,50.3,-122.716,11.693547029993216,1.6,18.709675247989146
2026-06-02 15:00:00,71777,50.3,-122.716,13.54515875300982,1.1,14.899674628310803
2026-06-02 18:00:00,71777,50.3,-122.716,20.989565760525657,1.8,37.781218368946185
2026-06-02 21:00:00,71505,60.767,-137.583,15.285184772497482,3.9,59.61222061274018
2026-06-03 00:00:00,71505,60.767,-137.583,16.28213157367248,7.5,122.1159868025436
2026-06-01 12:00:00,71505,60.767,-137.583,3.9233439758617896,3.0,11.770031927585368
2026-06-01 15:00:00,71505,60.767,-137.583,4.607725896138924,1.9,8.754679202663956
2026-06-01 18:00:00,71505,60.767,-137.583,7.117161806126706,3.7,26.333498682668814
2026-06-01 21:00:00,71505,60.767,-137.583,9.936372873245032,5.4,53.65641351552318
2026-06-02 00:00:00,71505,60.767,-137.583,10.818734516708355,6.1,65.99428055192097
2026-06-02 03:00:00,71505,60.767,-137.583,10.540186452214764,4.4,46.376820389744964
2026-06-02 06:00:00,71505,60.767,-137.583,6.174461307230041,3.7,22.845506836751156
2026-06-02 09:00:00,71505,60.767,-137.583,4.200361667510139,4.1,17.221482836791566
2026-06-02 12:00:00,71505,60.767,-137.583,4.004007546334267,3.3,13.21322490290308
2026-06-02 15:00:00,71505,60.767,-137.583,6.011175855959946,1.1,6.612293441555941
2026-06-02 18:00:00,71505,60.767,-137.583,11.103726233349573,3.1,34.421551323383675
2026-06-02 21:00:00,71858,53.183,-99.267,21.744213341492998,30.2,656.6752429130885
2026-06-03 00:00:00,71858,53.183,-99.267,19.753024475355517,33.2,655.8004125818032
2026-06-01 12:00:00,71858,53.183,-99.267,15.844483951544508,16.6,263.01843359563884
2026-06-01 15:00:00,71858,53.183,-99.267,19.992887324815186,10.4,207.92602817807793
2026-06-01 18:00:00,71858,53.183,-99.267,23.2125770628697,25.9,601.2057459283252
2026-06-01 21:00:00,71858,53.183,-99.267,24.333996812635647,35.5,863.8568868485654
2026-06-02 00:00:00,71858,53.183,-99.267,23.075614061346158,39.9,920.7170010477117
2026-06-02 03:00:00,71858,53.183,-99.267,20.603689951301142,14.6,300.81387328899666
2026-06-02 06:00:00,71858,53.183,-99.267,12.52243160929783,32.2,403.2222978193901
2026-06-02 09:00:00,71858,53.183,-99.267,6.46034783363033,28.9,186.70405239191652
2026-06-02 12:00:00,71858,53.183,-99.267,10.700139895587794,30.6,327.4242808049865
2026-06-02 15:00:00,71858,53.183,-99.267,15.268696094363671,8.2,125.20330797378209
2026-06-02 18:00:00,71858,53.183,-99.267,20.977927243218467,8.8,184.60575974032253
2026-06-02 21:00:00,71115,50.267,-119.272,16.72772193714499,1.9,31.782671680575483
2026-06-03 00:00:00,71115,50.267,-119.272,20.727783712310867,1.9,39.382789053390646
2026-06-01 12:00:00,71115,50.267,-119.272,6.599872792419165,2.5,16.499681981047914
2026-06-01 15:00:00,71115,50.267,-119.272,6.344986419056896,0.7,4.441490493339827
2026-06-01 18:00:00,71115,50.267,-119.272,12.058731157905996,5.4,65.11714825269239
2026-06-01 21:00:00,71115,50.267,-119.272,13.496868462804901,6.8,91.77870554707333
2026-06-02 00:00:00,71115,50.267,-119.272,13.58098624418101,6.0,81.48591746508606
2026-06-02 03:00:00,71115,50.267,-119.272,10.240555592091006,4.7,48.13061128282773
2026-06-02 06:00:00,71115,50.267,-119.272,8.460877816886553,3.6,30.459160140791592
2026-06-02 09:00:00,71115,50.267,-119.272,6.1020930478253845,3.9,23.798162886519
2026-06-02 12:00:00,71115,50.267,-119.272,5.753062851747313,3.4,19.560413695940863
2026-06-02 15:00:00,71115,50.267,-119.272,9.021301908136131,0.7,6.3149113356952915
2026-06-02 18:00:00,71115,50.267,-119.272,14.358914468258487,1.6,22.97426314921358
2026-06-02 21:00:00,71486,52.933,-118.033,12.52243160929783,4.0,50.08972643719132
2026-06-03 00:00:00,71486,52.933,-118.033,12.840167874705351,3.6,46.224604348939266
2026-06-01 12:00:00,71486,52.933,-118.033,7.972559218799424,4.1,32.68749279707764
2026-06-01 15:00:00,71486,52.933,-118.033,9.333748680564753,6.1,56.93586695144499
2026-06-01 18:00:00,71486,52.933,-118.033,10.825562289763354,6.7,72.53126734141448
2026-06-01 21:00:00,71486,52.933,-118.033,11.683870800137338,6.3,73.60838604086523
2026-06-02 00:00:00,71486,52.933,-118.033,11.610136074008416,6.1,70.82183005145133
2026-06-02 03:00:00,71486,52.933,-118.033,10.484579860220151,5.6,58.71364721723284
2026-06-02 06:00:00,71486,52.933,-118.033,7.67749877966264,5.0,38.3874938983132
2026-06-02 09:00:00,71486,52.933,-118.033,7.286338414180559,4.3,31.331255180976402
2026-06-02 12:00:00,71486,52.933,-118.033,7.050855105716825,4.0,28.2034204228673
2026-06-02 15:00:00,71486,52.933,-118.033,7.982854084815708,3.7,29.53656011381812
2026-06-02 18:00:00,71486,52.933,-118.033,11.463888579373108,4.5,51.587498607178986
2026-06-02 21:00:00,71599,44.4,-65.2,6.90056476638506,26.8,184.9351357391196
2026-06-03 00:00:00,71599,44.4,-65.2,4.487803570069904,6.4,28.721942848447384
2026-06-01 12:00:00,71599,44.4,-65.2,3.1075593310069403,11.3,35.11542044037843
2026-06-01 15:00:00,71599,44.4,-65.2,6.777125774360459,8.1,54.89471877231971
2026-06-01 18:00:00,71599,44.4,-65.2,9.333748680564753,3.1,28.934620909750734
2026-06-01 21:00:00,71599,44.4,-65.2,10.023040311422758,5.6,56.12902574396744
2026-06-02 00:00:00,71599,44.4,-65.2,10.267957872698261,16.4,168.39450911225146
2026-06-02 03:00:00,71599,44.4,-65.2,8.415646198343925,25.2,212.0742841982669
2026-06-02 06:00:00,71599,44.4,-65.2,8.644245830122058,28.5,246.36100615847866
2026-06-02 09:00:00,71599,44.4,-65.2,6.563057600831041,36.8,241.52051971058228
2026-06-02 12:00:00,71599,44.4,-65.2,7.050855105716825,31.3,220.69176480893663
2026-06-02 15:00:00,71599,44.4,-65.2,10.964653740935628,34.2,374.9911579399985
2026-06-02 18:00:00,71599,44.4,-65.2,3.111249560188254,27.1,84.31486308110169
2026-06-02 21:00:00,71316,54.767,-112.017,5.242289930110079,23.4,122.66958436457584
2026-06-03 00:00:00,71316,54.767,-112.017,5.242289930110079,20.1,105.3700275952126
2026-06-01 12:00:00,71316,54.767,-112.017,3.172493209528449,25.6,81.2158261639283
2026-06-01 15:00:00,71316,54.767,-112.017,3.3843511267546234,26.8,90.7006101970239
2026-06-01 18:00:00,71316,54.767,-112.017,5.4474567165539085,26.3,143.2681116453678
2026-06-01 21:00:00,71316,54.767,-112.017,5.588114081048227,29.3,163.73174257471305
2026-06-02 00:00:00,71316,54.767,-112.017,5.482326870467816,29.2,160.08394461766022
2026-06-02 03:00:00,71316,54.767,-112.017,5.0765266901319315,25.2,127.92847259132466
2026-06-02 06:00:00,71316,54.767,-112.017,3.1315477378266205,25.9,81.10708640970947
2026-06-02 09:00:00,71316,54.767,-112.017,2.952979795364577,23.1,68.21383327292173
2026-06-02 12:00:00,71316,54.767,-112.017,2.8576932952734353,23.7,67.72733109798041
2026-06-02 15:00:00,71316,54.767,-112.017,3.03120748553059,24.1,73.05210040128723
2026-06-02 18:00:00,71316,54.767,-112.017,4.915379817154047,26.5,130.25756515458227
2026-06-02 21:00:00,71631,43.98,-80.75,20.735022518290094,18.7,387.74492109202475
2026-06-03 00:00:00,71631,43.98,-80.75,17.884275576584415,18.0,321.91696037851943
2026-06-01 12:00:00,71631,43.98,-80.75,7.479672616783173,13.8,103.21948211160779
2026-06-01 15:00:00,71631,43.98,-80.75,14.427186921944463,13.7,197.65246083063914
2026-06-01 18:00:00,71631,43.98,-80.75,16.142112676431733,11.5,185.63429577896494
2026-06-01 21:00:00,71631,43.98,-80.75,17.06452745816501,11.0,187.70980203981512
2026-06-02 00:00:00,71631,43.98,-80.75,13.001665008558426,15.5,201.5258076326556
2026-06-02 03:00:00,71631,43.98,-80.75,8.245408614021287,18.6,153.36460022079595
2026-06-02 06:00:00,71631,43.98,-80.75,7.578018713826469,22.8,172.7788266752435
2026-06-02 09:00:00,71631,43.98,-80.75,7.479672616783173,18.5,138.3739434104887
2026-06-02 12:00:00,71631,43.98,-80.75,7.778123900470626,14.4,112.00498416677702
2026-06-02 15:00:00,71631,43.98,-80.75,17.335553344744568,17.6,305.10573886750444
2026-06-02 18:00:00,71631,43.98,-80.75,20.608764679343903,18.3,377.14039363199345
2026-06-02 21:00:00,71082,82.52,-62.3,2.1237183284316568,14.0,29.732056598043194
2026-06-03 00:00:00,71082,82.52,-62.3,0.8955465567319854,17.9,16.030283365502537
2026-06-01 12:00:00,71082,82.52,-62.3,0.7520267992843004,35.6,26.772154054521096
2026-06-01 15:00:00,71082,82.52,-62.3,0.7933687950987971,27.2,21.57963122668728
2026-06-01 18:00:00,71082,82.52,-62.3,0.7405724696788543,13.4,9.923671093696647
2026-06-01 21:00:00,71082,82.52,-62.3,0.7292736857580637,18.5,13.491563186524179
2026-06-02 00:00:00,71082,82.52,-62.3,1.0525428609053957,38.1,40.101883000495576
2026-06-02 03:00:00,71082,82.52,-62.3,1.2175457025530618,32.5,39.57023533297451
2026-06-02 06:00:00,71082,82.52,-62.3,1.3534566592602246,23.1,31.26484882891119
2026-06-02 09:00:00,71082,82.52,-62.3,1.804608879013632,25.2,45.476143751143525
2026-06-02 12:00:00,71082,82.52,-62.3,2.2388663918299656,23.2,51.9417002904552
2026-06-02 15:00:00,71082,82.52,-62.3,2.504474200579851,16.8,42.0751665697415
2026-06-02 18:00:00,71082,82.52,-62.3,2.637728689889983,17.5,46.1602520730747
2026-06-02 21:00:00,108,49.95,-119.4,17.344531257987395,2.8,48.5646875223647
2026-06-03 00:00:00,108,49.95,-119.4,17.449237858519794,2.1,36.64339950289157
2026-06-01 12:00:00,108,49.95,-119.4,6.64379934899952,2.7,17.938258242298705
2026-06-01 15:00:00,108,49.95,-119.4,6.427815882457091,1.1,7.0705974707028005
2026-06-01 18:00:00,108,49.95,-119.4,12.366160218809537,5.5,68.01388120345246
2026-06-01 21:00:00,108,49.95,-119.4,13.92205938866653,8.5,118.3375048036655
2026-06-02 00:00:00,108,49.95,-119.4,14.095386791748687,8.5,119.81078772986385
2026-06-02 03:00:00,108,49.95,-119.4,10.567024003728223,5.5,58.118632020505224
2026-06-02 06:00:00,108,49.95,-119.4,8.681271077003446,4.1,35.59321141571412
2026-06-02 09:00:00,108,49.95,-119.4,6.222499120376504,3.2,19.911997185204815
2026-06-02 12:00:00,108,49.95,-119.4,5.790957207892788,3.4,19.68925450683548
2026-06-02 15:00:00,108,49.95,-119.4,9.13721145077969,2.1,19.188144046637348
2026-06-02 18:00:00,108,49.95,-119.4,12.33975186762297,3.4,41.9551563499181
2026-06-02 21:00:00,71482,52.185,-127.472,20.357444168273098,7.7,156.75232009570286
2026-06-03 00:00:00,71482,52.185,-127.472,20.357444168273098,7.1,144.53785359473898
2026-06-01 12:00:00,71482,52.185,-127.472,3.1288510302965724,11.1,34.73024643629195
2026-06-01 15:00:00,71482,52.185,-127.472,4.939569045784033,10.6,52.35943188531075
2026-06-01 18:00:00,71482,52.185,-127.472,9.830759634308091,10.6,104.20605212366576
2026-06-01 21:00:00,71482,52.185,-127.472,15.844483951544508,8.6,136.26256198328275
2026-06-02 00:00:00,71482,52.185,-127.472,18.365870040459946,6.3,115.70498125489766
2026-06-02 03:00:00,71482,52.185,-127.472,13.750598196537627,5.2,71.50311062199566
2026-06-02 06:00:00,71482,52.185,-127.472,6.989719906813438,8.6,60.11159119859556
2026-06-02 09:00:00,71482,52.185,-127.472,5.867404498684724,12.6,73.92929668342752
2026-06-02 12:00:00,71482,52.185,-127.472,6.958551493836831,13.4,93.24459001741354
2026-06-02 15:00:00,71482,52.185,-127.472,8.192299695256745,12.3,100.76528625165797
2026-06-02 18:00:00,71482,52.185,-127.472,13.92205938866653,10.8,150.35824139759853
2026-06-02 21:00:00,71722,46.3,-76.0,19.634037177755793,23.5,461.39987367726116
2026-06-03 00:00:00,71722,46.3,-76.0,17.704758808755614,26.3,465.63515667027264
2026-06-01 12:00:00,71722,46.3,-76.0,5.944737092537636,13.6,80.84842445851184
2026-06-01 15:00:00,71722,46.3,-76.0,10.1763322335453,4.3,43.75822860424479
2026-06-01 18:00:00,71722,46.3,-76.0,17.169806521932443,9.1,156.24523934958523
2026-06-01 21:00:00,71722,46.3,-76.0,14.626737821284296,23.7,346.6536863644378
2026-06-02 00:00:00,71722,46.3,-76.0,10.435359674414858,5.9,61.568622079047664
2026-06-02 03:00:00,71722,46.3,-76.0,9.798346167136534,10.2,99.94313090479264
2026-06-02 06:00:00,71722,46.3,-76.0,12.46935683105107,22.6,281.8074643817542
2026-06-02 09:00:00,71722,46.3,-76.0,8.025579414192528,37.3,299.35411214938125
2026-06-02 12:00:00,71722,46.3,-76.0,9.455886298746178,28.3,267.6015822545168
2026-06-02 15:00:00,71722,46.3,-76.0,15.455116580847676,24.4,377.10484457268325
2026-06-02 18:00:00,71722,46.3,-76.0,18.47812508366831,22.0,406.5187518407028
2026-06-02 21:00:00,7428,47.917,-74.617,18.933156871216987,14.0,265.0641961970378
2026-06-03 00:00:00,7428,47.917,-74.617,16.752066879634903,7.9,132.34132834911574
2026-06-01 12:00:00,7428,47.917,-74.617,4.230513063430095,2.2,9.30712873954621
2026-06-01 15:00:00,7428,47.917,-74.617,9.860476500449188,7.7,75.92566905345875
2026-06-01 18:00:00,7428,47.917,-74.617,14.00848874835696,11.3,158.29592285643366
2026-06-01 21:00:00,7428,47.917,-74.617,16.85566018401771,11.3,190.46896007940015
2026-06-02 00:00:00,7428,47.917,-74.617,12.211598680254358,6.7,81.8177111577042
2026-06-02 03:00:00,7428,47.917,-74.617,9.212998535595169,8.0,73.70398828476135
2026-06-02 06:00:00,7428,47.917,-74.617,6.64379934899952,8.2,54.47915466179606
2026-06-02 09:00:00,7428,47.917,-74.617,6.051636651457674,6.5,39.33563823447488
2026-06-02 12:00:00,7428,47.917,-74.617,9.333748680564753,9.5,88.67061246536515
2026-06-02 15:00:00,7428,47.917,-74.617,12.920695667260658,12.1,156.34041757385395
2026-06-02 18:00:00,7428,47.917,-74.617,17.81347877675762,14.2,252.9513986299582
2026-06-02 21:00:00,71050,52.118,-124.133,23.97477399224968,5.7,136.6562117558232
2026-06-03 00:00:00,71050,52.118,-124.133,24.409229332841793,4.9,119.60522373092479
2026-06-01 12:00:00,71050,52.118,-124.133,6.697893769145967,3.6,24.112417568925483
2026-06-01 15:00:00,71050,52.118,-124.133,10.200873779852781,3.1,31.622708717543624
2026-06-01 18:00:00,71050,52.118,-124.133,16.696575479063775,3.1,51.759383985097706
2026-06-01 21:00:00,71050,52.118,-124.133,20.735022518290094,7.0,145.14515762803066
2026-06-02 00:00:00,71050,52.118,-124.133,21.76963565493792,10.1,219.873320114873
2026-06-02 03:00:00,71050,52.118,-124.133,19.145219291011315,12.2,233.57167535033804
2026-06-02 06:00:00,71050,52.118,-124.133,12.792096031091564,7.0,89.54467221764095
2026-06-02 09:00:00,71050,52.118,-124.133,9.455886298746178,3.9,36.87795656511009
2026-06-02 12:00:00,71050,52.118,-124.133,8.629594277620969,3.3,28.477661116149196
2026-06-02 15:00:00,71050,52.118,-124.133,12.710732338625778,2.5,31.776830846564444
2026-06-02 18:00:00,71050,52.118,-124.133,19.743602988196756,3.9,77.00005165396735
2026-06-02 21:00:00,71952,54.229,-125.762,19.04843119807068,12.5,238.1053899758835
2026-06-03 00:00:00,71952,54.229,-125.762,19.164317500525613,10.3,197.39247025541383
2026-06-01 12:00:00,71952,54.229,-125.762,5.005009432917835,4.3,21.52154056154669
2026-06-01 15:00:00,71952,54.229,-125.762,6.556201902250397,4.6,30.158528750351824
2026-06-01 18:00:00,71952,54.229,-125.762,11.536809304076428,2.5,28.84202326019107
2026-06-01 21:00:00,71952,54.229,-125.762,16.752066879634903,7.3,122.29008822133478
2026-06-02 00:00:00,71952,54.229,-125.762,17.704758808755617,8.1,143.4085463509205
2026-06-02 03:00:00,71952,54.229,-125.762,13.413206682438313,5.7,76.45527808989839
2026-06-02 06:00:00,71952,54.229,-125.762,10.153053380263863,6.4,64.97954163368873
2026-06-02 09:00:00,71952,54.229,-125.762,7.334255623355902,6.0,44.00553374013541
2026-06-02 12:00:00,71952,54.229,-125.762,8.132550929232552,7.0,56.92785650462787
2026-06-02 15:00:00,71952,54.229,-125.762,10.218612975783309,7.3,74.59587472321815
2026-06-02 18:00:00,71952,54.229,-125.762,16.24240262011095,12.4,201.4057924893758
2026-06-02 21:00:00,71246,56.55,-115.283,15.263590930856584,12.2,186.2158093564503
2026-06-03 00:00:00,71246,56.55,-115.283,15.455116580847676,11.7,180.8248639959178
2026-06-01 12:00:00,71246,56.55,-115.283,2.8954786039463922,9.7,28.08614245828
2026-06-01 15:00:00,71246,56.55,-115.283,4.947245168412776,14.2,70.25088139146142
2026-06-01 18:00:00,71246,56.55,-115.283,9.492809996703526,14.8,140.4935879512122
2026-06-01 21:00:00,71246,56.55,-115.283,12.28866671050921,14.9,183.10113398658723
2026-06-02 00:00:00,71246,56.55,-115.283,12.28866671050921,13.3,163.4392672497725
2026-06-02 03:00:00,71246,56.55,-115.283,9.43271471444323,11.5,108.47621921609715
2026-06-02 06:00:00,71246,56.55,-115.283,8.086981755216403,12.6,101.89597011572667
2026-06-02 09:00:00,71246,56.55,-115.283,7.334255623355902,12.6,92.41162085428437
2026-06-02 12:00:00,71246,56.55,-115.283,7.050855105716826,12.9,90.95603086374706
2026-06-02 15:00:00,71246,56.55,-115.283,8.406552567162263,15.1,126.93894376415018
2026-06-02 18:00:00,71246,56.55,-115.283,11.907541932482626,13.5,160.75181608851545
2026-06-02 21:00:00,71928,52.417,-114.917,5.517392530418878,20.6,113.6582861266289
2026-06-03 00:00:00,71928,52.417,-114.917,7.403539498250151,18.2,134.74441886815274
2026-06-01 12:00:00,71928,52.417,-114.917,4.1751308963021,26.3,109.80594257274524
2026-06-01 15:00:00,71928,52.417,-114.917,4.546811228295878,26.9,122.30922204115912
2026-06-01 18:00:00,71928,52.417,-114.917,4.979291657066014,26.8,133.44501640936917
2026-06-01 21:00:00,71928,52.417,-114.917,5.242289930110079,29.4,154.1233239452363
2026-06-02 00:00:00,71928,52.417,-114.917,5.20876264620207,29.6,154.1793743275813
2026-06-02 03:00:00,71928,52.417,-114.917,4.883694734034039,27.0,131.85975781891906
2026-06-02 06:00:00,71928,52.417,-114.917,4.546811228295878,25.9,117.76241081286324
2026-06-02 09:00:00,71928,52.417,-114.917,2.914535365672222,26.7,77.81809426344833
2026-06-02 12:00:00,71928,52.417,-114.917,2.820342042286729,23.2,65.43193538105211
2026-06-02 15:00:00,71928,52.417,-114.917,4.636600507160724,22.3,103.39619130968414
2026-06-02 18:00:00,71928,52.417,-114.917,5.175423574788796,23.0,119.03474222014232
2026-06-02 21:00:00,71506,66.59,-136.12,11.982927736001123,10.1,121.02757013361133
2026-06-03 00:00:00,71506,66.59,-136.12,9.614007753397022,11.3,108.63828761338635
2026-06-01 12:00:00,71506,66.59,-136.12,2.15816708739165,7.7,16.617886572915705
2026-06-01 15:00:00,71506,66.59,-136.12,3.779684937647872,14.5,54.80543159589414
2026-06-01 18:00:00,71506,66.59,-136.12,6.182134009547633,19.0,117.46054618140504
2026-06-01 21:00:00,71506,66.59,-136.12,8.906683450750764,18.4,163.88297549381406
2026-06-02 00:00:00,71506,66.59,-136.12,11.463888579373108,15.1,173.10471754853393
2026-06-02 03:00:00,71506,66.59,-136.12,9.13721145077969,8.4,76.75257618654939
2026-06-02 06:00:00,71506,66.59,-136.12,8.086981755216405,6.0,48.521890531298425
2026-06-02 09:00:00,71506,66.59,-136.12,5.039579916863833,8.6,43.34038728502896
2026-06-02 12:00:00,71506,66.59,-136.12,4.316334174783298,6.7,28.9194389710481
2026-06-02 15:00:00,71506,66.59,-136.12,5.4217006194883695,7.2,39.03624446031626
2026-06-02 18:00:00,71506,66.59,-136.12,9.13721145077969,8.4,76.75257618654939
2026-06-02 21:00:00,71595,43.93,-60.02,6.300542501265211,28.3,178.30535278580547
2026-06-03 00:00:00,71595,43.93,-60.02,6.343641308750968,24.5,155.41921206439872
2026-06-01 12:00:00,71595,43.93,-60.02,1.7556268969635456,47.7,83.74340298516113
2026-06-01 15:00:00,71595,43.93,-60.02,1.780234346546984,39.5,70.31925668860588
2026-06-01 18:00:00,71595,43.93,-60.02,2.8618462124771797,25.7,73.54944766066352
2026-06-01 21:00:00,71595,43.93,-60.02,2.8226058257087683,28.7,81.00878719784164
2026-06-02 00:00:00,71595,43.93,-60.02,2.842166252525325,32.7,92.93883645757813
2026-06-02 03:00:00,71595,43.93,-60.02,4.059265036037313,28.8,116.9068330378746
2026-06-02 06:00:00,71595,43.93,-60.02,5.005009432917835,24.8,124.12423393636232
2026-06-02 09:00:00,71595,43.93,-60.02,6.257702060593143,22.6,141.42406656940503
2026-06-02 12:00:00,71595,43.93,-60.02,6.607734738525221,25.1,165.85414193698307
2026-06-02 15:00:00,71595,43.93,-60.02,6.607734738525221,31.9,210.78673815895453
2026-06-02 18:00:00,71595,43.93,-60.02,5.322499844408107,31.9,169.7877450366186
2026-06-02 21:00:00,71119,53.55,-114.1,5.309912737443835,23.6,125.31394060367451
2026-06-03 00:00:00,71119,53.55,-114.1,5.309912737443835,20.0,106.19825474887669
2026-06-01 12:00:00,71119,53.55,-114.1,2.933702249342364,34.7,101.79946805218003
2026-06-01 15:00:00,71119,53.55,-114.1,3.151962099582059,37.7,118.82897115424365
2026-06-01 18:00:00,71119,53.55,-114.1,5.109306487891649,33.6,171.6726979931594
2026-06-01 21:00:00,71119,53.55,-114.1,5.309912737443835,33.2,176.2891028831353
2026-06-02 00:00:00,71119,53.55,-114.1,5.276006326165682,34.1,179.91181572224977
2026-06-02 03:00:00,71119,53.55,-114.1,4.979291657066014,32.7,162.82283718605868
2026-06-02 06:00:00,71119,53.55,-114.1,3.091067004773816,30.3,93.65933024464663
2026-06-02 09:00:00,71119,53.55,-114.1,2.972368546268818,27.6,82.03737187701938
2026-06-02 12:00:00,71119,53.55,-114.1,2.8576932952734353,25.7,73.44271768852728
2026-06-02 15:00:00,71119,53.55,-114.1,3.0510465239126905,27.2,82.98846545042518
2026-06-02 18:00:00,71119,53.55,-114.1,5.011520155711379,24.9,124.78685187721332
2026-06-02 21:00:00,71218,50.702,-119.272,18.933156871216987,3.6,68.15936473638115
2026-06-03 00:00:00,71218,50.702,-119.272,19.992887324815182,2.9,57.979373241964026
2026-06-01 12:00:00,71218,50.702,-119.272,6.512785410399447,4.3,28.00497726471762
2026-06-01 15:00:00,71218,50.702,-119.272,9.455886298746178,4.9,46.333842863856276
2026-06-01 18:00:00,71218,50.702,-119.272,13.804667100628865,4.8,66.26240208301856
2026-06-01 21:00:00,71218,50.702,-119.272,15.455116580847676,4.4,68.00251295572978
2026-06-02 00:00:00,71218,50.702,-119.272,15.551665285223091,5.4,83.9789925402047
2026-06-02 03:00:00,71218,50.702,-119.272,11.982927736001123,5.6,67.10439532160629
2026-06-02 06:00:00,71218,50.702,-119.272,8.298819428443355,4.5,37.3446874279951
2026-06-02 09:00:00,71218,50.702,-119.272,7.528704608724831,4.3,32.37342981751677
2026-06-02 12:00:00,71218,50.702,-119.272,5.677927356140016,3.5,19.872745746490054
2026-06-02 15:00:00,71218,50.702,-119.272,10.619825474887666,3.2,33.98344151964053
2026-06-02 18:00:00,71218,50.702,-119.272,16.34323687308312,4.0,65.37294749233249
2026-06-02 21:00:00,719149,49.733,-114.885,8.722051960489477,0.5,4.361025980244738
2026-06-03 00:00:00,719149,49.733,-114.885,8.997912308536604,1.6,14.396659693658567
2026-06-01 12:00:00,719149,49.733,-114.885,5.60365571608053,1.3,7.284752430904689
2026-06-01 15:00:00,719149,49.733,-114.885,6.141999023730111,1.7,10.44139834034119
2026-06-01 18:00:00,719149,49.733,-114.885,6.856362426174018,2.0,13.712724852348035
2026-06-01 21:00:00,719149,49.733,-114.885,7.356523373891839,2.2,16.18435142256205
2026-06-02 00:00:00,719149,49.733,-114.885,7.356523373891839,1.5,11.03478506083776
2026-06-02 03:00:00,719149,49.733,-114.885,6.856362426174018,1.5,10.284543639261027
2026-06-02 06:00:00,719149,49.733,-114.885,4.6973216067399335,2.1,9.86437537415386
2026-06-02 09:00:00,719149,49.733,-114.885,6.022963686979866,2.0,12.045927373959731
2026-06-02 12:00:00,719149,49.733,-114.885,5.8674044986847225,1.7,9.974587647764029
2026-06-02 15:00:00,719149,49.733,-114.885,6.768702253509243,1.6,10.82992360561479
2026-06-02 18:00:00,719149,49.733,-114.885,7.938361288321749,2.4,19.052067091972198
2026-06-02 21:00:00,73033,50.284,-119.267,16.72772193714499,1.9,31.782671680575483
2026-06-03 00:00:00,73033,50.284,-119.267,20.727783712310867,2.5,51.81945928077717
2026-06-01 12:00:00,73033,50.284,-119.267,5.279898233935333,3.1,16.367684525199532
2026-06-01 15:00:00,73033,50.284,-119.267,6.303924199164118,0.7,4.412746939414882
2026-06-01 18:00:00,73033,50.284,-119.267,12.058731157905996,5.8,69.94064071585477
2026-06-01 21:00:00,73033,50.284,-119.267,13.496868462804901,7.1,95.82776608591479
2026-06-02 00:00:00,73033,50.284,-119.267,13.496868462804901,6.1,82.33089762310989
2026-06-02 03:00:00,73033,50.284,-119.267,10.176332233545299,5.1,51.89929439108102
2026-06-02 06:00:00,73033,50.284,-119.267,8.460877816886553,4.1,34.689599049234864
2026-06-02 09:00:00,73033,50.284,-119.267,6.1020930478253845,4.7,28.67983732477931
2026-06-02 12:00:00,73033,50.284,-119.267,5.715386590546876,3.9,22.290007703132815
2026-06-02 15:00:00,73033,50.284,-119.267,7.1710656468419405,1.0,7.1710656468419405
2026-06-02 18:00:00,73033,50.284,-119.267,11.892164582982486,1.7,20.216679791070227
2026-06-02 21:00:00,71139,49.633,-109.517,8.506719730799613,14.1,119.94474820427455
2026-06-03 00:00:00,71139,49.633,-109.517,6.261215804648918,14.1,88.28314284554975
2026-06-01 12:00:00,71139,49.633,-109.517,4.546811228295885,23.6,107.3047449877829
2026-06-01 15:00:00,71139,49.633,-109.517,3.3195277713773432,21.6,71.70179986175062
2026-06-01 18:00:00,71139,49.633,-109.517,3.6782616869459197,19.3,70.99045055805625
2026-06-01 21:00:00,71139,49.633,-109.517,3.894623600045774,13.4,52.187956240613374
2026-06-02 00:00:00,71139,49.633,-109.517,3.7971239986814087,15.2,57.71628477995741
2026-06-02 03:00:00,71139,49.633,-109.517,3.494859953406719,15.0,52.422899301100784
2026-06-02 06:00:00,71139,49.633,-109.517,3.2981634456085125,15.1,49.80226802868854
2026-06-02 09:00:00,71139,49.633,-109.517,4.758739814292676,13.4,63.76711351152186
2026-06-02 12:00:00,71139,49.633,-109.517,4.666874340282375,7.8,36.40161985420252
2026-06-02 15:00:00,71139,49.633,-109.517,5.242289930110077,9.4,49.27752534303473
2026-06-02 18:00:00,71139,49.633,-109.517,7.9383612883217545,9.6,76.20826836788883
2026-06-02 21:00:00,71836,51.28,-80.6,15.74634653993905,6.7,105.50052181759165
2026-06-03 00:00:00,71836,51.28,-80.6,13.665562121313224,13.8,188.5847572741225
2026-06-01 12:00:00,71836,51.28,-80.6,11.103726233349574,23.9,265.3790569770548
2026-06-01 15:00:00,71836,51.28,-80.6,8.573079885820313,21.6,185.17852553371878
2026-06-01 18:00:00,71836,51.28,-80.6,8.858939386093724,23.2,205.52739375737437
2026-06-01 21:00:00,71836,51.28,-80.6,10.818734516708357,29.7,321.31641514623817
2026-06-02 00:00:00,71836,51.28,-80.6,11.39528771274609,28.1,320.2075847281651
2026-06-02 03:00:00,71836,51.28,-80.6,11.321774457302968,25.5,288.7052486612257
2026-06-02 06:00:00,71836,51.28,-80.6,10.960417082393171,19.8,217.0162582313848
2026-06-02 09:00:00,71836,51.28,-80.6,10.267957872698261,22.3,228.97546056117125
2026-06-02 12:00:00,71836,51.28,-80.6,11.060478940224135,23.6,261.0273029892896
2026-06-02 15:00:00,71836,51.28,-80.6,9.117899574559226,15.8,144.06281327803578
2026-06-02 18:00:00,71836,51.28,-80.6,11.982927736001123,5.7,68.3026880952064
2026-06-02 21:00:00,71039,62.117,-136.183,14.886759528899322,8.6,128.02613194853416
2026-06-03 00:00:00,71039,62.117,-136.183,18.448128773064838,7.1,130.98171428876034
2026-06-01 12:00:00,71039,62.117,-136.183,3.951116177512616,5.6,22.126250594070648
2026-06-01 15:00:00,71039,62.117,-136.183,5.9241219252945445,7.4,43.83850224717963
2026-06-01 18:00:00,71039,62.117,-136.183,9.117899574559225,8.1,73.85498655392972
2026-06-01 21:00:00,71039,62.117,-136.183,11.031867348537208,8.4,92.66768572771255
2026-06-02 00:00:00,71039,62.117,-136.183,13.80112953277012,7.7,106.26869740232992
2026-06-02 03:00:00,71039,62.117,-136.183,11.769173594027171,8.1,95.33030611162008
2026-06-02 06:00:00,71039,62.117,-136.183,9.425394382824162,7.2,67.86283955633397
2026-06-02 09:00:00,71039,62.117,-136.183,6.5186468947406215,4.9,31.94136978422905
2026-06-02 12:00:00,71039,62.117,-136.183,6.088897554055967,3.7,22.528920950007077
2026-06-02 15:00:00,71039,62.117,-136.183,9.117899574559225,2.5,22.79474893639806
2026-06-02 18:00:00,71039,62.117,-136.183,12.310681427719928,8.3,102.17865585007542
2026-06-02 21:00:00,230011,62.417,-110.683,13.122134285815273,12.3,161.40225171552785
2026-06-03 00:00:00,230011,62.417,-110.683,13.717684633991146,22.4,307.27613580140167
2026-06-01 12:00:00,230011,62.417,-110.683,2.172882298246874,29.6,64.31731602810747
2026-06-01 15:00:00,230011,62.417,-110.683,3.487454104394086,13.9,48.475612051077796
2026-06-01 18:00:00,230011,62.417,-110.683,5.3150394791996165,4.7,24.9806855522382
2026-06-01 21:00:00,230011,62.417,-110.683,7.931233023821123,15.1,119.76161865969895
2026-06-02 00:00:00,230011,62.417,-110.683,8.570453032717522,36.1,309.39335448110256
2026-06-02 03:00:00,230011,62.417,-110.683,10.284543639261026,30.9,317.7923984531657
2026-06-02 06:00:00,230011,62.417,-110.683,9.641723823685634,27.3,263.2190603866178
2026-06-02 09:00:00,230011,62.417,-110.683,7.677498779662642,12.9,99.03973425764808
2026-06-02 12:00:00,230011,62.417,-110.683,7.430921365672049,18.6,138.21513740150013
2026-06-02 15:00:00,230011,62.417,-110.683,9.0344455304698,17.0,153.5855740179866
2026-06-02 18:00:00,230011,62.417,-110.683,11.998634245804531,11.8,141.5838841004935
2026-06-02 21:00:00,71922,55.15,-105.267,20.97792724321847,16.0,335.6468358914955
2026-06-03 00:00:00,71922,55.15,-105.267,17.240372964127268,29.2,503.4188905525162
2026-06-01 12:00:00,71922,55.15,-105.267,17.554495186871694,24.0,421.3078844849207
2026-06-01 15:00:00,71922,55.15,-105.267,14.194743044575745,25.4,360.5464733322239
2026-06-01 18:00:00,71922,55.15,-105.267,21.10423578889022,20.6,434.7472572511386
2026-06-01 21:00:00,71922,55.15,-105.267,25.50226080020888,22.9,584.0017723247834
2026-06-02 00:00:00,71922,55.15,-105.267,26.564195094757498,32.1,852.7106625417157
2026-06-02 03:00:00,71922,55.15,-105.267,17.98108049418726,28.9,519.6532262820118
2026-06-02 06:00:00,71922,55.15,-105.267,12.72391341196973,14.0,178.13478776757623
2026-06-02 09:00:00,71922,55.15,-105.267,11.247390385670753,12.2,137.21816270518318
2026-06-02 12:00:00,71922,55.15,-105.267,5.588114081048227,15.1,84.38052262382823
2026-06-02 15:00:00,71922,55.15,-105.267,7.7400907160056125,12.5,96.75113395007016
2026-06-02 18:00:00,71922,55.15,-105.267,14.716977018799234,11.8,173.66032882183097
2026-06-02 21:00:00,8511,47.133,-55.333,5.65761246990521,12.4,70.15439462682461
2026-06-03 00:00:00,8511,47.133,-55.333,4.179624274038565,13.9,58.09677740913605
2026-06-01 12:00:00,8511,47.133,-55.333,2.5077745644231397,45.3,113.60218776836822
2026-06-01 15:00:00,8511,47.133,-55.333,2.745547050133389,45.6,125.19694548608256
2026-06-01 18:00:00,8511,47.133,-55.333,4.087145146495955,44.6,182.2866735337196
2026-06-01 21:00:00,8511,47.133,-55.333,4.004007546334267,39.4,157.75789732557013
2026-06-02 00:00:00,8511,47.133,-55.333,2.5253959659082286,33.3,84.09568566474401
2026-06-02 03:00:00,8511,47.133,-55.333,2.208634345463918,26.8,59.191400458433
2026-06-02 06:00:00,8511,47.133,-55.333,1.3514547589986163,22.7,30.67802302926859
2026-06-02 09:00:00,8511,47.133,-55.333,1.1523417313853228,18.8,21.66402455004407
2026-06-02 12:00:00,8511,47.133,-55.333,2.578918368540865,8.4,21.662914295743267
2026-06-02 15:00:00,8511,47.133,-55.333,5.322499844408107,5.7,30.33824911312621
2026-06-02 18:00:00,8511,47.133,-55.333,7.559369875295746,10.1,76.34963574048703
2026-06-02 21:00:00,7739,53.75,-73.68,14.518094719642033,22.3,323.75351224801733
2026-06-03 00:00:00,7739,53.75,-73.68,12.058731157905996,13.6,163.99874374752153
2026-06-01 12:00:00,7739,53.75,-73.68,4.3163341747832975,10.7,46.18477567018128
2026-06-01 15:00:00,7739,53.75,-73.68,9.455886298746176,17.3,163.58683296830884
2026-06-01 18:00:00,7739,53.75,-73.68,13.122134285815273,23.4,307.05794228807736
2026-06-01 21:00:00,7739,53.75,-73.68,14.157446510937076,24.1,341.19446091358355
2026-06-02 00:00:00,7739,53.75,-73.68,13.205800600220524,23.8,314.2980542852485
2026-06-02 03:00:00,7739,53.75,-73.68,7.677498779662642,21.8,167.3694733966456
2026-06-02 06:00:00,7739,53.75,-73.68,5.107239775712163,29.5,150.6635733835088
2026-06-02 09:00:00,7739,53.75,-73.68,2.982471330652693,27.2,81.12322019375326
2026-06-02 12:00:00,7739,53.75,-73.68,4.712975112698254,21.5,101.32896492301246
2026-06-02 15:00:00,7739,53.75,-73.68,7.430921365672047,28.7,213.26744319478775
2026-06-02 18:00:00,7739,53.75,-73.68,11.463888579373112,25.9,296.9147142057636
2026-06-02 21:00:00,71260,46.48,-84.5,18.562745851555373,24.0,445.50590043732893
2026-06-03 00:00:00,71260,46.48,-84.5,17.120223832940468,29.3,501.62255830515574
2026-06-01 12:00:00,71260,46.48,-84.5,10.960417082393173,33.4,366.07793055193196
2026-06-01 15:00:00,71260,46.48,-84.5,13.892132254563066,21.0,291.7347773458244
2026-06-01 18:00:00,71260,46.48,-84.5,17.884275576584415,14.8,264.68727853344933
2026-06-01 21:00:00,71260,46.48,-84.5,18.448128773064838,14.1,260.1186157002142
2026-06-02 00:00:00,71260,46.48,-84.5,16.90723840596516,25.0,422.68096014912896
2026-06-02 03:00:00,71260,46.48,-84.5,14.427186921944461,27.5,396.74764035347266
2026-06-02 06:00:00,71260,46.48,-84.5,13.63118260016023,30.1,410.29859626482295
2026-06-02 09:00:00,71260,46.48,-84.5,13.804667100628865,29.2,403.0962793383629
2026-06-02 12:00:00,71260,46.48,-84.5,12.549364881973396,23.2,291.1452652617828
2026-06-02 15:00:00,71260,46.48,-84.5,15.1686091766515,10.4,157.7535354371756
2026-06-02 18:00:00,71260,46.48,-84.5,16.4446179237068,15.6,256.5360396098261
2026-06-02 21:00:00,6004,52.93,-82.43,15.55126688871757,27.6,429.214966128605
2026-06-03 00:00:00,6004,52.93,-82.43,15.175507550361951,35.3,535.6954165277768
2026-06-01 12:00:00,6004,52.93,-82.43,8.295359205168104,20.6,170.88439962646297
2026-06-01 15:00:00,6004,52.93,-82.43,7.867442282700477,23.7,186.4583821000013
2026-06-01 18:00:00,6004,52.93,-82.43,8.07890947099214,22.7,183.3912449915216
2026-06-01 21:00:00,6004,52.93,-82.43,9.871197148003557,19.5,192.48834438606934
2026-06-02 00:00:00,6004,52.93,-82.43,10.067859990557796,18.9,190.28255382154234
2026-06-02 03:00:00,6004,52.93,-82.43,11.355854712280037,19.2,218.0324104757767
2026-06-02 06:00:00,6004,52.93,-82.43,11.355854712280037,13.1,148.76169673086847
2026-06-02 09:00:00,6004,52.93,-82.43,11.133682390138931,9.8,109.11008742336153
2026-06-02 12:00:00,6004,52.93,-82.43,11.430773181093752,13.8,157.7446698990938
2026-06-02 15:00:00,6004,52.93,-82.43,7.778123900470627,15.9,123.67217001748297
2026-06-02 18:00:00,6004,52.93,-82.43,11.177672235365264,19.6,219.0823758131592
2026-06-02 21:00:00,711525,49.143,-125.891,15.455116580847676,7.0,108.18581606593374
2026-06-03 00:00:00,711525,49.143,-125.891,19.865220921348847,9.5,188.71959875281405
2026-06-01 12:00:00,711525,49.143,-125.891,10.218612975783309,8.0,81.74890380626647
2026-06-01 15:00:00,711525,49.143,-125.891,10.023040311422758,6.6,66.1520660553902
2026-06-01 18:00:00,711525,49.143,-125.891,12.629822671390581,5.9,74.51595376120443
2026-06-01 21:00:00,711525,49.143,-125.891,13.122134285815273,13.8,181.08545314425078
2026-06-02 00:00:00,711525,49.143,-125.891,16.801617972887094,22.7,381.396727984537
2026-06-02 03:00:00,711525,49.143,-125.891,18.793849055664914,24.9,467.96684148605635
2026-06-02 06:00:00,711525,49.143,-125.891,19.98749277189637,25.9,517.676062792116
2026-06-02 09:00:00,711525,49.143,-125.891,19.865220921348847,14.9,295.99179172809784
2026-06-02 12:00:00,711525,49.143,-125.891,19.622636025065653,7.5,147.16977018799238
2026-06-02 15:00:00,711525,49.143,-125.891,17.884275576584415,11.0,196.72703134242857
2026-06-02 18:00:00,711525,49.143,-125.891,17.553248684512276,11.7,205.3730096087936
2026-06-02 21:00:00,71206,52.372,-126.762,13.85566925388481,1.4,19.397936955438734
2026-06-03 00:00:00,71206,52.372,-126.762,14.02431226982557,2.1,29.451055766633697
2026-06-01 12:00:00,71206,52.372,-126.762,4.22909420583398,3.5,14.80182972041893
2026-06-01 15:00:00,71206,52.372,-126.762,6.341638241122727,3.1,19.659078547480455
2026-06-01 18:00:00,71206,52.372,-126.762,8.963832058552425,2.1,18.824047322960094
2026-06-01 21:00:00,71206,52.372,-126.762,11.177672235365261,1.4,15.648741129511365
2026-06-02 00:00:00,71206,52.372,-126.762,9.751158547522863,1.3,12.676506111779721
2026-06-02 03:00:00,71206,52.372,-126.762,8.831495189055817,2.2,19.4292894159228
2026-06-02 06:00:00,71206,52.372,-126.762,10.35084714957759,2.9,30.01745673377501
2026-06-02 09:00:00,71206,52.372,-126.762,7.430921365672046,3.4,25.265132643284957
2026-06-02 12:00:00,71206,52.372,-126.762,6.958551493836831,3.7,25.746640527196277
2026-06-02 15:00:00,71206,52.372,-126.762,10.023040311422758,3.2,32.07372899655282
2026-06-02 18:00:00,71206,52.372,-126.762,13.750598196537627,2.1,28.876256212729018
2026-06-02 21:00:00,71926,64.3,-96.08,3.193499906644866,26.2,83.66969755409549
2026-06-03 00:00:00,71926,64.3,-96.08,3.2593234473703134,21.8,71.05325115267283
2026-06-01 12:00:00,71926,64.3,-96.08,2.2326312563819872,15.3,34.159258222644404
2026-06-01 15:00:00,71926,64.3,-96.08,0.0,25.1,0.0
2026-06-01 18:00:00,71926,64.3,-96.08,1.7763568394002505e-15,19.8,3.517186542012496e-14
2026-06-01 21:00:00,71926,64.3,-96.08,1.7763568394002505e-15,28.0,4.973799150320701e-14
2026-06-02 00:00:00,71926,64.3,-96.08,1.7763568394002505e-15,23.0,4.085620730620576e-14
2026-06-02 03:00:00,71926,64.3,-96.08,0.9473887508417747,43.2,40.92719403636467
2026-06-02 06:00:00,71926,64.3,-96.08,0.9088583373887289,41.5,37.71762100163225
2026-06-02 09:00:00,71926,64.3,-96.08,1.7556268969635447,33.3,58.46237566888603
2026-06-02 12:00:00,71926,64.3,-96.08,2.5969805133409105,32.2,83.62277252957733
2026-06-02 15:00:00,71926,64.3,-96.08,1.6141913884854162,28.8,46.48871198837999
2026-06-02 18:00:00,71926,64.3,-96.08,2.015776395477795,28.9,58.25593782930828
2026-06-02 21:00:00,71272,58.7,-98.517,6.141999023730111,28.6,175.6611720786812
2026-06-03 00:00:00,71272,58.7,-98.517,6.222499120376504,20.5,127.56123196771834
2026-06-01 12:00:00,71272,58.7,-98.517,10.902564950611847,36.2,394.6728512121489
2026-06-01 15:00:00,71272,58.7,-98.517,15.742174320394243,28.7,451.80040299531476
2026-06-01 18:00:00,71272,58.7,-98.517,18.416673318215643,28.4,523.0335222373243
2026-06-01 21:00:00,71272,58.7,-98.517,22.80379738140678,28.6,652.188605108234
2026-06-02 00:00:00,71272,58.7,-98.517,19.08730004518838,27.3,521.0832912336427
2026-06-02 03:00:00,71272,58.7,-98.517,17.660305672543842,18.5,326.71565494206106
2026-06-02 06:00:00,71272,58.7,-98.517,13.03872200084682,16.0,208.6195520135491
2026-06-02 09:00:00,71272,58.7,-98.517,4.120387120448928,43.6,179.64887845157327
2026-06-02 12:00:00,71272,58.7,-98.517,3.9076712462396674,41.5,162.1683567189462
2026-06-02 15:00:00,71272,58.7,-98.517,4.1751308963021,35.7,149.052172997985
2026-06-02 18:00:00,71272,58.7,-98.517,4.343217905919593,34.9,151.5783049165938
2026-06-02 21:00:00,7794,51.45,-57.183,3.094653479212039,43.4,134.3079609978025
2026-06-03 00:00:00,7794,51.45,-57.183,3.2057459937065778,58.0,185.93326763498152
2026-06-01 12:00:00,7794,51.45,-57.183,3.438557824721153,23.2,79.77454153353075
2026-06-01 15:00:00,7794,51.45,-57.183,3.842195106871733,16.5,63.39621926338359
2026-06-01 18:00:00,7794,51.45,-57.183,5.1089314331199445,21.9,111.88559838532677
2026-06-01 21:00:00,7794,51.45,-57.183,2.5253959659082286,26.4,66.67045349997723
2026-06-02 00:00:00,7794,51.45,-57.183,2.404309495279932,26.0,62.51204687727824
2026-06-02 03:00:00,7794,51.45,-57.183,2.9032392659200843,30.3,87.96814975737855
2026-06-02 06:00:00,7794,51.45,-57.183,1.9555596731779428,22.8,44.58676054845709
2026-06-02 09:00:00,7794,51.45,-57.183,1.9275442243499166,13.9,26.79286471846384
2026-06-02 12:00:00,7794,51.45,-57.183,2.3540063855170734,3.3,7.768221072206342
2026-06-02 15:00:00,7794,51.45,-57.183,3.438557824721153,16.8,57.767771455315376
2026-06-02 18:00:00,7794,51.45,-57.183,2.7265750121661876,25.4,69.25500530902116
2026-06-02 21:00:00,71925,69.1,-105.13,8.881784197001252e-16,48.1,4.2721381987576025e-14
2026-06-03 00:00:00,71925,69.1,-105.13,0.7902232355025234,28.1,22.20527291762091
2026-06-01 12:00:00,71925,69.1,-105.13,0.6708915469962147,22.9,15.363416426213314
2026-06-01 15:00:00,71925,69.1,-105.13,0.6565673873494893,34.1,22.388947908617585
2026-06-01 18:00:00,71925,69.1,-105.13,0.7206579288706765,12.8,9.224421489544659
2026-06-01 21:00:00,71925,69.1,-105.13,0.7958124078524431,15.6,12.414673562498113
2026-06-02 00:00:00,71925,69.1,-105.13,0.7467447377846224,21.8,16.27903528370477
2026-06-02 03:00:00,71925,69.1,-105.13,0.7155384254397026,17.9,12.808137815370674
2026-06-02 06:00:00,71925,69.1,-105.13,0.6565673873494893,19.9,13.065691008254836
2026-06-02 09:00:00,71925,69.1,-105.13,0.6518532243926476,25.7,16.752627866891043
2026-06-02 12:00:00,71925,69.1,-105.13,1.4209022621914675,31.6,44.90051148525038
2026-06-02 15:00:00,71925,69.1,-105.13,1.4829230939311424,30.9,45.822323602472295
2026-06-02 18:00:00,71925,69.1,-105.13,0.7902232355025243,31.1,24.575942624128505
2026-06-02 21:00:00,711526,49.164,-123.936,20.480244384683644,8.1,165.8899795159375
2026-06-03 00:00:00,711526,49.164,-123.936,22.98716395216969,12.2,280.4434002164702
2026-06-01 12:00:00,711526,49.164,-123.936,7.727667511934538,34.7,268.1500626641285
2026-06-01 15:00:00,711526,49.164,-123.936,7.778123900470627,28.6,222.45434355345995
2026-06-01 18:00:00,711526,49.164,-123.936,11.319257657331875,23.5,266.0025549472991
2026-06-01 21:00:00,711526,49.164,-123.936,16.546548269302768,19.6,324.31234607833426
2026-06-02 00:00:00,711526,49.164,-123.936,22.169070806215704,18.4,407.9109028343689
2026-06-02 03:00:00,711526,49.164,-123.936,25.243762085686022,21.4,540.2165086336809
2026-06-02 06:00:00,711526,49.164,-123.936,25.243762085686022,21.3,537.6921324251123
2026-06-02 09:00:00,711526,49.164,-123.936,16.142112676431733,32.5,524.6186619840313
2026-06-02 12:00:00,711526,49.164,-123.936,12.211598680254358,27.6,337.0401235750203
2026-06-02 15:00:00,711526,49.164,-123.936,12.366160218809535,22.4,277.00198890133356
2026-06-02 18:00:00,711526,49.164,-123.936,17.81347877675762,10.0,178.1347877675762
2026-06-02 21:00:00,711523,49.283,-117.617,13.441779857893803,2.9,38.981161587892025
2026-06-03 00:00:00,711523,49.283,-117.617,14.02431226982557,2.2,30.853486993616258
2026-06-01 12:00:00,711523,49.283,-117.617,4.120387120448928,1.5,6.180580680673392
2026-06-01 15:00:00,711523,49.283,-117.617,6.427815882457091,2.0,12.855631764914182
2026-06-01 18:00:00,711523,49.283,-117.617,9.798346167136534,3.1,30.374873118123258
2026-06-01 21:00:00,711523,49.283,-117.617,10.767246389383882,2.9,31.225014529213254
2026-06-02 00:00:00,711523,49.283,-117.617,10.83472084046535,2.8,30.337218353302976
2026-06-02 03:00:00,711523,49.283,-117.617,7.838676933709229,1.9,14.893486174047533
2026-06-02 06:00:00,711523,49.283,-117.617,6.6820268742818385,1.3,8.68663493656639
2026-06-02 09:00:00,711523,49.283,-117.617,4.546811228295878,0.8,3.6374489826367027
2026-06-02 12:00:00,711523,49.283,-117.617,2.8576932952734353,0.9,2.571923965746092
2026-06-02 15:00:00,711523,49.283,-117.617,5.344010070450457,1.6,8.55041611272073
2026-06-02 18:00:00,711523,49.283,-117.617,11.601716157222107,2.3,26.683947161610845
2026-06-02 21:00:00,139,49.11,-81.01,22.849014085503065,10.6,242.19954930633247
2026-06-03 00:00:00,139,49.11,-81.01,20.483178663192756,7.7,157.72047570658424
2026-06-01 12:00:00,139,49.11,-81.01,6.215887659620553,13.9,86.4008384687257
2026-06-01 15:00:00,139,49.11,-81.01,13.980082358667978,11.5,160.77094712468175
2026-06-01 18:00:00,139,49.11,-81.01,17.27565261467216,20.4,352.4233133393121
2026-06-01 21:00:00,139,49.11,-81.01,17.704758808755617,22.2,393.0456455543747
2026-06-02 00:00:00,139,49.11,-81.01,13.001665008558426,25.3,328.9421247165282
2026-06-02 03:00:00,139,49.11,-81.01,10.218612975783309,30.4,310.64583446381255
2026-06-02 06:00:00,139,49.11,-81.01,8.975607140139807,25.2,226.18529993152313
2026-06-02 09:00:00,139,49.11,-81.01,9.0344455304698,15.1,136.42012751009398
2026-06-02 12:00:00,139,49.11,-81.01,10.609226199357057,11.0,116.70148819292763
2026-06-02 15:00:00,139,49.11,-81.01,15.551665285223091,13.6,211.50264787903404
2026-06-02 18:00:00,139,49.11,-81.01,21.246832688600925,14.4,305.9543907158533
2026-06-02 21:00:00,711298,52.117,-119.283,11.746155659790574,2.0,23.492311319581148
2026-06-03 00:00:00,711298,52.117,-119.283,12.114152044792359,2.3,27.862549703022424
2026-06-01 12:00:00,711298,52.117,-119.283,7.509070135881972,2.8,21.02539638046952
2026-06-01 15:00:00,711298,52.117,-119.283,9.153139571738077,2.1,19.22159310064996
2026-06-01 18:00:00,711298,52.117,-119.283,11.319257657331878,1.8,20.37466378319738
2026-06-01 21:00:00,711298,52.117,-119.283,12.444081188264596,1.1,13.688489307091057
2026-06-02 00:00:00,711298,52.117,-119.283,10.370067656887166,2.0,20.74013531377433
2026-06-02 03:00:00,711298,52.117,-119.283,9.313523468413711,2.3,21.421103977351535
2026-06-02 06:00:00,711298,52.117,-119.283,9.517479628585347,2.1,19.98670722002923
2026-06-02 09:00:00,711298,52.117,-119.283,7.334255623355902,2.5,18.335639058389756
2026-06-02 12:00:00,711298,52.117,-119.283,6.958551493836831,2.5,17.396378734592076
2026-06-02 15:00:00,711298,52.117,-119.283,8.406552567162263,1.9,15.9724498776083
2026-06-02 18:00:00,711298,52.117,-119.283,12.52243160929783,2.1,26.29710637952544
2026-06-02 21:00:00,711078,55.697,-121.633,18.143144703503832,8.3,150.58810103908183
2026-06-03 00:00:00,711078,55.697,-121.633,18.47812508366831,7.8,144.12937565261282
2026-06-01 12:00:00,711078,55.697,-121.633,7.022045276864158,3.4,23.874953941338134
2026-06-01 15:00:00,711078,55.697,-121.633,9.333748680564753,1.1,10.267123548621228
2026-06-01 18:00:00,711078,55.697,-121.633,14.609503544180804,5.0,73.04751772090401
2026-06-01 21:00:00,711078,55.697,-121.633,19.263611638877386,6.3,121.36075332492753
2026-06-02 00:00:00,711078,55.697,-121.633,19.743602988196756,6.6,130.3077797220986
2026-06-02 03:00:00,711078,55.697,-121.633,17.66299037811163,5.9,104.21164323085863
2026-06-02 06:00:00,711078,55.697,-121.633,11.469219573359444,5.7,65.37455156814883
2026-06-02 09:00:00,711078,55.697,-121.633,8.46102612686019,3.1,26.229180993266592
2026-06-02 12:00:00,711078,55.697,-121.633,7.763546464599769,2.3,17.85615686857947
2026-06-02 15:00:00,711078,55.697,-121.633,12.153779507804826,2.9,35.245960572634
2026-06-02 18:00:00,711078,55.697,-121.633,15.844483951544508,7.9,125.17142321720162
2026-06-02 21:00:00,142,49.157,-121.95,29.31619199608093,7.4,216.9398207709989
2026-06-03 00:00:00,142,49.157,-121.95,30.00792471180904,15.3,459.1212480906783
2026-06-01 12:00:00,142,49.157,-121.95,6.958551493836831,19.8,137.77931957796926
2026-06-01 15:00:00,142,49.157,-121.95,9.093622456591762,22.6,205.51586751897383
2026-06-01 18:00:00,142,49.157,-121.95,18.67798499780928,13.6,254.0205959702062
2026-06-01 21:00:00,142,49.157,-121.95,25.148576871604448,8.5,213.7629034086378
2026-06-02 00:00:00,142,49.157,-121.95,30.378498781259747,4.4,133.6653946375429
2026-06-02 03:00:00,142,49.157,-121.95,19.753024475355517,18.7,369.38155768914817
2026-06-02 06:00:00,142,49.157,-121.95,16.04236456262723,4.1,65.77369470677164
2026-06-02 09:00:00,142,49.157,-121.95,14.793833605219513,19.2,284.04160522021465
2026-06-02 12:00:00,142,49.157,-121.95,13.804667100628865,22.6,311.98547647421236
2026-06-02 15:00:00,142,49.157,-121.95,14.157446510937078,27.2,385.0825450974885
2026-06-02 18:00:00,142,49.157,-121.95,22.803797381406785,17.0,387.66455548391536
2026-06-02 21:00:00,712060,64.033,-139.117,9.43271471444323,2.7,25.468329728996725
2026-06-03 00:00:00,712060,64.033,-139.117,10.04894263158833,3.1,31.151722157923825
2026-06-01 12:00:00,712060,64.033,-139.117,1.8177166747774578,2.1,3.8172050170326615
2026-06-01 15:00:00,712060,64.033,-139.117,3.237250631087475,2.4,7.76940151460994
2026-06-01 18:00:00,712060,64.033,-139.117,5.385939647328092,3.0,16.157818941984274
2026-06-01 21:00:00,712060,64.033,-139.117,9.579424901778847,3.0,28.73827470533654
2026-06-02 00:00:00,712060,64.033,-139.117,8.570453032717522,5.3,45.423401073402864
2026-06-02 03:00:00,712060,64.033,-139.117,6.639055542754683,5.9,39.17042770225263
2026-06-02 06:00:00,712060,64.033,-139.117,2.7469247469659486,3.4,9.339544139684225
2026-06-02 09:00:00,712060,64.033,-139.117,2.1581670873916483,0.5,1.0790835436958242
2026-06-02 12:00:00,712060,64.033,-139.117,2.0575969954361817,0.4,0.8230387981744727
2026-06-02 15:00:00,712060,64.033,-139.117,5.1756976430665125,1.8,9.316255757519723
2026-06-02 18:00:00,712060,64.033,-139.117,8.245408614021288,4.0,32.98163445608515
2026-06-02 21:00:00,71001,61.22,-139.02,7.034675101554242,2.8,19.697090284351876
2026-06-03 00:00:00,71001,61.22,-139.02,7.450818774730973,3.1,23.097538201666016
2026-06-01 12:00:00,71001,61.22,-139.02,4.7413394130151385,7.4,35.08591165631203
2026-06-01 15:00:00,71001,61.22,-139.02,5.453150024332377,4.4,23.99386010706246
2026-06-01 18:00:00,71001,61.22,-139.02,5.773375041512659,1.7,9.81473757057152
2026-06-01 21:00:00,71001,61.22,-139.02,8.240774240897856,3.2,26.370477570873142
2026-06-02 00:00:00,71001,61.22,-139.02,7.382449488411438,0.6,4.429469693046863
2026-06-02 03:00:00,71001,61.22,-139.02,7.191328564684139,2.2,15.820922842305107
2026-06-02 06:00:00,71001,61.22,-139.02,6.133278166337295,6.7,41.09296371445988
2026-06-02 09:00:00,71001,61.22,-139.02,5.322499844408107,7.4,39.38649884861999
2026-06-02 12:00:00,71001,61.22,-139.02,4.0592650360373135,5.7,23.137810705412686
2026-06-02 15:00:00,71001,61.22,-139.02,4.744774537417802,1.7,8.066116713610263
2026-06-02 18:00:00,71001,61.22,-139.02,6.022963686979866,2.0,12.045927373959731
2026-06-02 21:00:00,71032,49.467,-120.512,22.00500476265389,1.2,26.406005715184666
2026-06-03 00:00:00,71032,49.467,-120.512,22.939355178842128,1.1,25.233290696726343
2026-06-01 12:00:00,71032,49.467,-120.512,7.867442282700478,1.5,11.801163424050717
2026-06-01 15:00:00,71032,49.467,-120.512,9.767389468068075,1.9,18.55803998932934
2026-06-01 18:00:00,71032,49.467,-120.512,15.74634653993905,1.3,20.470250501920766
2026-06-01 21:00:00,71032,49.467,-120.512,20.989565760525657,5.7,119.64052483499626
2026-06-02 00:00:00,71032,49.467,-120.512,18.818491801051323,6.4,120.43834752672848
2026-06-02 03:00:00,71032,49.467,-120.512,16.752066879634903,4.7,78.73471433428405
2026-06-02 06:00:00,71032,49.467,-120.512,11.247543673555947,1.6,17.996069877689518
2026-06-02 09:00:00,71032,49.467,-120.512,9.894490336825546,0.8,7.915592269460437
2026-06-02 12:00:00,71032,49.467,-120.512,7.6276163097817316,0.3,2.288284892934519
2026-06-02 15:00:00,71032,49.467,-120.512,11.536809304076428,1.0,11.536809304076428
2026-06-02 18:00:00,71032,49.467,-120.512,19.04843119807068,2.7,51.43076423479084
2026-06-02 21:00:00,100108,58.417,-130.017,14.886759528899322,10.8,160.7770029121127
2026-06-03 00:00:00,100108,58.417,-130.017,13.164936513384209,10.4,136.9153397391958
2026-06-01 12:00:00,100108,58.417,-130.017,2.177429449440063,1.1,2.3951723943840695
2026-06-01 15:00:00,100108,58.417,-130.017,4.802743883589664,2.5,12.00685970897416
2026-06-01 18:00:00,100108,58.417,-130.017,6.822087779241336,4.3,29.334977450737743
2026-06-01 21:00:00,100108,58.417,-130.017,11.769173594027171,6.4,75.3227110017739
2026-06-02 00:00:00,100108,58.417,-130.017,12.629822671390581,6.5,82.09384736403878
2026-06-02 03:00:00,100108,58.417,-130.017,9.830759634308095,5.7,56.03532991555614
2026-06-02 06:00:00,100108,58.417,-130.017,4.776762743128119,2.6,12.41958313213311
2026-06-02 09:00:00,100108,58.417,-130.017,2.982471330652694,1.4,4.175459862913772
2026-06-02 12:00:00,100108,58.417,-130.017,2.7077188148940303,0.8,2.1661750519152245
2026-06-02 15:00:00,100108,58.417,-130.017,6.092337018815737,3.2,19.49547846021036
2026-06-02 18:00:00,100108,58.417,-130.017,10.484579860220151,4.7,49.27752534303471
2026-06-02 21:00:00,71902,56.55,-61.683,3.895479400364148,36.1,140.62680635314575
2026-06-03 00:00:00,71902,56.55,-61.683,2.764635537683353,47.3,130.7672609324226
2026-06-01 12:00:00,71902,56.55,-61.683,1.98393515401205,14.2,28.171879186971108
2026-06-01 15:00:00,71902,56.55,-61.683,2.3046360491905036,12.0,27.655632590286043
2026-06-01 18:00:00,71902,56.55,-61.683,3.5112537939270902,10.9,38.272666353805285
2026-06-01 21:00:00,71902,56.55,-61.683,2.4555604612549393,11.8,28.975613442808285
2026-06-02 00:00:00,71902,56.55,-61.683,1.3226234360080333,17.2,22.749123099338174
2026-06-02 03:00:00,71902,56.55,-61.683,1.2393699885753398,9.8,12.145825888038331
2026-06-02 06:00:00,71902,56.55,-61.683,0.576170865692661,10.9,6.280262436050005
2026-06-02 09:00:00,71902,56.55,-61.683,0.6471690639174268,14.1,9.125083801235718
2026-06-02 12:00:00,71902,56.55,-61.683,2.0564751647107737,19.9,40.92385577774439
2026-06-02 15:00:00,71902,56.55,-61.683,2.5969805133409105,26.5,68.81998360353413
2026-06-02 18:00:00,71902,56.55,-61.683,2.8816463301537993,29.6,85.29673137255246
2026-06-02 21:00:00,71471,55.76,-120.24,17.81347877675762,12.6,224.449832587146
2026-06-03 00:00:00,71471,55.76,-120.24,20.86195520135491,10.8,225.30911617463303
2026-06-01 12:00:00,71471,55.76,-120.24,8.937669607496286,4.4,39.32574627298366
2026-06-01 15:00:00,71471,55.76,-120.24,11.693547029993217,7.4,86.53224802194981
2026-06-01 18:00:00,71471,55.76,-120.24,17.120223832940468,10.6,181.47437262916895
2026-06-01 21:00:00,71471,55.76,-120.24,19.263611638877386,12.0,231.16333966652863
2026-06-02 00:00:00,71471,55.76,-120.24,19.622636025065653,11.1,217.81125987822873
2026-06-02 03:00:00,71471,55.76,-120.24,17.55324868451228,7.7,135.16001487074456
2026-06-02 06:00:00,71471,55.76,-120.24,11.693547029993217,4.3,50.28225222897083
2026-06-02 09:00:00,71471,55.76,-120.24,10.200873779852781,2.1,21.421834937690843
2026-06-02 12:00:00,71471,55.76,-120.24,8.07890947099214,2.4,19.389382730381136
2026-06-02 15:00:00,71471,55.76,-120.24,12.389796387368945,6.4,79.29469687916125
2026-06-02 18:00:00,71471,55.76,-120.24,15.74634653993905,13.1,206.27713967320156
2026-06-02 21:00:00,71123,53.317,-113.583,5.276006326165682,22.6,119.23774297134442
2026-06-03 00:00:00,71123,53.317,-113.583,5.276006326165682,20.8,109.74093158424618
2026-06-01 12:00:00,71123,53.317,-113.583,2.972368546268818,31.2,92.73789864358712
2026-06-01 15:00:00,71123,53.317,-113.583,3.1931416339262793,33.4,106.65093057313773
2026-06-01 18:00:00,71123,53.317,-113.583,5.175423574788796,33.8,174.9293168278613
2026-06-01 21:00:00,71123,53.317,-113.583,5.378299235131456,33.7,181.24868422393007
2026-06-02 00:00:00,71123,53.317,-113.583,5.309912737443835,30.8,163.5453123132701
2026-06-02 03:00:00,71123,53.317,-113.583,5.011520155711379,30.0,150.34560467134136
2026-06-02 06:00:00,71123,53.317,-113.583,3.1315477378266205,29.2,91.44119394453732
2026-06-02 09:00:00,71123,53.317,-113.583,2.9918690467132656,23.7,70.9072964071044
2026-06-02 12:00:00,71123,53.317,-113.583,2.8954786039463922,24.7,71.51832151747588
2026-06-02 15:00:00,71123,53.317,-113.583,3.070999511865054,25.0,76.77498779662635
2026-06-02 18:00:00,71123,53.317,-113.583,5.011520155711379,24.6,123.28339583049993
2026-06-02 21:00:00,150,46.35,-82.55,19.992887324815186,14.0,279.90042254741263
2026-06-03 00:00:00,150,46.35,-82.55,14.70141572627621,25.7,377.8263841652986
2026-06-01 12:00:00,150,46.35,-82.55,8.975607140139807,21.6,193.87311422701984
2026-06-01 15:00:00,150,46.35,-82.55,14.336777828927412,13.3,190.6791451247346
2026-06-01 18:00:00,150,46.35,-82.55,16.855660184017715,8.5,143.27311156415058
2026-06-01 21:00:00,150,46.35,-82.55,17.59661881049055,4.9,86.2234321714037
2026-06-02 00:00:00,150,46.35,-82.55,14.518094719642033,14.8,214.8678018507021
2026-06-02 03:00:00,150,46.35,-82.55,14.427186921944461,20.0,288.54373843888925
2026-06-02 06:00:00,150,46.35,-82.55,14.807078996500302,27.4,405.7139645041082
2026-06-02 09:00:00,150,46.35,-82.55,12.310681427719928,28.7,353.3165569755619
2026-06-02 12:00:00,150,46.35,-82.55,11.693547029993216,21.9,256.0886799568514
2026-06-02 15:00:00,150,46.35,-82.55,16.142112676431733,11.1,179.17745070839223
2026-06-02 18:00:00,150,46.35,-82.55,22.849014085503068,10.3,235.3448450806816
2026-06-02 21:00:00,71559,49.217,-102.967,8.313401552330891,12.6,104.74885955936922
2026-06-03 00:00:00,71559,49.217,-102.967,8.414587361895343,8.6,72.36545131229995
2026-06-01 12:00:00,71559,49.217,-102.967,5.482326870467812,15.0,82.23490305701718
2026-06-01 15:00:00,71559,49.217,-102.967,10.240555592091008,17.7,181.25783398001084
2026-06-01 18:00:00,71559,49.217,-102.967,12.188948184403579,21.2,258.4057015093559
2026-06-01 21:00:00,71559,49.217,-102.967,15.935124516450696,25.3,403.1586502662026
2026-06-02 00:00:00,71559,49.217,-102.967,15.742174320394241,21.4,336.88253045643677
2026-06-02 03:00:00,71559,49.217,-102.967,10.970780427820173,5.3,58.145136267446915
2026-06-02 06:00:00,71559,49.217,-102.967,7.498362449037302,7.7,57.73739085758722
2026-06-02 09:00:00,71559,49.217,-102.967,5.378299235131456,8.9,47.86686319266996
2026-06-02 12:00:00,71559,49.217,-102.967,3.678261686945916,12.9,47.44957576160232
2026-06-02 15:00:00,71559,49.217,-102.967,7.004244374178484,21.6,151.29167848225526
2026-06-02 18:00:00,71559,49.217,-102.967,7.8232332005080885,19.8,154.90001737006017
2026-06-02 21:00:00,71099,56.0,-87.67,27.48492887043207,23.9,656.8898000033265
2026-06-03 00:00:00,71099,56.0,-87.67,13.836096579798628,47.2,653.0637585664953
2026-06-01 12:00:00,71099,56.0,-87.67,5.358849458879872,23.5,125.932962283677
2026-06-01 15:00:00,71099,56.0,-87.67,5.469214667359201,21.6,118.13503681495874
2026-06-01 18:00:00,71099,56.0,-87.67,4.618700033210127,22.1,102.0732707339438
2026-06-01 21:00:00,71099,56.0,-87.67,3.9599236754514973,26.7,105.72996213455498
2026-06-02 00:00:00,71099,56.0,-87.67,6.182134009547632,30.7,189.79151409311228
2026-06-02 03:00:00,71099,56.0,-87.67,10.688020140900916,38.6,412.55757743877535
2026-06-02 06:00:00,71099,56.0,-87.67,13.717684633991146,48.9,670.7947786021671
2026-06-02 09:00:00,71099,56.0,-87.67,13.459610854755832,46.4,624.5259436606706
2026-06-02 12:00:00,71099,56.0,-87.67,16.488213625079382,45.3,746.9160772160959
2026-06-02 15:00:00,71099,56.0,-87.67,13.717684633991148,35.4,485.6060360432866
2026-06-02 18:00:00,71099,56.0,-87.67,17.766671753409312,26.0,461.9334655886421
2026-06-02 21:00:00,153,80.0,-85.82,2.32158743091028,8.1,18.804858190373267
2026-06-03 00:00:00,153,80.0,-85.82,2.0035793604638807,5.5,11.019686482551345
2026-06-01 12:00:00,153,80.0,-85.82,0.9739628070041952,34.5,33.60171684164474
2026-06-01 15:00:00,153,80.0,-85.82,1.1367193081625766,5.8,6.592971987342944
2026-06-01 18:00:00,153,80.0,-85.82,0.8689625805050647,15.1,13.121334965626477
2026-06-01 21:00:00,153,80.0,-85.82,1.4157176020614375,18.9,26.757062678961166
2026-06-02 00:00:00,153,80.0,-85.82,1.6110925560418394,27.1,43.66060826873385
2026-06-02 03:00:00,153,80.0,-85.82,1.6608021957262298,26.2,43.51301752802722
2026-06-02 06:00:00,153,80.0,-85.82,1.5988738245183756,22.4,35.81477366921161
2026-06-02 09:00:00,153,80.0,-85.82,1.6608021957262302,21.9,36.37156808640444
2026-06-02 12:00:00,153,80.0,-85.82,1.7118710424454924,18.0,30.813678764018864
2026-06-02 15:00:00,153,80.0,-85.82,1.618042671409158,13.0,21.034554728319055
2026-06-02 18:00:00,153,80.0,-85.82,1.690968340640672,10.1,17.078780240470785
2026-06-02 21:00:00,71957,68.3,-133.48,11.907541932482626,8.9,105.97712319909537
2026-06-03 00:00:00,71957,68.3,-133.48,10.688020140900916,9.8,104.74259738082898
2026-06-01 12:00:00,71957,68.3,-133.48,6.469622053833143,18.9,122.27585681744638
2026-06-01 15:00:00,71957,68.3,-133.48,6.341638241122728,17.0,107.80785009908637
2026-06-01 18:00:00,71957,68.3,-133.48,6.062414971061177,11.8,71.53649665852188
2026-06-01 21:00:00,71957,68.3,-133.48,7.034675101554242,5.4,37.98724554839291
2026-06-02 00:00:00,71957,68.3,-133.48,9.313523468413711,7.4,68.92007366626147
2026-06-02 03:00:00,71957,68.3,-133.48,6.812408650522205,5.6,38.149488442924344
2026-06-02 06:00:00,71957,68.3,-133.48,8.681271077003448,6.7,58.1645162159231
2026-06-02 09:00:00,71957,68.3,-133.48,8.793343876942805,9.5,83.53676683095665
2026-06-02 12:00:00,71957,68.3,-133.48,8.245408614021288,16.6,136.8737829927534
2026-06-02 15:00:00,71957,68.3,-133.48,9.153139571738079,17.7,162.01057041976398
2026-06-02 18:00:00,71957,68.3,-133.48,9.455886298746178,16.2,153.18535803968808
2026-06-02 21:00:00,71909,63.75,-68.55,3.63543334955492,39.7,144.32670397733034
2026-06-03 00:00:00,71909,63.75,-68.55,3.094653479212041,41.9,129.6659807789845
2026-06-01 12:00:00,71909,63.75,-68.55,1.5041223998959579,36.6,55.05087983619206
2026-06-01 15:00:00,71909,63.75,-68.55,2.745547050133389,41.0,112.56742905546895
2026-06-01 18:00:00,71909,63.75,-68.55,2.9620609626472723,43.3,128.25723968262687
2026-06-01 21:00:00,71909,63.75,-68.55,4.22909420583398,47.0,198.76742767419705
2026-06-02 00:00:00,71909,63.75,-68.55,4.004007546334267,43.9,175.77593128407432
2026-06-02 03:00:00,71909,63.75,-68.55,2.490261896639244,42.2,105.0890520381761
2026-06-02 06:00:00,71909,63.75,-68.55,2.208634345463919,37.5,82.82378795489696
2026-06-02 09:00:00,71909,63.75,-68.55,2.1313533932872017,36.7,78.2206695336403
2026-06-02 12:00:00,71909,63.75,-68.55,2.161973786612034,35.9,77.61485893937201
2026-06-02 15:00:00,71909,63.75,-68.55,3.367194621210971,32.4,109.09710572723546
2026-06-02 18:00:00,71909,63.75,-68.55,3.71178811506764,32.8,121.74665017421859
2026-06-02 21:00:00,71946,61.75,-121.233,24.490840111805163,19.9,487.3677182249227
2026-06-03 00:00:00,71946,61.75,-121.233,26.810393813598534,22.1,592.5097032805277
2026-06-01 12:00:00,71946,61.75,-121.233,11.581914415785572,30.5,353.24838968145997
2026-06-01 15:00:00,71946,61.75,-121.233,11.355854712280038,16.4,186.2360172813926
2026-06-01 18:00:00,71946,61.75,-121.233,16.488213625079382,8.5,140.14981581317474
2026-06-01 21:00:00,71946,61.75,-121.233,19.26025181205803,8.6,165.63816558369905
2026-06-02 00:00:00,71946,61.75,-121.233,21.80547368062625,5.3,115.56901050731912
2026-06-02 03:00:00,71946,61.75,-121.233,21.274133489103562,4.4,93.60618735205568
2026-06-02 06:00:00,71946,61.75,-121.233,19.381043500890986,21.8,422.5067483194235
2026-06-02 09:00:00,71946,61.75,-121.233,18.088096736858994,34.1,616.8040987268917
2026-06-02 12:00:00,71946,61.75,-121.233,15.188495994725638,29.5,448.0606318444063
2026-06-02 15:00:00,71946,61.75,-121.233,13.624817301044413,27.3,371.9575123185125
2026-06-02 18:00:00,71946,61.75,-121.233,19.145219291011315,18.7,358.0156007419116
2026-06-02 21:00:00,100844,51.3,-116.983,10.435359674414858,2.6,27.131935153478633
2026-06-03 00:00:00,100844,51.3,-116.983,10.70013989558779,4.0,42.80055958235116
2026-06-01 12:00:00,100844,51.3,-116.983,5.107239775712165,3.2,16.343167282278927
2026-06-01 15:00:00,100844,51.3,-116.983,7.238696509865981,4.6,33.298003945383506
2026-06-01 18:00:00,100844,51.3,-116.983,8.245408614021288,7.2,59.366942020953275
2026-06-01 21:00:00,100844,51.3,-116.983,6.989719906813432,6.3,44.03523541292462
2026-06-02 00:00:00,100844,51.3,-116.983,6.945016861602758,7.4,51.39312477586041
2026-06-02 03:00:00,100844,51.3,-116.983,6.427815882457091,6.6,42.4235848242168
2026-06-02 06:00:00,100844,51.3,-116.983,4.3147971388104835,5.3,22.868424835695564
2026-06-02 09:00:00,100844,51.3,-116.983,4.120387120448928,4.7,19.365819466109965
2026-06-02 12:00:00,100844,51.3,-116.983,5.3503862761283525,4.0,21.40154510451341
2026-06-02 15:00:00,100844,51.3,-116.983,7.931233023821123,4.6,36.48367190957716
2026-06-02 18:00:00,100844,51.3,-116.983,9.614007753397022,4.6,44.224435665626295
2026-06-02 21:00:00,7819,48.783,-64.483,5.006046757254649,12.5,62.57558446568311
2026-06-03 00:00:00,7819,48.783,-64.483,4.2870795671038975,21.2,90.88608682260262
2026-06-01 12:00:00,7819,48.783,-64.483,6.299474896079788,19.8,124.72960294237981
2026-06-01 15:00:00,7819,48.783,-64.483,8.350261792604195,19.0,158.6549740594797
2026-06-01 18:00:00,7819,48.783,-64.483,10.403289911940865,13.8,143.56540078478395
2026-06-01 21:00:00,7819,48.783,-64.483,10.678662833694425,7.1,75.8185061192304
2026-06-02 00:00:00,7819,48.783,-64.483,8.937669607496286,14.9,133.17127715169465
2026-06-02 03:00:00,7819,48.783,-64.483,8.702242723468776,14.6,127.05274376264413
2026-06-02 06:00:00,7819,48.783,-64.483,5.657612469905208,20.9,118.24410062101884
2026-06-02 09:00:00,7819,48.783,-64.483,3.895479400364146,19.2,74.7932044869916
2026-06-02 12:00:00,7819,48.783,-64.483,5.734557825590504,10.4,59.639401386141245
2026-06-02 15:00:00,7819,48.783,-64.483,5.421700619488366,13.4,72.6507883011441
2026-06-02 18:00:00,7819,48.783,-64.483,5.210228328319556,12.5,65.12785410399445
2026-06-02 21:00:00,73071,49.78,-86.94,28.806531457183322,17.5,504.1143005007081
2026-06-03 00:00:00,73071,49.78,-86.94,27.956845724776713,21.5,601.0721830826993
2026-06-01 12:00:00,73071,49.78,-86.94,8.573079885820313,16.7,143.17043409319922
2026-06-01 15:00:00,73071,49.78,-86.94,14.068519684223663,16.4,230.72372282126804
2026-06-01 18:00:00,73071,49.78,-86.94,19.98749277189637,16.6,331.7923800134798
2026-06-01 21:00:00,73071,49.78,-86.94,21.902077143457845,15.8,346.05281886663397
2026-06-02 00:00:00,73071,49.78,-86.94,20.358261459151564,14.5,295.1947911576977
2026-06-02 03:00:00,73071,49.78,-86.94,12.366160218809537,25.7,317.81031762340507
2026-06-02 06:00:00,73071,49.78,-86.94,10.825562289763354,26.2,283.6297319917999
2026-06-02 09:00:00,73071,49.78,-86.94,8.192299695256745,22.0,180.2305932956484
2026-06-02 12:00:00,73071,49.78,-86.94,10.023040311422758,21.4,214.493062664447
2026-06-02 15:00:00,73071,49.78,-86.94,17.169806521932443,8.8,151.09429739300552
2026-06-02 18:00:00,73071,49.78,-86.94,24.702663377483148,10.8,266.788764476818
2026-06-02 21:00:00,71912,56.35,-94.717,14.270597499578981,40.8,582.2403779828225
2026-06-03 00:00:00,71912,56.35,-94.717,8.245408614021288,41.5,342.18445748188344
2026-06-01 12:00:00,71912,56.35,-94.717,12.956194121937763,38.0,492.335376633635
2026-06-01 15:00:00,71912,56.35,-94.717,15.551665285223091,26.9,418.3397961725011
2026-06-01 18:00:00,71912,56.35,-94.717,23.40599358249559,28.6,669.4114164593739
2026-06-01 21:00:00,71912,56.35,-94.717,26.685996831509634,27.6,736.5335125496659
2026-06-02 00:00:00,71912,56.35,-94.717,26.844145839815518,27.8,746.2672543468714
2026-06-02 03:00:00,71912,56.35,-94.717,23.97477399224968,35.6,853.5019541240887
2026-06-02 06:00:00,71912,56.35,-94.717,21.76963565493792,37.6,818.5383006256659
2026-06-02 09:00:00,71912,56.35,-94.717,21.902077143457845,31.9,698.6762608763053
2026-06-02 12:00:00,71912,56.35,-94.717,21.246832688600925,21.9,465.3056358803602
2026-06-02 15:00:00,71912,56.35,-94.717,21.117857238478067,14.6,308.32071568177975
2026-06-02 18:00:00,71912,56.35,-94.717,21.486118871251584,9.6,206.2667411640152
2026-06-02 21:00:00,71527,49.83,-92.74,30.892508767553053,14.6,451.0306280062746
2026-06-03 00:00:00,71527,49.83,-92.74,28.80653145718332,12.6,362.9622963605098
2026-06-01 12:00:00,71527,49.83,-92.74,12.058731157905996,8.1,97.67572237903856
2026-06-01 15:00:00,71527,49.83,-92.74,16.42655785759338,10.6,174.12151329048982
2026-06-01 18:00:00,71527,49.83,-92.74,23.350247227570932,8.9,207.8172003253813
2026-06-01 21:00:00,71527,49.83,-92.74,28.638365755207264,10.4,297.8390038541556
2026-06-02 00:00:00,71527,49.83,-92.74,28.13898105185363,12.2,343.29556883261426
2026-06-02 03:00:00,71527,49.83,-92.74,20.357444168273098,18.6,378.6484615298796
2026-06-02 06:00:00,71527,49.83,-92.74,13.922059388666531,27.1,377.287809432863
2026-06-02 09:00:00,71527,49.83,-92.74,12.21159868025436,24.9,304.06880713833357
2026-06-02 12:00:00,71527,49.83,-92.74,13.205800600220522,18.6,245.62789116410173
2026-06-02 15:00:00,71527,49.83,-92.74,20.23528646765196,11.7,236.7528516715279
2026-06-02 18:00:00,71527,49.83,-92.74,28.97555529126884,12.9,373.78466325736804
2026-06-02 21:00:00,71187,49.385,-121.441,27.162892909610424,1.8,48.89320723729876
2026-06-03 00:00:00,71187,49.385,-121.441,28.30459417954106,3.8,107.55745788225602
2026-06-01 12:00:00,71187,49.385,-121.441,5.175697643066513,1.2,6.210837171679816
2026-06-01 15:00:00,71187,49.385,-121.441,9.579424901778847,1.1,10.537367391956732
2026-06-01 18:00:00,71187,49.385,-121.441,18.91034087920317,0.8,15.128272703362535
2026-06-01 21:00:00,71187,49.385,-121.441,22.849014085503065,1.4,31.98861971970429
2026-06-02 00:00:00,71187,49.385,-121.441,23.97477399224968,1.7,40.75711578682446
2026-06-02 03:00:00,71187,49.385,-121.441,21.117857238478067,1.9,40.12392875310832
2026-06-02 06:00:00,71187,49.385,-121.441,14.518094719642033,2.6,37.74704627106929
2026-06-02 09:00:00,71187,49.385,-121.441,11.034785060837761,1.7,18.759134603424194
2026-06-02 12:00:00,71187,49.385,-121.441,10.218612975783309,1.6,16.349780761253296
2026-06-02 15:00:00,71187,49.385,-121.441,11.982927736001123,1.5,17.974391604001685
2026-06-02 18:00:00,71187,49.385,-121.441,20.60368995130115,1.9,39.14701090747218
2026-06-02 21:00:00,163,49.69,-83.66,24.999166243338816,9.1,227.49241281438321
2026-06-03 00:00:00,163,49.69,-83.66,24.409229332841793,13.9,339.2882877265009
2026-06-01 12:00:00,163,49.69,-83.66,6.011175855959946,19.5,117.21792919121896
2026-06-01 15:00:00,163,49.69,-83.66,11.105309247375224,12.1,134.37424189324022
2026-06-01 18:00:00,163,49.69,-83.66,16.64903041617548,17.9,298.0176444495411
2026-06-01 21:00:00,163,49.69,-83.66,17.59661881049055,17.6,309.7004910646337
2026-06-02 00:00:00,163,49.69,-83.66,15.844483951544508,20.8,329.56526619212576
2026-06-02 03:00:00,163,49.69,-83.66,11.463888579373112,27.2,311.8177693589486
2026-06-02 06:00:00,163,49.69,-83.66,9.830759634308095,31.5,309.66892848070495
2026-06-02 09:00:00,163,49.69,-83.66,9.641723823685634,18.9,182.2285802676585
2026-06-02 12:00:00,163,49.69,-83.66,11.469219573359442,11.9,136.48371292297736
2026-06-02 15:00:00,163,49.69,-83.66,16.042364562627235,3.9,62.56522179424621
2026-06-02 18:00:00,163,49.69,-83.66,23.265650478026394,3.2,74.45008152968447
2026-06-02 21:00:00,71263,43.167,-79.933,23.83146116764314,16.3,388.4528170325832
2026-06-03 00:00:00,71263,43.167,-79.933,20.989565760525654,18.6,390.4059231457772
2026-06-01 12:00:00,71263,43.167,-79.933,8.917105638806458,25.5,227.3861937895647
2026-06-01 15:00:00,71263,43.167,-79.933,11.034785060837761,20.6,227.3165722532579
2026-06-01 18:00:00,71263,43.167,-79.933,14.427186921944461,18.2,262.5748019793892
2026-06-01 21:00:00,71263,43.167,-79.933,15.1686091766515,20.1,304.88904445069517
2026-06-02 00:00:00,71263,43.167,-79.933,14.518094719642033,15.8,229.38589657034413
2026-06-02 03:00:00,71263,43.167,-79.933,11.105309247375226,17.9,198.78503552801652
2026-06-02 06:00:00,71263,43.167,-79.933,10.484579860220151,17.9,187.67397949794068
2026-06-02 09:00:00,71263,43.167,-79.933,10.350847149577586,8.8,91.08745491628277
2026-06-02 12:00:00,71263,43.167,-79.933,8.460877816886553,14.3,120.99055278147772
2026-06-02 15:00:00,71263,43.167,-79.933,14.358914468258485,12.5,179.48643085323107
2026-06-02 18:00:00,71263,43.167,-79.933,21.902077143457845,19.4,424.90029658308214
2026-06-02 21:00:00,71361,60.833,-115.783,13.0389328557792,10.2,132.99711512894783
2026-06-03 00:00:00,71361,60.833,-115.783,13.450484107459623,14.2,190.99687432592663
2026-06-01 12:00:00,71361,60.833,-115.783,6.222499120376499,16.9,105.16023513436282
2026-06-01 15:00:00,71361,60.833,-115.783,5.7909572078927845,10.9,63.12143356603135
2026-06-01 18:00:00,71361,60.833,-115.783,6.427815882457091,7.9,50.779745471411026
2026-06-01 21:00:00,71361,60.833,-115.783,10.350847149577586,15.1,156.29779195862153
2026-06-02 00:00:00,71361,60.833,-115.783,14.250693521201223,15.7,223.73588828285918
2026-06-02 03:00:00,71361,60.833,-115.783,16.488213625079382,10.8,178.07270715085733
2026-06-02 06:00:00,71361,60.833,-115.783,15.677353867418454,14.1,221.05068953060018
2026-06-02 09:00:00,71361,60.833,-115.783,12.629822671390585,13.9,175.55453513232914
2026-06-02 12:00:00,71361,60.833,-115.783,13.97943981362687,8.4,117.42729443446571
2026-06-02 15:00:00,71361,60.833,-115.783,11.618347199820695,7.1,82.49026511872692
2026-06-02 18:00:00,71361,60.833,-115.783,12.153779507804826,5.4,65.63040934214607
2026-06-02 21:00:00,71395,44.883,-63.517,1.3199745584838336,17.2,22.703562405921936
2026-06-03 00:00:00,71395,44.883,-63.517,0.0,10.4,0.0
2026-06-01 12:00:00,71395,44.883,-63.517,3.1502712506326054,17.8,56.07482826126038
2026-06-01 15:00:00,71395,44.883,-63.517,7.67749877966264,15.3,117.4657313288384
2026-06-01 18:00:00,71395,44.883,-63.517,12.956194121937763,15.4,199.52538947784154
2026-06-01 21:00:00,71395,44.883,-63.517,13.038932855779198,15.2,198.1917794078438
2026-06-02 00:00:00,71395,44.883,-63.517,9.273201014321446,15.7,145.5892559248467
2026-06-02 03:00:00,71395,44.883,-63.517,7.7120526894778525,20.7,159.63949067219153
2026-06-02 06:00:00,71395,44.883,-63.517,8.702242723468776,26.1,227.12853508253508
2026-06-02 09:00:00,71395,44.883,-63.517,2.3406817589547195,14.8,34.64209003252985
2026-06-02 12:00:00,71395,44.883,-63.517,5.279898233935333,21.8,115.10178149979025
2026-06-02 15:00:00,71395,44.883,-63.517,4.343217905919593,20.8,90.33893244312753
2026-06-02 18:00:00,71395,44.883,-63.517,6.725242053729811,26.0,174.8562933969751
2026-06-02 21:00:00,73100,53.85,-94.65,27.346056211926516,18.2,497.6982230570626
2026-06-03 00:00:00,73100,53.85,-94.65,25.058570035806355,13.7,343.30240949054706
2026-06-01 12:00:00,73100,53.85,-94.65,15.94315580819876,39.5,629.754654423851
2026-06-01 15:00:00,73100,53.85,-94.65,20.480244384683644,29.1,595.975111594294
2026-06-01 18:00:00,73100,53.85,-94.65,28.30459417954106,25.3,716.1062327423888
2026-06-01 21:00:00,73100,53.85,-94.65,30.535993152834457,21.8,665.6846507317912
2026-06-02 00:00:00,73100,53.85,-94.65,30.02174643544834,25.3,759.550184816843
2026-06-02 03:00:00,73100,53.85,-94.65,24.70266337748315,36.4,899.1769469403866
2026-06-02 06:00:00,73100,53.85,-94.65,20.989565760525657,40.5,850.0774133012891
2026-06-02 09:00:00,73100,53.85,-94.65,18.032669094425916,33.8,609.504215391596
2026-06-02 12:00:00,73100,53.85,-94.65,12.039757274298367,38.6,464.73463078791696
2026-06-02 15:00:00,73100,53.85,-94.65,19.66230443900753,19.3,379.4824756728454
2026-06-02 18:00:00,73100,53.85,-94.65,27.664353798047266,18.1,500.72480374465556
2026-06-02 21:00:00,230050,60.233,-123.467,25.091582905717484,10.4,260.95246221946184
2026-06-03 00:00:00,230050,60.233,-123.467,26.97162074128089,15.1,407.2714731933414
2026-06-01 12:00:00,230050,60.233,-123.467,11.133682390138931,22.7,252.73459025615372
2026-06-01 15:00:00,230050,60.233,-123.467,12.12482994212235,17.1,207.3345920102922
2026-06-01 18:00:00,230050,60.233,-123.467,15.776762400718702,10.3,162.50065272740264
2026-06-01 21:00:00,230050,60.233,-123.467,20.625897294806443,10.1,208.32156267754507
2026-06-02 00:00:00,230050,60.233,-123.467,22.348373536517453,9.9,221.24889801152278
2026-06-02 03:00:00,230050,60.233,-123.467,21.671563093737056,9.3,201.54553677175463
2026-06-02 06:00:00,230050,60.233,-123.467,16.696575479063775,23.7,395.70883885381147
2026-06-02 09:00:00,230050,60.233,-123.467,14.71304674778368,11.4,167.72873292473398
2026-06-02 12:00:00,230050,60.233,-123.467,12.855631764914179,6.5,83.56160647194216
2026-06-02 15:00:00,230050,60.233,-123.467,11.543572059629803,2.9,33.47635897292643
2026-06-02 18:00:00,230050,60.233,-123.467,19.145219291011315,3.9,74.66635523494413
2026-06-02 21:00:00,100146,54.394,-124.261,18.704433278143846,11.4,213.23053937083984
2026-06-03 00:00:00,100146,54.394,-124.261,19.164317500525613,9.9,189.72674325520356
2026-06-01 12:00:00,100146,54.394,-124.261,4.115193990872369,1.5,6.172790986308553
2026-06-01 15:00:00,100146,54.394,-124.261,6.9127993376400845,4.2,29.033757218088358
2026-06-01 18:00:00,100146,54.394,-124.261,14.068519684223663,3.6,50.64667086320519
2026-06-01 21:00:00,100146,54.394,-124.261,17.064527458165013,6.1,104.09361749480658
2026-06-02 00:00:00,100146,54.394,-124.261,17.704758808755617,5.4,95.60569756728034
2026-06-02 03:00:00,100146,54.394,-124.261,13.24724278358372,5.6,74.18455958806884
2026-06-02 06:00:00,100146,54.394,-124.261,8.352533592852298,5.1,42.597921323546714
2026-06-02 09:00:00,100146,54.394,-124.261,7.238696509865981,4.2,30.40252534143712
2026-06-02 12:00:00,100146,54.394,-124.261,6.64379934899952,4.8,31.890236875197697
2026-06-02 15:00:00,100146,54.394,-124.261,10.284543639261024,5.2,53.47962692415732
2026-06-02 18:00:00,100146,54.394,-124.261,16.042364562627235,11.2,179.674483101425
2026-06-02 21:00:00,71815,48.53,-58.55,4.345764596493748,14.4,62.579010189509965
2026-06-03 00:00:00,71815,48.53,-58.55,3.7895550033670986,12.0,45.47466004040518
2026-06-01 12:00:00,71815,48.53,-58.55,4.328300855568181,27.7,119.89393369923862
2026-06-01 15:00:00,71815,48.53,-58.55,6.743378406385046,23.3,157.12071686877158
2026-06-01 18:00:00,71815,48.53,-58.55,5.851704397386798,25.3,148.048121253886
2026-06-01 21:00:00,71815,48.53,-58.55,4.405156492350148,32.4,142.72707035214478
2026-06-02 00:00:00,71815,48.53,-58.55,4.936768271078785,29.5,145.63466399682414
2026-06-02 03:00:00,71815,48.53,-58.55,3.3436994192308527,24.8,82.92374559692514
2026-06-02 06:00:00,71815,48.53,-58.55,1.5148222264968867,14.3,21.66195783890548
2026-06-02 09:00:00,71815,48.53,-58.55,1.4829230939311424,10.4,15.422400176883881
2026-06-02 12:00:00,71815,48.53,-58.55,2.8031643100750365,13.4,37.56240175500549
2026-06-02 15:00:00,71815,48.53,-58.55,3.228382776970834,14.3,46.16587371068293
2026-06-02 18:00:00,71815,48.53,-58.55,3.371689203192526,17.1,57.655885374592195
2026-06-02 21:00:00,71741,50.7,-120.45,20.23528646765196,2.3,46.54115887559951
2026-06-03 00:00:00,71741,50.7,-120.45,20.357444168273098,2.8,57.00084367116467
2026-06-01 12:00:00,71741,50.7,-120.45,7.7120526894778525,7.5,57.84039517108389
2026-06-01 15:00:00,71741,50.7,-120.45,11.103726233349573,7.6,84.38831937345675
2026-06-01 18:00:00,71741,50.7,-120.45,14.609503544180804,2.6,37.984709214870094
2026-06-01 21:00:00,71741,50.7,-120.45,16.64903041617548,5.6,93.23457033058268
2026-06-02 00:00:00,71741,50.7,-120.45,16.959812862709306,6.1,103.45485846252676
2026-06-02 03:00:00,71741,50.7,-120.45,13.083077940734213,3.8,49.71569617479001
2026-06-02 06:00:00,71741,50.7,-120.45,10.619825474887666,1.7,18.053703307309032
2026-06-02 09:00:00,71741,50.7,-120.45,7.828869344566551,3.0,23.486608033699653
2026-06-02 12:00:00,71741,50.7,-120.45,7.286338414180559,3.8,27.68808597388612
2026-06-02 15:00:00,71741,50.7,-120.45,10.964653740935628,1.1,12.061119115029191
2026-06-02 18:00:00,71741,50.7,-120.45,17.169806521932443,0.4,6.867922608772978
2026-06-02 21:00:00,71368,43.46,-80.38,21.37649517502154,14.9,318.5097781078209
2026-06-03 00:00:00,71368,43.46,-80.38,16.855660184017715,18.9,318.5719774779348
2026-06-01 12:00:00,71368,43.46,-80.38,7.528704608724832,20.2,152.0798330962416
2026-06-01 15:00:00,71368,43.46,-80.38,12.366160218809537,15.0,185.49240328214304
2026-06-01 18:00:00,71368,43.46,-80.38,14.518094719642033,10.2,148.08456614034873
2026-06-01 21:00:00,71368,43.46,-80.38,16.04236456262723,10.0,160.4236456262723
2026-06-02 00:00:00,71368,43.46,-80.38,12.920695667260656,14.0,180.88973934164918
2026-06-02 03:00:00,71368,43.46,-80.38,11.247543673555946,17.3,194.58250555251786
2026-06-02 06:00:00,71368,43.46,-80.38,8.515510813152757,17.0,144.76368382359686
2026-06-02 09:00:00,71368,43.46,-80.38,8.515510813152757,12.5,106.44388516440945
2026-06-02 12:00:00,71368,43.46,-80.38,8.515510813152757,17.9,152.42764355543434
2026-06-02 15:00:00,71368,43.46,-80.38,16.142112676431733,17.4,280.87276056991215
2026-06-02 18:00:00,71368,43.46,-80.38,20.234010067149274,15.1,305.533552013954
2026-06-02 21:00:00,71499,55.25,-105.617,21.614830455297756,16.5,356.644702512413
2026-06-03 00:00:00,71499,55.25,-105.617,17.87359587573235,23.8,425.3915818424299
2026-06-01 12:00:00,71499,55.25,-105.617,17.240372964127268,24.9,429.28528680676897
2026-06-01 15:00:00,71499,55.25,-105.617,19.430517981664906,16.1,312.831339504805
2026-06-01 18:00:00,71499,55.25,-105.617,21.353290905243806,11.7,249.83350359135252
2026-06-01 21:00:00,71499,55.25,-105.617,28.14783371501998,22.4,630.5114752164476
2026-06-02 00:00:00,71499,55.25,-105.617,11.702996791247795,28.4,332.36510887143737
2026-06-02 03:00:00,71499,55.25,-105.617,7.967562258225346,19.7,156.96097648703932
2026-06-02 06:00:00,71499,55.25,-105.617,4.875579273761431,17.0,82.88484765394433
2026-06-02 09:00:00,71499,55.25,-105.617,6.875299098268812,17.5,120.3177342197042
2026-06-02 12:00:00,71499,55.25,-105.617,6.500832504279215,18.7,121.56556783002131
2026-06-02 15:00:00,71499,55.25,-105.617,6.541538970367107,16.5,107.93539301105726
2026-06-02 18:00:00,71499,55.25,-105.617,18.36587004045995,13.4,246.10265854216334
2026-06-02 21:00:00,71846,52.2,-87.93,32.168952817165696,24.7,794.5731345839927
2026-06-03 00:00:00,71846,52.2,-87.93,32.3549898854902,23.9,773.2842582632157
2026-06-01 12:00:00,71846,52.2,-87.93,5.2449615218003185,19.7,103.32574197946627
2026-06-01 15:00:00,71846,52.2,-87.93,11.463888579373108,16.5,189.1541615596563
2026-06-01 18:00:00,71846,52.2,-87.93,17.382068306180244,18.5,321.5682636643345
2026-06-01 21:00:00,71846,52.2,-87.93,22.169070806215704,18.3,405.6939957537474
2026-06-02 00:00:00,71846,52.2,-87.93,20.86195520135491,18.9,394.2909533056078
2026-06-02 03:00:00,71846,52.2,-87.93,18.562745851555373,26.9,499.3378634068395
2026-06-02 06:00:00,71846,52.2,-87.93,13.545158753009822,39.8,539.0973183697909
2026-06-02 09:00:00,71846,52.2,-87.93,10.284543639261024,38.5,395.9549301115494
2026-06-02 12:00:00,71846,52.2,-87.93,10.087863080594717,33.2,334.91705427574465
2026-06-02 15:00:00,71846,52.2,-87.93,22.03522115085698,24.2,533.2523518507389
2026-06-02 18:00:00,71846,52.2,-87.93,28.30459417954106,24.7,699.1234762346642
2026-06-02 21:00:00,71970,54.133,-108.517,8.88666587727034,13.2,117.30398957996849
2026-06-03 00:00:00,71970,54.133,-108.517,6.541538970367107,8.5,55.603081248120404
2026-06-01 12:00:00,71970,54.133,-108.517,4.122053406269842,23.9,98.51707640984921
2026-06-01 15:00:00,71970,54.133,-108.517,6.961029694333266,23.4,162.88809484739843
2026-06-01 18:00:00,71970,54.133,-108.517,10.055210748851747,30.7,308.69496998974864
2026-06-01 21:00:00,71970,54.133,-108.517,10.430977600677453,34.3,357.7825317032366
2026-06-02 00:00:00,71970,54.133,-108.517,10.11700503357464,37.4,378.37598825569154
2026-06-02 03:00:00,71970,54.133,-108.517,6.500832504279213,21.0,136.51748258986348
2026-06-02 06:00:00,71970,54.133,-108.517,3.84560310135881,20.0,76.9120620271762
2026-06-02 09:00:00,71970,54.133,-108.517,3.5173375507771194,21.8,76.6779586069412
2026-06-02 12:00:00,71970,54.133,-108.517,0.0,24.2,0.0
2026-06-02 15:00:00,71970,54.133,-108.517,3.585532823420973,8.9,31.91124212844666
2026-06-02 18:00:00,71970,54.133,-108.517,6.105799340127183,14.0,85.48119076178055
2026-06-02 21:00:00,71965,63.617,-135.867,12.28866671050921,2.4,29.492800105222102
2026-06-03 00:00:00,71965,63.617,-135.867,13.083077940734213,1.8,23.549540293321584
2026-06-01 12:00:00,71965,63.617,-135.867,1.7192789123605765,1.8,3.094702042249038
2026-06-01 15:00:00,71965,63.617,-135.867,2.1289999377632434,0.3,0.638699981328973
2026-06-01 18:00:00,71965,63.617,-135.867,5.4217006194883695,1.3,7.048210805334881
2026-06-01 21:00:00,71965,63.617,-135.867,7.982854084815708,0.3,2.394856225444712
2026-06-02 00:00:00,71965,63.617,-135.867,8.681271077003446,2.2,19.098796369407584
2026-06-02 03:00:00,71965,63.617,-135.867,10.153053380263863,2.8,28.428549464738815
2026-06-02 06:00:00,71965,63.617,-135.867,6.7324245591601155,4.6,30.96915297213653
2026-06-02 09:00:00,71965,63.617,-135.867,4.257999875526486,3.7,15.754599539447998
2026-06-02 12:00:00,71965,63.617,-135.867,5.108931433119944,4.2,21.457512019103763
2026-06-02 15:00:00,71965,63.617,-135.867,6.64379934899952,4.6,30.56147700539779
2026-06-02 18:00:00,71965,63.617,-135.867,10.417525292404136,5.2,54.17113152050151
2026-06-02 21:00:00,3216,56.65,-111.217,5.4474567165539085,25.7,139.99963761543543
2026-06-03 00:00:00,3216,56.65,-111.217,5.517392530418878,24.4,134.62437774222062
2026-06-01 12:00:00,3216,56.65,-111.217,3.151962099582059,25.7,81.00542595925891
2026-06-01 15:00:00,3216,56.65,-111.217,5.142271819630512,29.4,151.18279149713703
2026-06-01 18:00:00,3216,56.65,-111.217,5.588114081048227,32.0,178.81965059354326
2026-06-01 21:00:00,3216,56.65,-111.217,5.731944289686556,31.3,179.4098562671892
2026-06-02 00:00:00,3216,56.65,-111.217,3.6085207632544503,28.8,103.92539798172817
2026-06-02 03:00:00,3216,56.65,-111.217,3.2769198781026976,26.8,87.8214527331523
2026-06-02 06:00:00,3216,56.65,-111.217,2.952979795364577,26.8,79.13985851577067
2026-06-02 09:00:00,3216,56.65,-111.217,2.7651197350560324,25.7,71.06357719094002
2026-06-02 12:00:00,3216,56.65,-111.217,2.6929698236640487,25.0,67.32424559160121
2026-06-02 15:00:00,3216,56.65,-111.217,2.9918690467132656,24.0,71.80485712111837
2026-06-02 18:00:00,3216,56.65,-111.217,5.043931540297358,25.8,130.13343373967183
2026-06-02 21:00:00,71822,49.768,-74.517,17.59661881049055,25.8,453.99276531065624
2026-06-03 00:00:00,71822,49.768,-74.517,16.242402620110955,23.7,384.94494209662963
2026-06-01 12:00:00,71822,49.768,-74.517,7.972559218799424,17.3,137.92527448523003
2026-06-01 15:00:00,71822,49.768,-74.517,13.54515875300982,21.0,284.4483338132062
2026-06-01 18:00:00,71822,49.768,-74.517,18.10798165890801,20.1,363.970431344051
2026-06-01 21:00:00,71822,49.768,-74.517,18.33413092871684,23.9,438.18572919633243
2026-06-02 00:00:00,71822,49.768,-74.517,15.578494400183121,33.1,515.6481646460613
2026-06-02 03:00:00,71822,49.768,-74.517,8.801106748027081,15.0,132.01660122040622
2026-06-02 06:00:00,71822,49.768,-74.517,7.7120526894778525,14.8,114.13837980427222
2026-06-02 09:00:00,71822,49.768,-74.517,6.051636651457675,12.9,78.066112803804
2026-06-02 12:00:00,71822,49.768,-74.517,7.479672616783173,14.8,110.69915472839097
2026-06-02 15:00:00,71822,49.768,-74.517,14.793833605219515,26.9,397.9541239804049
2026-06-02 18:00:00,71822,49.768,-74.517,16.959812862709306,29.8,505.40242330873735
2026-06-02 21:00:00,7787,50.183,-61.783,5.883547830305473,19.2,112.96411834186509
2026-06-03 00:00:00,7787,50.183,-61.783,3.94941461686303,29.6,116.9026726591457
2026-06-01 12:00:00,7787,50.183,-61.783,5.619482005320872,30.7,172.51809756335078
2026-06-01 15:00:00,7787,50.183,-61.783,8.686435811839178,16.7,145.06347805771426
2026-06-01 18:00:00,7787,50.183,-61.783,4.6397351438345495,23.8,110.42569642326228
2026-06-01 21:00:00,7787,50.183,-61.783,4.639735143834549,20.7,96.04251747737516
2026-06-02 00:00:00,7787,50.183,-61.783,4.802743883589664,14.1,67.71868875861426
2026-06-02 03:00:00,7787,50.183,-61.783,5.763292660307595,11.9,68.58318265766039
2026-06-02 06:00:00,7787,50.183,-61.783,5.763292660307595,13.8,79.53343871224482
2026-06-02 09:00:00,7787,50.183,-61.783,5.453150024332377,14.7,80.16130535768593
2026-06-02 12:00:00,7787,50.183,-61.783,5.266880690890634,15.4,81.10996263971576
2026-06-02 15:00:00,7787,50.183,-61.783,3.462640684454543,20.5,70.98413403131813
2026-06-02 18:00:00,7787,50.183,-61.783,4.639735143834549,23.6,109.49774939449536
2026-06-02 21:00:00,71947,49.767,-77.817,17.704758808755617,24.4,431.99611493363705
2026-06-03 00:00:00,71947,49.767,-77.817,14.336777828927412,22.7,325.4448567166522
2026-06-01 12:00:00,71947,49.767,-77.817,6.881469390708604,20.6,141.75826944859725
2026-06-01 15:00:00,71947,49.767,-77.817,13.63118260016023,25.2,343.5058015240378
2026-06-01 18:00:00,71947,49.767,-77.817,16.54654826930277,27.2,450.0661129250354
2026-06-01 21:00:00,71947,49.767,-77.817,16.90723840596516,28.5,481.85629457000704
2026-06-02 00:00:00,71947,49.767,-77.817,14.518094719642033,30.4,441.3500794771178
2026-06-02 03:00:00,71947,49.767,-77.817,11.845228943641171,30.3,358.9104369923275
2026-06-02 06:00:00,71947,49.767,-77.817,8.975607140139807,28.3,254.00968206595655
2026-06-02 09:00:00,71947,49.767,-77.817,7.76354646459977,30.8,239.11723110967293
2026-06-02 12:00:00,71947,49.767,-77.817,6.7324245591601155,26.2,176.389523449995
2026-06-02 15:00:00,71947,49.767,-77.817,14.42718692194446,23.8,343.36704874227814
2026-06-02 18:00:00,71947,49.767,-77.817,16.959812862709306,28.3,479.96270401467336
2026-06-02 21:00:00,71044,67.567,-139.833,10.619825474887666,9.7,103.01230710641035
2026-06-03 00:00:00,71044,67.567,-139.833,9.894490336825546,21.5,212.73154224174925
2026-06-01 12:00:00,71044,67.567,-139.833,2.015776395477795,18.3,36.88870803724365
2026-06-01 15:00:00,71044,67.567,-139.833,3.5347313345236913,24.4,86.24744456237806
2026-06-01 18:00:00,71044,67.567,-139.833,5.141368459651903,29.5,151.67036955973114
2026-06-01 21:00:00,71044,67.567,-139.833,5.603655716080528,31.0,173.71332719849636
2026-06-02 00:00:00,71044,67.567,-139.833,7.479672616783171,29.5,220.65034219510355
2026-06-02 03:00:00,71044,67.567,-139.833,9.273201014321446,25.2,233.6846655609004
2026-06-02 06:00:00,71044,67.567,-139.833,9.0344455304698,18.6,168.04068686673827
2026-06-02 09:00:00,71044,67.567,-139.833,7.0974091951750236,8.7,61.7474599980227
2026-06-02 12:00:00,71044,67.567,-139.833,4.873869615052588,2.9,14.134221883652506
2026-06-02 15:00:00,71044,67.567,-139.833,6.299474896079788,3.0,18.898424688239366
2026-06-02 18:00:00,71044,67.567,-139.833,9.093622456591762,6.4,58.19918372218728
2026-06-02 21:00:00,3230,58.617,-117.167,20.358261459151564,6.3,128.25704719265485
2026-06-03 00:00:00,3230,58.617,-117.167,20.735022518290094,8.5,176.2476914054658
2026-06-01 12:00:00,3230,58.617,-117.167,10.403289911940867,26.5,275.687182666433
2026-06-01 15:00:00,3230,58.617,-117.167,12.153779507804824,18.9,229.70643269751116
2026-06-01 18:00:00,3230,58.617,-117.167,16.28213157367248,14.9,242.60376044771996
2026-06-01 21:00:00,3230,58.617,-117.167,18.448128773064838,13.9,256.42898994560124
2026-06-02 00:00:00,3230,58.617,-117.167,19.027463332771976,12.7,241.6487843262041
2026-06-02 03:00:00,3230,58.617,-117.167,18.2207494950843,16.4,298.82029171938245
2026-06-02 06:00:00,3230,58.617,-117.167,13.289933995384935,28.5,378.76311886847066
2026-06-02 09:00:00,3230,58.617,-117.167,10.350847149577586,22.5,232.89406086549567
2026-06-02 12:00:00,3230,58.617,-117.167,9.093622456591762,20.5,186.41926036013112
2026-06-02 15:00:00,3230,58.617,-117.167,10.619825474887666,6.7,71.15283068174736
2026-06-02 18:00:00,3230,58.617,-117.167,16.592108251019464,8.9,147.66976343407325
2026-06-02 21:00:00,7827,45.317,-75.667,19.992887324815186,24.2,483.8278732605275
2026-06-03 00:00:00,7827,45.317,-75.667,18.36587004045995,24.2,444.4540549791308
2026-06-01 12:00:00,7827,45.317,-75.667,4.458552819403229,20.3,90.50862223388555
2026-06-01 15:00:00,7827,45.317,-75.667,10.305133515674614,10.0,103.05133515674613
2026-06-01 18:00:00,7827,45.317,-75.667,14.53698245375083,6.0,87.22189472250498
2026-06-01 21:00:00,7827,45.317,-75.667,17.704758808755617,4.2,74.3599869967736
2026-06-02 00:00:00,7827,45.317,-75.667,13.247242783583724,12.3,162.9410862380798
2026-06-02 03:00:00,7827,45.317,-75.667,12.840167874705353,9.5,121.98159480970085
2026-06-02 06:00:00,7827,45.317,-75.667,11.758015400563838,21.7,255.1489341922353
2026-06-02 09:00:00,7827,45.317,-75.667,10.964653740935628,31.0,339.9042659690045
2026-06-02 12:00:00,7827,45.317,-75.667,10.200873779852781,35.9,366.2113686967148
2026-06-02 15:00:00,7827,45.317,-75.667,13.329998815905505,18.7,249.27097785743294
2026-06-02 18:00:00,7827,45.317,-75.667,18.933156871216987,22.7,429.7826609766256
2026-06-02 21:00:00,71306,58.45,-78.08,4.744774537417805,63.7,302.2421380335142
2026-06-03 00:00:00,71306,58.45,-78.08,1.6370403075032929,43.2,70.72014128414226
2026-06-01 12:00:00,71306,58.45,-78.08,2.633440345445318,22.7,59.779095841608715
2026-06-01 15:00:00,71306,58.45,-78.08,2.5789183685408625,18.8,48.483665328568215
2026-06-01 18:00:00,71306,58.45,-78.08,1.6485715911366725,18.5,30.49857443602844
2026-06-01 21:00:00,71306,58.45,-78.08,3.6607294001778516,25.9,94.81289146460635
2026-06-02 00:00:00,71306,58.45,-78.08,4.607725896138922,20.1,92.61529051239233
2026-06-02 03:00:00,71306,58.45,-78.08,5.84321910054622,20.9,122.12327920141598
2026-06-02 06:00:00,71306,58.45,-78.08,6.257702060593143,21.0,131.411743272456
2026-06-02 09:00:00,71306,58.45,-78.08,6.088897554055966,28.2,171.70691102437823
2026-06-02 12:00:00,71306,58.45,-78.08,4.004007546334269,33.4,133.73385204756457
2026-06-02 15:00:00,71306,58.45,-78.08,5.812423507323476,44.5,258.6528460758947
2026-06-02 18:00:00,71306,58.45,-78.08,6.299474896079788,63.2,398.1268134322426
2026-06-02 21:00:00,71845,51.45,-90.22,27.504805013216274,23.0,632.6105153039742
2026-06-03 00:00:00,71845,51.45,-90.22,25.502260800208884,19.9,507.49498992415676
2026-06-01 12:00:00,71845,51.45,-90.22,10.417525292404136,19.8,206.2670007896019
2026-06-01 15:00:00,71845,51.45,-90.22,16.54654826930277,17.2,284.6006302320077
2026-06-01 18:00:00,71845,51.45,-90.22,23.547074230058453,16.6,390.88143221897036
2026-06-01 21:00:00,71845,51.45,-90.22,25.601486071616836,16.7,427.5448173960011
2026-06-02 00:00:00,71845,51.45,-90.22,23.97477399224968,17.1,409.96863526746955
2026-06-02 03:00:00,71845,51.45,-90.22,18.91034087920317,28.6,540.8357491452107
2026-06-02 06:00:00,71845,51.45,-90.22,16.488213625079382,30.9,509.48580101495287
2026-06-02 09:00:00,71845,51.45,-90.22,13.289933995384935,27.9,370.78915847123966
2026-06-02 12:00:00,71845,51.45,-90.22,13.717684633991146,26.8,367.6339481909627
2026-06-02 15:00:00,71845,51.45,-90.22,20.113768458148478,19.3,388.19573124226565
2026-06-02 18:00:00,71845,51.45,-90.22,25.353610879860238,19.1,484.2539678053306
2026-06-02 21:00:00,716404,54.99,-85.44,30.535993152834457,32.8,1001.5805754129701
2026-06-03 00:00:00,716404,54.99,-85.44,31.616404340625444,18.8,594.3884016037583
2026-06-01 12:00:00,716404,54.99,-85.44,3.7895550033670995,15.9,60.25392455353688
2026-06-01 15:00:00,716404,54.99,-85.44,4.526089975924169,16.9,76.49092059311845
2026-06-01 18:00:00,716404,54.99,-85.44,8.298819428443355,14.6,121.16276365527298
2026-06-01 21:00:00,716404,54.99,-85.44,12.058731157905996,16.3,196.55731787386773
2026-06-02 00:00:00,716404,54.99,-85.44,12.52243160929783,18.6,232.91722793293965
2026-06-02 03:00:00,716404,54.99,-85.44,9.021301908136131,28.6,258.00923457269334
2026-06-02 06:00:00,716404,54.99,-85.44,8.57045303271752,37.0,317.10676221054825
2026-06-02 09:00:00,716404,54.99,-85.44,8.681271077003448,41.9,363.74525812644447
2026-06-02 12:00:00,716404,54.99,-85.44,10.756598470262912,44.1,474.3659925385944
2026-06-02 15:00:00,716404,54.99,-85.44,13.413206682438313,34.0,456.0490272029026
2026-06-02 18:00:00,716404,54.99,-85.44,25.148576871604448,33.8,850.0218982602303
2026-06-02 21:00:00,71436,44.231,-78.36,20.735022518290094,16.7,346.27487605544457
2026-06-03 00:00:00,71436,44.231,-78.36,20.483178663192756,22.1,452.67824845655997
2026-06-01 12:00:00,71436,44.231,-78.36,7.528704608724831,21.2,159.6085377049664
2026-06-01 15:00:00,71436,44.231,-78.36,11.391371996044228,12.1,137.83560115213515
2026-06-01 18:00:00,71436,44.231,-78.36,15.359092598948243,13.9,213.49138712538058
2026-06-01 21:00:00,71436,44.231,-78.36,16.855660184017715,10.4,175.29886591378425
2026-06-02 00:00:00,71436,44.231,-78.36,9.079094527589843,14.8,134.3705990083297
2026-06-02 03:00:00,71436,44.231,-78.36,11.463888579373112,10.2,116.93166350960574
2026-06-02 06:00:00,71436,44.231,-78.36,11.391371996044226,12.1,137.83560115213513
2026-06-02 09:00:00,71436,44.231,-78.36,11.247543673555946,19.8,222.70136473640773
2026-06-02 12:00:00,71436,44.231,-78.36,11.845228943641171,24.5,290.2081091192087
2026-06-02 15:00:00,71436,44.231,-78.36,16.959812862709306,17.3,293.404762524871
2026-06-02 18:00:00,71436,44.231,-78.36,19.382643271667774,18.4,356.64063619868705
2026-06-02 21:00:00,71022,54.283,-130.45,22.30362924952665,22.3,497.3709322644443
2026-06-03 00:00:00,71022,54.283,-130.45,16.752066879634903,17.6,294.8363770815743
2026-06-01 12:00:00,71022,54.283,-130.45,6.599872792419165,12.8,84.47837174296532
2026-06-01 15:00:00,71022,54.283,-130.45,10.001926533457034,14.2,142.02735677508988
2026-06-01 18:00:00,71022,54.283,-130.45,12.689972838113796,11.6,147.20368492212003
2026-06-01 21:00:00,71022,54.283,-130.45,10.619825474887666,14.1,149.73953919591608
2026-06-02 00:00:00,71022,54.283,-130.45,11.536809304076428,20.3,234.19722887275148
2026-06-02 03:00:00,71022,54.283,-130.45,12.52243160929783,18.7,234.1694710938694
2026-06-02 06:00:00,71022,54.283,-130.45,15.551665285223091,10.6,164.84765202336476
2026-06-02 09:00:00,71022,54.283,-130.45,19.743602988196756,19.6,386.9746185686564
2026-06-02 12:00:00,71022,54.283,-130.45,19.263611638877382,36.1,695.4163801634735
2026-06-02 15:00:00,71022,54.283,-130.45,17.9958246170732,45.2,813.4112726917087
2026-06-02 18:00:00,71022,54.283,-130.45,16.4446179237068,35.0,575.561627329738
2026-06-02 21:00:00,189,50.32,-122.805,24.26365477380362,0.8,19.410923819042896
2026-06-03 00:00:00,189,50.32,-122.805,25.75402623639777,0.6,15.452415741838662
2026-06-01 12:00:00,189,50.32,-122.805,7.7120526894778525,0.6,4.627231613686711
2026-06-01 15:00:00,189,50.32,-122.805,9.212998535595169,0.3,2.7638995606785506
2026-06-01 18:00:00,189,50.32,-122.805,16.90723840596516,0.2,3.3814476811930323
2026-06-01 21:00:00,189,50.32,-122.805,23.469699601524272,0.6,14.081819760914563
2026-06-02 00:00:00,189,50.32,-122.805,25.396745754028522,2.4,60.952189809668454
2026-06-02 03:00:00,189,50.32,-122.805,20.608764679343906,2.2,45.3392822945566
2026-06-02 06:00:00,189,50.32,-122.805,16.28213157367248,1.0,16.28213157367248
2026-06-02 09:00:00,189,50.32,-122.805,12.629822671390585,0.4,5.051929068556234
2026-06-02 12:00:00,189,50.32,-122.805,11.693547029993216,0.7,8.18548292099525
2026-06-02 15:00:00,189,50.32,-122.805,13.459610854755832,0.2,2.6919221709511665
2026-06-02 18:00:00,189,50.32,-122.805,20.86195520135491,0.3,6.2585865604064725
2026-06-02 21:00:00,711524,49.835,-124.524,19.992887324815186,7.9,157.94380986603997
2026-06-03 00:00:00,711524,49.835,-124.524,26.528659500422517,12.1,320.99677995511246
2026-06-01 12:00:00,711524,49.835,-124.524,6.958551493836831,18.6,129.42905778536507
2026-06-01 15:00:00,711524,49.835,-124.524,6.958551493836831,8.5,59.147687697613065
2026-06-01 18:00:00,711524,49.835,-124.524,9.455886298746178,11.5,108.74269243558105
2026-06-01 21:00:00,711524,49.835,-124.524,15.551665285223091,17.7,275.26447554844873
2026-06-02 00:00:00,711524,49.835,-124.524,18.818491801051323,22.6,425.29791470375994
2026-06-02 03:00:00,711524,49.835,-124.524,21.63789356710513,20.7,447.9043968390762
2026-06-02 06:00:00,711524,49.835,-124.524,14.008488748356957,15.3,214.32987784986145
2026-06-02 09:00:00,711524,49.835,-124.524,11.391371996044228,12.0,136.69646395253073
2026-06-02 12:00:00,711524,49.835,-124.524,14.518094719642033,5.7,82.75313990195959
2026-06-02 15:00:00,711524,49.835,-124.524,13.892132254563066,3.1,43.06560998914551
2026-06-02 18:00:00,711524,49.835,-124.524,14.886759528899322,5.7,84.85452931472614
2026-06-02 21:00:00,71056,58.767,-111.117,11.319257657331878,22.4,253.55137152423404
2026-06-03 00:00:00,71056,58.767,-111.117,10.417525292404136,21.9,228.14380390365056
2026-06-01 12:00:00,71056,58.767,-111.117,1.3375965690320886,42.3,56.58033487005734
2026-06-01 15:00:00,71056,58.767,-111.117,2.8389636780700087,34.3,97.37645415780129
2026-06-01 18:00:00,71056,58.767,-111.117,3.091067004773816,31.4,97.05950394989782
2026-06-01 21:00:00,71056,58.767,-111.117,4.883694734034039,28.5,139.1852999199701
2026-06-02 00:00:00,71056,58.767,-111.117,4.852189053129845,26.4,128.0977910026279
2026-06-02 03:00:00,71056,58.767,-111.117,4.458552819403229,28.5,127.06875535299203
2026-06-02 06:00:00,71056,58.767,-111.117,4.12038712044893,28.7,118.25511035688429
2026-06-02 09:00:00,71056,58.767,-111.117,3.8560263447389254,31.6,121.85043249375005
2026-06-02 12:00:00,71056,58.767,-111.117,4.7767627431281205,33.7,160.97690444341768
2026-06-02 15:00:00,71056,58.767,-111.117,5.715386590546876,24.0,137.169278173125
2026-06-02 18:00:00,71056,58.767,-111.117,8.570453032717522,18.8,161.12451701508942
2026-06-02 21:00:00,6012,44.97,-79.31,20.989565760525657,15.8,331.6351390163054
2026-06-03 00:00:00,6012,44.97,-79.31,17.489056175409324,22.6,395.25266956425077
2026-06-01 12:00:00,6012,44.97,-79.31,7.57801871382647,21.2,160.65399673312115
2026-06-01 15:00:00,6012,44.97,-79.31,11.907541932482626,15.2,180.9946373737359
2026-06-01 18:00:00,6012,44.97,-79.31,16.24240262011095,13.5,219.27243537149783
2026-06-01 21:00:00,6012,44.97,-79.31,17.704758808755614,12.7,224.85043687119628
2026-06-02 00:00:00,6012,44.97,-79.31,16.64903041617548,18.0,299.6825474911587
2026-06-02 03:00:00,6012,44.97,-79.31,11.907541932482626,27.3,325.0758947567757
2026-06-02 06:00:00,6012,44.97,-79.31,12.956194121937763,30.7,397.7551595434893
2026-06-02 09:00:00,6012,44.97,-79.31,13.289933995384935,27.2,361.48620467447023
2026-06-02 12:00:00,6012,44.97,-79.31,11.248677794299905,27.0,303.7143004460974
2026-06-02 15:00:00,6012,44.97,-79.31,17.444103920978954,17.9,312.2494601855232
2026-06-02 18:00:00,6012,44.97,-79.31,20.110421497703484,17.7,355.95446050935163
2026-06-02 21:00:00,7815,46.8,-71.383,17.704758808755617,25.2,446.1599219806415
2026-06-03 00:00:00,7815,46.8,-71.383,16.85566018401771,16.3,274.74726099948873
2026-06-01 12:00:00,7815,46.8,-71.383,4.526089975924167,14.2,64.27047765812317
2026-06-01 15:00:00,7815,46.8,-71.383,9.021301908136131,9.4,84.80023793647963
2026-06-01 18:00:00,7815,46.8,-71.383,10.902564950611847,10.8,117.74770146660795
2026-06-01 21:00:00,7815,46.8,-71.383,6.386283267852567,13.1,83.66031080886863
2026-06-02 00:00:00,7815,46.8,-71.383,7.450818774730973,15.2,113.25244537591078
2026-06-02 03:00:00,7815,46.8,-71.383,6.5963268912170285,32.0,211.0824605189449
2026-06-02 06:00:00,7815,46.8,-71.383,8.298819428443355,29.9,248.1347009104563
2026-06-02 09:00:00,7815,46.8,-71.383,7.919847350902997,35.2,278.7786267517855
2026-06-02 12:00:00,7815,46.8,-71.383,7.479672616783173,21.7,162.30889578419485
2026-06-02 15:00:00,7815,46.8,-71.383,11.907541932482626,6.0,71.44525159489575
2026-06-02 18:00:00,7815,46.8,-71.383,14.793833605219515,16.8,248.53640456768787
2026-06-02 21:00:00,71867,53.97,-101.1,19.662304439007535,22.0,432.5706976581658
2026-06-03 00:00:00,71867,53.97,-101.1,23.627721274313135,27.0,637.9484744064547
2026-06-01 12:00:00,71867,53.97,-101.1,7.1352987497894915,21.5,153.40892312047407
2026-06-01 15:00:00,71867,53.97,-101.1,15.074273393230886,12.4,186.920990076063
2026-06-01 18:00:00,71867,53.97,-101.1,21.22844563465579,20.1,426.69175725658147
2026-06-01 21:00:00,71867,53.97,-101.1,25.801835690019296,35.6,918.5453505646869
2026-06-02 00:00:00,71867,53.97,-101.1,29.145440914524436,40.0,1165.8176365809775
2026-06-02 03:00:00,71867,53.97,-101.1,18.63789714985114,25.4,473.4025876062189
2026-06-02 06:00:00,71867,53.97,-101.1,10.818946783552565,30.1,325.65029818493224
2026-06-02 09:00:00,71867,53.97,-101.1,9.338992498904641,29.0,270.8307824682346
2026-06-02 12:00:00,71867,53.97,-101.1,10.633399663499516,21.5,228.6180927652396
2026-06-02 15:00:00,71867,53.97,-101.1,15.082816123277615,7.0,105.57971286294331
2026-06-02 18:00:00,71867,53.97,-101.1,18.306921999631342,14.7,269.1117533945807
2026-06-02 21:00:00,71538,42.27,-82.96,24.639836786390077,22.1,544.5403929792208
2026-06-03 00:00:00,71538,42.27,-82.96,20.48317866319276,22.7,464.96815565447565
2026-06-01 12:00:00,71538,42.27,-82.96,8.460877816886553,20.5,173.44799524617434
2026-06-01 15:00:00,71538,42.27,-82.96,14.182755659402375,8.6,121.97169867086042
2026-06-01 18:00:00,71538,42.27,-82.96,19.280818506999857,7.4,142.67805695179894
2026-06-01 21:00:00,71538,42.27,-82.96,19.753024475355517,16.8,331.8508111859727
2026-06-02 00:00:00,71538,42.27,-82.96,16.4446179237068,21.2,348.62589998258414
2026-06-02 03:00:00,71538,42.27,-82.96,11.463888579373112,19.6,224.692216155713
2026-06-02 06:00:00,71538,42.27,-82.96,13.289933995384935,12.4,164.7951815427732
2026-06-02 09:00:00,71538,42.27,-82.96,10.825562289763354,20.9,226.25425185605408
2026-06-02 12:00:00,71538,42.27,-82.96,10.619825474887666,24.3,258.06175903977027
2026-06-02 15:00:00,71538,42.27,-82.96,13.750598196537629,20.3,279.13714338971386
2026-06-02 18:00:00,71538,42.27,-82.96,21.117857238478067,25.3,534.2817881334951
2026-06-02 21:00:00,71953,60.117,-128.817,18.2207494950843,8.7,158.52052060723338
2026-06-03 00:00:00,71953,60.117,-128.817,19.263611638877386,10.1,194.5624775526616
2026-06-01 12:00:00,71953,60.117,-128.817,3.051178633085172,1.2,3.6614143597022064
2026-06-01 15:00:00,71953,60.117,-128.817,5.286367757292473,4.6,24.317291683545378
2026-06-01 18:00:00,71953,60.117,-128.817,10.335429283776012,2.8,28.93920199457283
2026-06-01 21:00:00,71953,60.117,-128.817,14.06935020310849,2.1,29.54563542652783
2026-06-02 00:00:00,71953,60.117,-128.817,15.092343543109168,1.3,19.620046606041917
2026-06-02 03:00:00,71953,60.117,-128.817,12.153779507804826,2.1,25.522936966390134
2026-06-02 06:00:00,71953,60.117,-128.817,7.559369875295746,4.9,37.04091238894916
2026-06-02 09:00:00,71953,60.117,-128.817,6.088897554055967,4.9,29.83559801487424
2026-06-02 12:00:00,71953,60.117,-128.817,4.607725896138924,1.8,8.293906613050064
2026-06-02 15:00:00,71953,60.117,-128.817,7.867442282700477,1.5,11.801163424050715
2026-06-02 18:00:00,71953,60.117,-128.817,13.374536675935296,8.0,106.99629340748237
2026-06-02 21:00:00,71603,43.82,-66.08,6.1744613072300405,39.6,244.5086677663096
2026-06-03 00:00:00,71603,43.82,-66.08,3.630981990874604,26.5,96.221022758177
2026-06-01 12:00:00,71603,43.82,-66.08,4.618700033210128,14.0,64.66180046494179
2026-06-01 15:00:00,71603,43.82,-66.08,7.004569645100662,7.2,50.43290144472476
2026-06-01 18:00:00,71603,43.82,-66.08,6.9127993376400845,12.9,89.17511145555709
2026-06-01 21:00:00,71603,43.82,-66.08,4.939569045784033,14.4,71.12979425929008
2026-06-02 00:00:00,71603,43.82,-66.08,5.395417718479122,13.6,73.37768097131605
2026-06-02 03:00:00,71603,43.82,-66.08,6.835164827982771,19.7,134.6527471112606
2026-06-02 06:00:00,71603,43.82,-66.08,8.415646198343925,24.9,209.54959033876372
2026-06-02 09:00:00,71603,43.82,-66.08,8.878293537571817,28.0,248.59221905201088
2026-06-02 12:00:00,71603,43.82,-66.08,7.559369875295744,31.4,237.36421408428635
2026-06-02 15:00:00,71603,43.82,-66.08,7.050855105716825,34.0,239.72907359437204
2026-06-02 18:00:00,71603,43.82,-66.08,7.097409195175022,40.1,284.60610872651836
2026-06-02 21:00:00,71850,49.77,-94.38,31.616404340625444,22.1,698.7225359278224
2026-06-03 00:00:00,71850,49.77,-94.38,25.952767112232884,18.0,467.1498080201919
2026-06-01 12:00:00,71850,49.77,-94.38,8.400808986443549,6.9,57.96558200646049
2026-06-01 15:00:00,71850,49.77,-94.38,14.366977470106058,4.0,57.46790988042423
2026-06-01 18:00:00,71850,49.77,-94.38,21.10423578889022,12.1,255.3612530455717
2026-06-01 21:00:00,71850,49.77,-94.38,25.952767112232884,11.5,298.4568217906782
2026-06-02 00:00:00,71850,49.77,-94.38,24.191290407150042,14.7,355.6119689851056
2026-06-02 03:00:00,71850,49.77,-94.38,13.939768280954155,22.5,313.6447863214685
2026-06-02 06:00:00,71850,49.77,-94.38,7.358488509399617,20.5,150.84901444269215
2026-06-02 09:00:00,71850,49.77,-94.38,4.280055958235117,18.4,78.75302963152615
2026-06-02 12:00:00,71850,49.77,-94.38,7.7400907160056125,21.4,165.6379413225201
2026-06-02 15:00:00,71850,49.77,-94.38,20.852528521687745,14.5,302.3616635644723
2026-06-02 18:00:00,71850,49.77,-94.38,30.18305854606271,19.2,579.5147240844041
2026-06-02 21:00:00,71514,50.433,-104.667,13.198660774048793,23.4,308.84866211274175
2026-06-03 00:00:00,71514,50.433,-104.667,15.742174320394241,23.4,368.36687909722525
2026-06-01 12:00:00,71514,50.433,-104.667,7.789247200091559,18.8,146.4378473617213
2026-06-01 15:00:00,71514,50.433,-104.667,11.039368986319772,19.5,215.26769523323554
2026-06-01 18:00:00,71514,50.433,-104.667,14.807702241147567,21.8,322.80790885701697
2026-06-01 21:00:00,71514,50.433,-104.667,15.456573509507928,24.2,374.04907893009187
2026-06-02 00:00:00,71514,50.433,-104.667,14.626737821284294,24.6,359.81775040359366
2026-06-02 03:00:00,71514,50.433,-104.667,10.633399663499516,25.2,267.9616715201878
2026-06-02 06:00:00,71514,50.433,-104.667,7.30976916062375,17.9,130.8448679751651
2026-06-02 09:00:00,71514,50.433,-104.667,6.900564766385061,21.4,147.6720860006403
2026-06-02 12:00:00,71514,50.433,-104.667,5.142271819630512,26.6,136.78443040217164
2026-06-02 15:00:00,71514,50.433,-104.667,8.722051960489477,28.6,249.45068606999905
2026-06-02 18:00:00,71514,50.433,-104.667,10.117005033574635,24.3,245.84322231586364
2026-06-02 21:00:00,71940,55.183,-118.883,16.54654826930277,20.5,339.20423952070684
2026-06-03 00:00:00,71940,55.183,-118.883,16.85566018401771,19.7,332.05650562514893
2026-06-01 12:00:00,71940,55.183,-118.883,8.132550929232552,16.4,133.37383523941384
2026-06-01 15:00:00,71940,55.183,-118.883,11.845228943641171,21.2,251.1188536051928
2026-06-01 18:00:00,71940,55.183,-118.883,16.592108251019464,20.6,341.797429971001
2026-06-01 21:00:00,71940,55.183,-118.883,18.33413092871684,19.5,357.5155531099783
2026-06-02 00:00:00,71940,55.183,-118.883,18.33413092871684,18.2,333.68118290264647
2026-06-02 03:00:00,71940,55.183,-118.883,16.592108251019464,15.4,255.51846706569975
2026-06-02 06:00:00,71940,55.183,-118.883,11.769173594027171,9.5,111.80714914325813
2026-06-02 09:00:00,71940,55.183,-118.883,10.609226199357057,11.8,125.18886915241328
2026-06-02 12:00:00,71940,55.183,-118.883,8.573079885820313,13.5,115.73657845857423
2026-06-02 15:00:00,71940,55.183,-118.883,10.35084714957759,20.5,212.19236656634058
2026-06-02 18:00:00,71940,55.183,-118.883,14.793833605219511,17.9,264.8096215334292
2026-06-02 21:00:00,71758,46.167,-60.05,1.001001886583568,21.1,21.121139806913284
2026-06-03 00:00:00,71758,46.167,-60.05,0.0,29.9,0.0
2026-06-01 12:00:00,71758,46.167,-60.05,1.6954177862932696,33.7,57.13557939808319
2026-06-01 15:00:00,71758,46.167,-60.05,3.5112537939270894,31.7,111.30674526748874
2026-06-01 18:00:00,71758,46.167,-60.05,5.264428399635859,30.4,160.03862334893012
2026-06-01 21:00:00,71758,46.167,-60.05,5.506445615437683,27.8,153.0791881091676
2026-06-02 00:00:00,71758,46.167,-60.05,4.575911750222314,19.7,90.14546147937959
2026-06-02 03:00:00,71758,46.167,-60.05,4.802743883589662,18.5,88.85076184640876
2026-06-02 06:00:00,71758,46.167,-60.05,3.6607294001778516,8.6,31.48227284152952
2026-06-02 09:00:00,71758,46.167,-60.05,4.51286469149005,13.2,59.569813927668655
2026-06-02 12:00:00,71758,46.167,-60.05,4.3890672424088635,11.4,50.03536656346105
2026-06-02 15:00:00,71758,46.167,-60.05,4.143412441342585,15.6,64.63723408494432
2026-06-02 18:00:00,71758,46.167,-60.05,4.712975112698254,24.1,113.58270021602794
2026-06-02 21:00:00,71192,53.026,-122.51,19.280818506999857,6.5,125.32532029549907
2026-06-03 00:00:00,71192,53.026,-122.51,20.113768458148478,7.6,152.86464028192842
2026-06-01 12:00:00,71192,53.026,-122.51,5.543899726266614,1.0,5.543899726266614
2026-06-01 15:00:00,71192,53.026,-122.51,8.975607140139807,0.9,8.078046426125827
2026-06-01 18:00:00,71192,53.026,-122.51,14.70141572627621,3.9,57.335521332477214
2026-06-01 21:00:00,71192,53.026,-122.51,19.98749277189637,10.0,199.8749277189637
2026-06-02 00:00:00,71192,53.026,-122.51,20.483178663192756,10.2,208.9284223645661
2026-06-02 03:00:00,71192,53.026,-122.51,15.648741129511365,7.3,114.23581024543296
2026-06-02 06:00:00,71192,53.026,-122.51,10.417525292404136,4.5,46.87886381581861
2026-06-02 09:00:00,71192,53.026,-122.51,9.153139571738077,2.3,21.052221014997574
2026-06-02 12:00:00,71192,53.026,-122.51,8.46102612686019,1.6,13.537641802976305
2026-06-02 15:00:00,71192,53.026,-122.51,10.756598470262912,2.3,24.740176481604696
2026-06-02 18:00:00,71192,53.026,-122.51,16.34323687308312,4.8,78.44753699079898
2026-06-02 21:00:00,712051,64.117,-117.317,15.455116580847676,29.0,448.19838084458263
2026-06-03 00:00:00,712051,64.117,-117.317,18.2207494950843,38.4,699.6767806112371
2026-06-01 12:00:00,712051,64.117,-117.317,8.516891034210028,17.3,147.3422148918335
2026-06-01 15:00:00,712051,64.117,-117.317,8.40548357412079,13.3,111.79293153580652
2026-06-01 18:00:00,712051,64.117,-117.317,8.352533592852298,4.6,38.421654527120566
2026-06-01 21:00:00,712051,64.117,-117.317,13.63118260016023,13.9,189.4734381422272
2026-06-02 00:00:00,712051,64.117,-117.317,15.776762400718702,18.8,296.6031331335116
2026-06-02 03:00:00,712051,64.117,-117.317,12.87391590431072,22.1,284.51354148526696
2026-06-02 06:00:00,712051,64.117,-117.317,9.579424901778847,15.6,149.43902846775
2026-06-02 09:00:00,712051,64.117,-117.317,9.212998535595169,4.1,37.773293995940186
2026-06-02 12:00:00,712051,64.117,-117.317,8.975607140139807,17.1,153.4828820963907
2026-06-02 15:00:00,712051,64.117,-117.317,11.17599571874199,18.6,207.87352036860105
2026-06-02 18:00:00,712051,64.117,-117.317,12.549364881973396,23.5,294.91007472637483
2026-06-02 21:00:00,71924,74.72,-94.95,0.5008948401159712,34.7,17.3810509520242
2026-06-03 00:00:00,71924,74.72,-94.95,0.5083846182841825,37.2,18.91190780017159
2026-06-01 12:00:00,71924,74.72,-94.95,0.34814617414762017,35.3,12.289559947410991
2026-06-01 15:00:00,71924,74.72,-94.95,0.42474366568633126,35.2,14.950977032158862
2026-06-01 18:00:00,71924,74.72,-94.95,0.4058485675176873,37.7,15.300490995416812
2026-06-01 21:00:00,71924,74.72,-94.95,0.8624271864515407,43.2,37.25685445470656
2026-06-02 00:00:00,71924,74.72,-94.95,0.46838912180698067,41.1,19.250792906266906
2026-06-02 03:00:00,71924,74.72,-94.95,0.8494873313726625,40.8,34.65908312000463
2026-06-02 06:00:00,71924,74.72,-94.95,0.45797814653469704,40.1,18.364923676041354
2026-06-02 09:00:00,71924,74.72,-94.95,0.4444168442115508,42.0,18.665507456885134
2026-06-02 12:00:00,71924,74.72,-94.95,0.47900979337904737,35.6,17.052748644294088
2026-06-02 15:00:00,71924,74.72,-94.95,0.5046273941340855,31.9,16.09761387287733
2026-06-02 18:00:00,71924,74.72,-94.95,0.527545737977996,32.4,17.09248191048707
2026-06-02 21:00:00,71854,51.04,-93.8,32.54196054932219,22.9,745.2108965794781
2026-06-03 00:00:00,71854,51.04,-93.8,30.535993152834457,19.7,601.5590651108388
2026-06-01 12:00:00,71854,51.04,-93.8,12.840167874705351,16.1,206.72670278275618
2026-06-01 15:00:00,71854,51.04,-93.8,20.480244384683644,15.2,311.29971464719137
2026-06-01 18:00:00,71854,51.04,-93.8,25.058570035806355,14.8,370.86683652993406
2026-06-01 21:00:00,71854,51.04,-93.8,30.359080108294282,14.9,452.3502936135848
2026-06-02 00:00:00,71854,51.04,-93.8,28.30459417954106,15.4,435.89075036493233
2026-06-02 03:00:00,71854,51.04,-93.8,20.97792724321847,17.4,365.0159340320014
2026-06-02 06:00:00,71854,51.04,-93.8,14.095386791748687,15.9,224.11664998880414
2026-06-02 09:00:00,71854,51.04,-93.8,10.567024003728221,23.0,243.0415520857491
2026-06-02 12:00:00,71854,51.04,-93.8,6.340214402236935,13.4,84.95887298997494
2026-06-02 15:00:00,71854,51.04,-93.8,11.773537115029228,17.0,200.15013095549688
2026-06-02 18:00:00,71854,51.04,-93.8,22.375256147587393,18.6,416.17976434512553
2026-06-02 21:00:00,71685,50.967,-118.183,14.358914468258487,2.5,35.89728617064622
2026-06-03 00:00:00,71685,50.967,-118.183,12.33975186762297,2.8,34.551305229344315
2026-06-01 12:00:00,71685,50.967,-118.183,6.4267105745648765,1.2,7.712052689477852
2026-06-01 15:00:00,71685,50.967,-118.183,7.528704608724831,1.3,9.78731599134228
2026-06-01 18:00:00,71685,50.967,-118.183,10.825562289763354,1.9,20.568568350550372
2026-06-01 21:00:00,71685,50.967,-118.183,11.832571800539029,2.7,31.94794386145538
2026-06-02 00:00:00,71685,50.967,-118.183,9.798346167136534,2.1,20.57652695098672
2026-06-02 03:00:00,71685,50.967,-118.183,7.079883649925113,1.7,12.035802204872693
2026-06-02 06:00:00,71685,50.967,-118.183,6.141999023730111,1.1,6.7561989261031234
2026-06-02 09:00:00,71685,50.967,-118.183,5.715386590546876,1.1,6.286925249601564
2026-06-02 12:00:00,71685,50.967,-118.183,5.493849493931904,0.9,4.944464544538714
2026-06-02 15:00:00,71685,50.967,-118.183,8.406552567162263,1.3,10.928518337310942
2026-06-02 18:00:00,71685,50.967,-118.183,12.76007959619942,2.0,25.52015919239884
2026-06-02 21:00:00,71730,46.63,-80.8,19.164317500525613,9.1,174.39528925478308
2026-06-03 00:00:00,71730,46.63,-80.8,20.735022518290094,12.3,255.04077697496817
2026-06-01 12:00:00,71730,46.63,-80.8,7.430921365672046,21.5,159.76480936194898
2026-06-01 15:00:00,71730,46.63,-80.8,12.52243160929783,14.7,184.0797446566781
2026-06-01 18:00:00,71730,46.63,-80.8,16.959812862709306,16.5,279.83691223470356
2026-06-01 21:00:00,71730,46.63,-80.8,17.382068306180244,16.6,288.54233388259206
2026-06-02 00:00:00,71730,46.63,-80.8,16.24240262011095,21.6,350.83589659439656
2026-06-02 03:00:00,71730,46.63,-80.8,15.876722576643502,27.1,430.2591818270389
2026-06-02 06:00:00,71730,46.63,-80.8,12.075988341173854,33.6,405.75320826344154
2026-06-02 09:00:00,71730,46.63,-80.8,8.74360609701667,32.1,280.6697557142351
2026-06-02 12:00:00,71730,46.63,-80.8,7.627616309781733,22.0,167.80755881519812
2026-06-02 15:00:00,71730,46.63,-80.8,15.648741129511365,14.7,230.03649460381706
2026-06-02 18:00:00,71730,46.63,-80.8,18.254210801185543,11.8,215.39968745398943
2026-06-02 21:00:00,208,49.701,-123.158,20.357444168273098,1.4,28.500421835582333
2026-06-03 00:00:00,208,49.701,-123.158,21.486118871251584,2.9,62.30974472662959
2026-06-01 12:00:00,208,49.701,-123.158,8.405483574120792,3.2,26.897547437186535
2026-06-01 15:00:00,208,49.701,-123.158,9.273201014321447,3.5,32.45620355012507
2026-06-01 18:00:00,208,49.701,-123.158,11.982927736001123,1.9,22.767562698402134
2026-06-01 21:00:00,208,49.701,-123.158,17.169806521932443,1.2,20.603767826318933
2026-06-02 00:00:00,208,49.701,-123.158,18.933156871216987,0.7,13.25320980985189
2026-06-02 03:00:00,208,49.701,-123.158,12.646256291968298,1.1,13.910881921165128
2026-06-02 06:00:00,208,49.701,-123.158,13.41320668243831,2.9,38.8982993790711
2026-06-02 09:00:00,208,49.701,-123.158,12.21159868025436,3.2,39.077115776813955
2026-06-02 12:00:00,208,49.701,-123.158,13.374536675935298,3.6,48.148332033367076
2026-06-02 15:00:00,208,49.701,-123.158,14.336777828927412,3.2,45.87768905256772
2026-06-02 18:00:00,208,49.701,-123.158,15.175507550361955,2.1,31.868565855760107
2026-06-02 21:00:00,71132,59.25,-105.833,10.619825474887666,14.7,156.1114344808487
2026-06-03 00:00:00,71132,59.25,-105.833,10.825562289763354,13.7,148.31020336975794
2026-06-01 12:00:00,71132,59.25,-105.833,4.226809601491286,11.0,46.494905616404154
2026-06-01 15:00:00,71132,59.25,-105.833,4.4710688941461,6.7,29.956161590778873
2026-06-01 18:00:00,71132,59.25,-105.833,7.00424437417848,25.8,180.7095048538048
2026-06-01 21:00:00,71132,59.25,-105.833,7.938361288321749,30.4,241.32618316498116
2026-06-02 00:00:00,71132,59.25,-105.833,6.6820268742818385,29.8,199.1244008535988
2026-06-02 03:00:00,71132,59.25,-105.833,5.715386590546876,32.9,188.03621882899222
2026-06-02 06:00:00,71132,59.25,-105.833,3.7545350679409886,30.1,113.01150554502377
2026-06-02 09:00:00,71132,59.25,-105.833,3.606705513575969,27.4,98.82373107198156
2026-06-02 12:00:00,71132,59.25,-105.833,5.039579916863833,27.0,136.06865775532347
2026-06-02 15:00:00,71132,59.25,-105.833,6.958551493836831,22.1,153.783988013794
2026-06-02 18:00:00,71132,59.25,-105.833,8.03476985307136,17.8,143.0189033846702
2026-06-02 21:00:00,3267,60.02,-111.97,18.2207494950843,7.1,129.3673214150985
2026-06-03 00:00:00,3267,60.02,-111.97,19.382643271667774,2.7,52.33313683350299
2026-06-01 12:00:00,3267,60.02,-111.97,1.2266556332674625,29.9,36.67700343469713
2026-06-01 15:00:00,3267,60.02,-111.97,2.6929698236640487,24.5,65.97776067976919
2026-06-01 18:00:00,3267,60.02,-111.97,4.576569785869038,24.9,113.95658766813905
2026-06-01 21:00:00,3267,60.02,-111.97,8.737149883516793,19.4,169.50070774022578
2026-06-02 00:00:00,3267,60.02,-111.97,11.832571800539027,20.5,242.56772191105006
2026-06-02 03:00:00,3267,60.02,-111.97,11.391371996044228,15.9,181.12281473710323
2026-06-02 06:00:00,3267,60.02,-111.97,8.460877816886551,10.9,92.22356820406341
2026-06-02 09:00:00,3267,60.02,-111.97,9.517479628585347,11.3,107.54751980301442
2026-06-02 12:00:00,3267,60.02,-111.97,10.609226199357057,17.1,181.4177680090057
2026-06-02 15:00:00,3267,60.02,-111.97,8.975607140139807,17.3,155.27800352441866
2026-06-02 18:00:00,3267,60.02,-111.97,14.157446510937078,8.1,114.67531673859033
2026-06-02 21:00:00,719173,43.19,-79.17,16.959812862709306,3.9,66.14327016456629
2026-06-03 00:00:00,719173,43.19,-79.17,20.234010067149274,11.0,222.57411073864202
2026-06-01 12:00:00,719173,43.19,-79.17,7.677498779662642,20.4,156.62097510511788
2026-06-01 15:00:00,719173,43.19,-79.17,7.82886934456655,18.8,147.18274367785114
2026-06-01 18:00:00,719173,43.19,-79.17,11.034785060837761,16.1,177.66003947948798
2026-06-01 21:00:00,719173,43.19,-79.17,12.920695667260658,18.5,239.03286984432216
2026-06-02 00:00:00,719173,43.19,-79.17,9.553240482810924,16.6,158.58379201466136
2026-06-02 03:00:00,719173,43.19,-79.17,9.553240482810924,15.5,148.07522748356934
2026-06-02 06:00:00,719173,43.19,-79.17,10.484579860220151,10.6,111.1365465183336
2026-06-02 09:00:00,719173,43.19,-79.17,10.350847149577586,6.6,68.31559118721206
2026-06-02 12:00:00,719173,43.19,-79.17,8.460877816886553,11.7,98.99227045757266
2026-06-02 15:00:00,719173,43.19,-79.17,8.793343876942807,14.2,124.86548305258785
2026-06-02 18:00:00,719173,43.19,-79.17,14.068519684223666,15.4,216.65520313704448
2026-06-02 21:00:00,212,49.833,-114.883,10.902564950611847,1.9,20.714873406162507
2026-06-03 00:00:00,212,49.833,-114.883,11.177672235365264,0.6,6.706603341219158
2026-06-01 12:00:00,212,49.833,-114.883,5.5668411950694665,1.4,7.793577673097253
2026-06-01 15:00:00,212,49.833,-114.883,6.141999023730111,1.7,10.44139834034119
2026-06-01 18:00:00,212,49.833,-114.883,6.812408650522203,0.9,6.131167785469983
2026-06-01 21:00:00,212,49.833,-114.883,7.30976916062375,2.4,17.543445985496998
2026-06-02 00:00:00,212,49.833,-114.883,7.30976916062375,2.4,17.543445985496998
2026-06-02 03:00:00,212,49.833,-114.883,6.812408650522203,1.6,10.899853840835526
2026-06-02 06:00:00,212,49.833,-114.883,6.263095475653241,1.8,11.273571856175835
2026-06-02 09:00:00,212,49.833,-114.883,4.487803570069902,1.4,6.2829249980978625
2026-06-02 12:00:00,212,49.833,-114.883,4.371803048508335,1.7,7.43206518246417
2026-06-02 15:00:00,212,49.833,-114.883,6.725242053729811,0.7,4.707669437610868
2026-06-02 18:00:00,212,49.833,-114.883,7.838676933709229,1.5,11.758015400563842
2026-06-02 21:00:00,71079,55.8,-97.867,19.20111455371262,18.3,351.38039633294096
2026-06-03 00:00:00,71079,55.8,-97.867,17.449237858519794,30.6,533.9466784707057
2026-06-01 12:00:00,71079,55.8,-97.867,16.546548269302768,33.2,549.345402540852
2026-06-01 15:00:00,71079,55.8,-97.867,19.872640262406044,23.2,461.0452540878202
2026-06-01 18:00:00,71079,55.8,-97.867,27.647189036742905,24.4,674.5914124965268
2026-06-01 21:00:00,71079,55.8,-97.867,30.71380144628704,23.1,709.4888134092306
2026-06-02 00:00:00,71079,55.8,-97.867,31.79966391667869,21.2,674.1528750335882
2026-06-02 03:00:00,71079,55.8,-97.867,26.37213035582418,29.3,772.7034194256485
2026-06-02 06:00:00,71079,55.8,-97.867,22.849014085503068,31.8,726.5986479189976
2026-06-02 09:00:00,71079,55.8,-97.867,21.246832688600925,29.5,626.7815643137272
2026-06-02 12:00:00,71079,55.8,-97.867,18.933156871216987,37.4,708.1000669835153
2026-06-02 15:00:00,71079,55.8,-97.867,19.20111455371262,15.0,288.0167183056893
2026-06-02 18:00:00,71079,55.8,-97.867,21.10423578889022,7.8,164.61303915334372
2026-06-02 21:00:00,71675,53.78,-89.88,36.691029961302974,20.9,766.8425261912321
2026-06-03 00:00:00,71675,53.78,-89.88,33.29925741396299,33.0,1098.8754946607787
2026-06-01 12:00:00,71675,53.78,-89.88,7.334255623355902,30.5,223.694796512355
2026-06-01 15:00:00,71675,53.78,-89.88,14.793833605219511,25.8,381.6809070146634
2026-06-01 18:00:00,71675,53.78,-89.88,21.37649517502154,27.1,579.3030192430838
2026-06-01 21:00:00,71675,53.78,-89.88,23.97477399224968,27.5,659.3062847868662
2026-06-02 00:00:00,71675,53.78,-89.88,23.126041677316525,28.2,652.154375300326
2026-06-02 03:00:00,71675,53.78,-89.88,15.455116580847676,40.0,618.204663233907
2026-06-02 06:00:00,71675,53.78,-89.88,16.488213625079382,44.4,732.0766849535246
2026-06-02 09:00:00,71675,53.78,-89.88,16.07830821054133,43.0,691.3672530532772
2026-06-02 12:00:00,71675,53.78,-89.88,15.285184772497482,40.1,612.9359093771491
2026-06-02 15:00:00,71675,53.78,-89.88,24.850529533134853,25.7,638.6586090015658
2026-06-02 18:00:00,71675,53.78,-89.88,32.918718289173,21.9,720.9199305328887
2026-06-02 21:00:00,71739,48.54,-81.39,23.265650478026394,7.0,162.85955334618475
2026-06-03 00:00:00,71739,48.54,-81.39,23.126041677316525,7.4,171.1327084121423
2026-06-01 12:00:00,71739,48.54,-81.39,6.599872792419165,12.1,79.8584607882719
2026-06-01 15:00:00,71739,48.54,-81.39,14.336777828927408,10.5,150.5361672037378
2026-06-01 18:00:00,71739,48.54,-81.39,17.489056175409324,12.9,225.60882466278028
2026-06-01 21:00:00,71739,48.54,-81.39,19.62263602506565,18.4,361.0565028612079
2026-06-02 00:00:00,71739,48.54,-81.39,17.9958246170732,23.2,417.50313111609825
2026-06-02 03:00:00,71739,48.54,-81.39,10.619825474887666,30.3,321.78071188909627
2026-06-02 06:00:00,71739,48.54,-81.39,9.333748680564753,26.4,246.41096516690948
2026-06-02 09:00:00,71739,48.54,-81.39,7.191328564684139,17.2,123.69085131256719
2026-06-02 12:00:00,71739,48.54,-81.39,8.74360609701667,9.2,80.44117609255336
2026-06-02 15:00:00,71739,48.54,-81.39,15.74634653993905,8.6,135.41858024347584
2026-06-02 18:00:00,71739,48.54,-81.39,21.63789356710513,8.5,183.92209532039362
2026-06-02 21:00:00,7811,45.467,-73.75,19.164317500525613,15.9,304.71264825835726
2026-06-03 00:00:00,7811,45.467,-73.75,18.704433278143846,14.9,278.69605584434333
2026-06-01 12:00:00,7811,45.467,-73.75,2.876531425873658,16.9,48.61338109726482
2026-06-01 15:00:00,7811,45.467,-73.75,7.30976916062375,6.4,46.782522627992
2026-06-01 18:00:00,7811,45.467,-73.75,13.24724278358372,3.1,41.066452629109534
2026-06-01 21:00:00,7811,45.467,-73.75,13.750598196537627,15.0,206.2589729480644
2026-06-02 00:00:00,7811,45.467,-73.75,12.840167874705351,20.8,267.0754917938713
2026-06-02 03:00:00,7811,45.467,-73.75,9.736559000114449,21.2,206.4150508024263
2026-06-02 06:00:00,7811,45.467,-73.75,9.553240482810924,32.2,307.6143435465118
2026-06-02 09:00:00,7811,45.467,-73.75,9.153139571738079,31.7,290.1545244240971
2026-06-02 12:00:00,7811,45.467,-73.75,9.23982190938683,33.3,307.6860695825814
2026-06-02 15:00:00,7811,45.467,-73.75,11.683870800137338,15.7,183.4367715621562
2026-06-02 18:00:00,7811,45.467,-73.75,16.752066879634903,16.8,281.4347235778664
2026-06-02 21:00:00,71081,68.78,-81.25,1.2665899126782794,41.9,53.070117341219905
2026-06-03 00:00:00,71081,68.78,-81.25,1.2665899126782794,43.1,54.590025236433846
2026-06-01 12:00:00,71081,68.78,-81.25,1.2126696722049548,39.0,47.29411721599324
2026-06-01 15:00:00,71081,68.78,-81.25,1.2483851360392828,33.9,42.32025611173169
2026-06-01 18:00:00,71081,68.78,-81.25,1.3226234360080333,30.9,40.86906417264823
2026-06-01 21:00:00,71081,68.78,-81.25,1.3226234360080333,32.8,43.38204870106349
2026-06-02 00:00:00,71081,68.78,-81.25,1.285029482899943,36.8,47.289084970717894
2026-06-02 03:00:00,71081,68.78,-81.25,1.2393699885753398,35.8,44.36944559099716
2026-06-02 06:00:00,71081,68.78,-81.25,1.1439443580432727,38.6,44.15625222047033
2026-06-02 09:00:00,71081,68.78,-81.25,0.5046273941340855,38.6,19.4786174135757
2026-06-02 12:00:00,71081,68.78,-81.25,0.9724170695271979,35.0,34.03459743345193
2026-06-02 15:00:00,71081,68.78,-81.25,1.5594171648882513,34.9,54.423659054599966
2026-06-02 18:00:00,71081,68.78,-81.25,1.2304125743372412,36.8,45.27918273561047
2026-06-02 21:00:00,71941,48.067,-77.767,22.71158887132119,23.8,540.5358151374444
2026-06-03 00:00:00,71941,48.067,-77.767,19.98749277189637,21.8,435.7273424273409
2026-06-01 12:00:00,71941,48.067,-77.767,8.629594277620969,15.6,134.6216707308871
2026-06-01 15:00:00,71941,48.067,-77.767,14.793833605219511,14.8,218.94873735724877
2026-06-01 18:00:00,71941,48.067,-77.767,20.110421497703484,16.7,335.8440390116482
2026-06-01 21:00:00,71941,48.067,-77.767,20.483178663192756,21.0,430.1467519270479
2026-06-02 00:00:00,71941,48.067,-77.767,17.013439461599226,24.7,420.23195470150085
2026-06-02 03:00:00,71941,48.067,-77.767,14.250693521201223,31.4,447.47177656571836
2026-06-02 06:00:00,71941,48.067,-77.767,10.540186452214765,30.7,323.5837240829933
2026-06-02 09:00:00,71941,48.067,-77.767,8.13255092923255,25.2,204.94028341666026
2026-06-02 12:00:00,71941,48.067,-77.767,9.273201014321447,17.2,159.4990574463289
2026-06-02 15:00:00,71941,48.067,-77.767,15.943155808198764,18.9,301.32564477495663
2026-06-02 18:00:00,71941,48.067,-77.767,21.63789356710513,23.9,517.1456562538126
2026-06-02 21:00:00,71906,58.12,-68.42,6.011175855959947,45.9,275.91297178856155
2026-06-03 00:00:00,71906,58.12,-68.42,5.141368459651903,42.9,220.56470691906665
2026-06-01 12:00:00,71906,58.12,-68.42,1.285029482899943,15.1,19.403945191789138
2026-06-01 15:00:00,71906,58.12,-68.42,3.183249631409769,14.6,46.47544461858263
2026-06-01 18:00:00,71906,58.12,-68.42,3.7895550033670995,18.0,68.21199006060779
2026-06-01 21:00:00,71906,58.12,-68.42,2.651839217156203,22.2,58.87083062086771
2026-06-02 00:00:00,71906,58.12,-68.42,2.5253959659082286,20.8,52.528236090891156
2026-06-02 03:00:00,71906,58.12,-68.42,1.4619885282726717,26.9,39.32749141053487
2026-06-02 06:00:00,71906,58.12,-68.42,0.6854917215702576,32.7,22.415579295347428
2026-06-02 09:00:00,71906,58.12,-68.42,0.6805940480359007,27.6,18.784395725790862
2026-06-02 12:00:00,71906,58.12,-68.42,2.5431266794399034,25.8,65.6126683295495
2026-06-02 15:00:00,71906,58.12,-68.42,4.0592650360373135,22.9,92.95716932525447
2026-06-02 18:00:00,71906,58.12,-68.42,4.495585604256698,28.4,127.67463116089023
2026-06-02 21:00:00,71043,65.283,-126.8,20.110421497703484,14.1,283.55694311761914
2026-06-03 00:00:00,71043,65.283,-126.8,21.37649517502154,25.7,549.3759259980535
2026-06-01 12:00:00,71043,65.283,-126.8,7.660859663568247,9.2,70.47990890482787
2026-06-01 15:00:00,71043,65.283,-126.8,9.178682663150557,6.6,60.57930557679367
2026-06-01 18:00:00,71043,65.283,-126.8,12.232009836923513,15.7,192.04255443969916
2026-06-01 21:00:00,71043,65.283,-126.8,13.717684633991148,10.5,144.03568865690704
2026-06-02 00:00:00,71043,65.283,-126.8,14.70141572627621,8.6,126.4321752459754
2026-06-02 03:00:00,71043,65.283,-126.8,14.886759528899322,2.5,37.216898822248304
2026-06-02 06:00:00,71043,65.283,-126.8,12.153779507804826,5.9,71.70729909604847
2026-06-02 09:00:00,71043,65.283,-126.8,9.704378106259684,6.5,63.07845769068795
2026-06-02 12:00:00,71043,65.283,-126.8,10.889373460658877,4.7,51.180055265096726
2026-06-02 15:00:00,71043,65.283,-126.8,10.609226199357057,9.2,97.60488103408491
2026-06-02 18:00:00,71043,65.283,-126.8,14.336777828927408,14.2,203.5822451707692
2026-06-02 21:00:00,71892,49.183,-123.183,20.110421497703484,13.7,275.5127745185377
2026-06-03 00:00:00,71892,49.183,-123.183,21.76963565493792,6.1,132.7947774951213
2026-06-01 12:00:00,71892,49.183,-123.183,7.286338414180559,4.7,34.24579054664863
2026-06-01 15:00:00,71892,49.183,-123.183,7.479672616783173,20.4,152.58532138237672
2026-06-01 18:00:00,71892,49.183,-123.183,12.23200983692351,24.9,304.57704493939536
2026-06-01 21:00:00,71892,49.183,-123.183,17.227594223014208,29.9,515.1050672681248
2026-06-02 00:00:00,71892,49.183,-123.183,19.62263602506565,33.5,657.3583068396993
2026-06-02 03:00:00,71892,49.183,-123.183,20.861955201354906,25.1,523.6350755540082
2026-06-02 06:00:00,71892,49.183,-123.183,17.489056175409324,8.5,148.65697749097924
2026-06-02 09:00:00,71892,49.183,-123.183,16.142112676431733,7.4,119.45163380559482
2026-06-02 12:00:00,71892,49.183,-123.183,15.551665285223091,13.6,211.50264787903404
2026-06-02 15:00:00,71892,49.183,-123.183,15.648741129511365,9.6,150.2279148433091
2026-06-02 18:00:00,71892,49.183,-123.183,18.91034087920317,13.4,253.39856778132247
2026-06-02 21:00:00,719170,55.833,-108.433,9.98577311333427,33.2,331.5276673626978
2026-06-03 00:00:00,719170,55.833,-108.433,9.922951610402189,28.9,286.77330154062327
2026-06-01 12:00:00,719170,55.833,-108.433,7.888381200359353,14.1,111.22617492506687
2026-06-01 15:00:00,719170,55.833,-108.433,11.247390385670748,11.0,123.72129424237824
2026-06-01 18:00:00,719170,55.833,-108.433,12.49218298243523,15.5,193.62883622774606
2026-06-01 21:00:00,719170,55.833,-108.433,12.41576307584303,24.2,300.4614664354013
2026-06-02 00:00:00,719170,55.833,-108.433,10.970780427820173,27.1,297.3081495939267
2026-06-02 03:00:00,719170,55.833,-108.433,7.642592386248738,30.2,230.8062900647119
2026-06-02 06:00:00,719170,55.833,-108.433,6.856362426174018,29.5,202.26269157213352
2026-06-02 09:00:00,719170,55.833,-108.433,4.820861911842815,28.3,136.43039210515167
2026-06-02 12:00:00,719170,55.833,-108.433,4.636600507160724,24.9,115.45135262830202
2026-06-02 15:00:00,719170,55.833,-108.433,6.6820268742818385,25.2,168.38707723190234
2026-06-02 18:00:00,719170,55.833,-108.433,9.25442437281269,29.8,275.78184630981815
2026-06-02 21:00:00,715179,49.917,-97.233,21.604898592887494,30.9,667.5913665202236
2026-06-03 00:00:00,715179,49.917,-97.233,17.381426294739747,33.6,584.0159235032555
2026-06-01 12:00:00,715179,49.917,-97.233,4.3338883361861456,20.3,87.97793322457876
2026-06-01 15:00:00,715179,49.917,-97.233,11.219449815860454,20.9,234.48650115148348
2026-06-01 18:00:00,715179,49.917,-97.233,16.385253699172946,27.7,453.8715274670906
2026-06-01 21:00:00,715179,49.917,-97.233,17.178080544020048,24.3,417.42735721968717
2026-06-02 00:00:00,715179,49.917,-97.233,12.953678654443273,27.5,356.22616299719
2026-06-02 03:00:00,715179,49.917,-97.233,5.027605374425875,22.0,110.60731823736924
2026-06-02 06:00:00,715179,49.917,-97.233,7.091377829701191,18.2,129.06307650056166
2026-06-02 09:00:00,715179,49.917,-97.233,9.338992498904638,17.2,160.63067098115977
2026-06-02 12:00:00,715179,49.917,-97.233,2.18051299012237,15.7,34.23405394492121
2026-06-02 15:00:00,715179,49.917,-97.233,8.516845826745445,19.6,166.93017820421073
2026-06-02 18:00:00,715179,49.917,-97.233,17.483882217644137,28.2,493.04547853756463
2026-06-02 21:00:00,71825,52.933,-66.867,9.830759634308095,22.6,222.17516773536295
2026-06-03 00:00:00,71825,52.933,-66.867,7.430921365672046,20.8,154.56316440597857
2026-06-01 12:00:00,71825,52.933,-66.867,4.004007546334267,21.4,85.68576149155331
2026-06-01 15:00:00,71825,52.933,-66.867,7.763546464599769,22.4,173.90344080703483
2026-06-01 18:00:00,71825,52.933,-66.867,10.335429283776012,17.3,178.80292660932503
2026-06-01 21:00:00,71825,52.933,-66.867,10.471541663496442,19.6,205.24221660453028
2026-06-02 00:00:00,71825,52.933,-66.867,8.99739480439083,23.3,209.63929894230634
2026-06-02 03:00:00,71825,52.933,-66.867,6.088897554055967,18.0,109.6001559730074
2026-06-02 06:00:00,71825,52.933,-66.867,3.5112537939270902,11.0,38.62379173319799
2026-06-02 09:00:00,71825,52.933,-66.867,3.438557824721153,12.1,41.60654967912595
2026-06-02 12:00:00,71825,52.933,-66.867,4.618700033210128,18.5,85.44595061438736
2026-06-02 15:00:00,71825,52.933,-66.867,7.144233238183595,16.4,117.16542510621095
2026-06-02 18:00:00,71825,52.933,-66.867,9.517479628585347,17.6,167.50764146310212
2026-06-02 21:00:00,71104,52.183,-122.05,19.872640262406044,2.9,57.63065676097752
2026-06-03 00:00:00,71104,52.183,-122.05,20.11376845814848,1.8,36.20478322466727
2026-06-01 12:00:00,71104,52.183,-122.05,7.022045276864158,6.7,47.04770335498986
2026-06-01 15:00:00,71104,52.183,-122.05,10.748498291527698,7.1,76.31433786984665
2026-06-01 18:00:00,71104,52.183,-122.05,16.90723840596516,7.0,118.35066884175612
2026-06-01 21:00:00,71104,52.183,-122.05,19.865220921348847,8.0,158.92176737079077
2026-06-02 00:00:00,71104,52.183,-122.05,20.483178663192756,7.4,151.5755221076264
2026-06-02 03:00:00,71104,52.183,-122.05,15.648741129511365,7.6,118.93043258428636
2026-06-02 06:00:00,71104,52.183,-122.05,10.552012652331367,4.7,49.59445946595743
2026-06-02 09:00:00,71104,52.183,-122.05,9.273201014321447,3.4,31.52888344869292
2026-06-02 12:00:00,71104,52.183,-122.05,7.144233238183595,3.3,23.575969686005863
2026-06-02 15:00:00,71104,52.183,-122.05,12.629822671390581,2.4,30.311574411337393
2026-06-02 18:00:00,71104,52.183,-122.05,16.752066879634903,4.4,73.70909427039358
2026-06-02 21:00:00,71880,49.6,-115.767,9.11037474754215,2.8,25.509049293118018
2026-06-03 00:00:00,71880,49.6,-115.767,9.455170439601584,2.0,18.91034087920317
2026-06-01 12:00:00,71880,49.6,-115.767,4.120387120448928,5.4,22.250090450424214
2026-06-01 15:00:00,71880,49.6,-115.767,4.546811228295878,6.5,29.55427298392321
2026-06-01 18:00:00,71880,49.6,-115.767,5.109306487891649,5.1,26.05746308824741
2026-06-01 21:00:00,71880,49.6,-115.767,7.403539498250151,5.7,42.20017514002586
2026-06-02 00:00:00,71880,49.6,-115.767,5.517392530418878,4.2,23.173048627759286
2026-06-02 03:00:00,71880,49.6,-115.767,3.4062043252610987,3.1,10.559233408309407
2026-06-02 06:00:00,71880,49.6,-115.767,3.070999511865054,4.3,13.205297901019732
2026-06-02 09:00:00,71880,49.6,-115.767,2.914535365672222,3.2,9.326513170151111
2026-06-02 12:00:00,71880,49.6,-115.767,2.8389636780700087,3.0,8.516891034210026
2026-06-02 15:00:00,71880,49.6,-115.767,5.043931540297358,3.7,18.662546699100226
2026-06-02 18:00:00,71880,49.6,-115.767,8.192444473672802,2.8,22.938844526283845
2026-06-02 21:00:00,715047,52.167,-106.7,12.723913411969725,12.4,157.7765263084246
2026-06-03 00:00:00,715047,52.167,-106.7,12.264147515666032,10.4,127.54713416292674
2026-06-01 12:00:00,715047,52.167,-106.7,8.886665877270335,21.1,187.5086500104041
2026-06-01 15:00:00,715047,52.167,-106.7,7.728286754753967,23.5,181.6147387367182
2026-06-01 18:00:00,715047,52.167,-106.7,11.287442557346012,27.6,311.5334145827499
2026-06-01 21:00:00,715047,52.167,-106.7,5.5422677015539215,22.7,125.80947682527402
2026-06-02 00:00:00,715047,52.167,-106.7,7.8232332005080885,24.9,194.7985066926514
2026-06-02 03:00:00,715047,52.167,-106.7,11.458831830448023,26.2,300.2213939577382
2026-06-02 06:00:00,715047,52.167,-106.7,7.6912062027176145,30.3,233.04354794234374
2026-06-02 09:00:00,715047,52.167,-106.7,7.034675101554242,15.0,105.52012652331364
2026-06-02 12:00:00,715047,52.167,-106.7,6.639055542754683,12.6,83.652099838709
2026-06-02 15:00:00,715047,52.167,-106.7,8.141065786836238,14.2,115.60313417307458
2026-06-02 18:00:00,715047,52.167,-106.7,12.039757274298367,12.8,154.1088931110191
2026-06-02 21:00:00,71943,56.233,-120.733,18.254210801185543,10.2,186.19295017209254
2026-06-03 00:00:00,71943,56.233,-120.733,18.704433278143846,9.9,185.17388945362407
2026-06-01 12:00:00,71943,56.233,-120.733,7.459065191544665,5.6,41.77076507265012
2026-06-01 15:00:00,71943,56.233,-120.733,9.830759634308095,6.3,61.933785696140994
2026-06-01 18:00:00,71943,56.233,-120.733,14.980195853822913,7.9,118.34354724520102
2026-06-01 21:00:00,71943,56.233,-120.733,19.382643271667774,8.0,155.0611461733422
2026-06-02 00:00:00,71943,56.233,-120.733,19.865220921348847,8.8,174.81394410786987
2026-06-02 03:00:00,71943,56.233,-120.733,15.359092598948244,5.7,87.546827814005
2026-06-02 06:00:00,71943,56.233,-120.733,11.543572059629803,5.6,64.64400353392689
2026-06-02 09:00:00,71943,56.233,-120.733,8.405483574120792,4.1,34.46248265389524
2026-06-02 12:00:00,71943,56.233,-120.733,7.763546464599769,4.2,32.60689515131903
2026-06-02 15:00:00,71943,56.233,-120.733,10.552012652331367,0.5,5.2760063261656835
2026-06-02 18:00:00,71943,56.233,-120.733,13.750598196537627,7.2,99.00430701507092
2026-06-02 21:00:00,712052,62.417,-140.867,8.906683450750764,3.4,30.282723732552597
2026-06-03 00:00:00,712052,62.417,-140.867,9.614007753397022,4.2,40.3788325642675
2026-06-01 12:00:00,712052,62.417,-140.867,3.1165956058716056,3.9,12.154722862899261
2026-06-01 15:00:00,712052,62.417,-140.867,3.6102917531920395,2.5,9.0257293829801
2026-06-01 18:00:00,712052,62.417,-140.867,4.681363517909437,5.6,26.215635700292847
2026-06-01 21:00:00,712052,62.417,-140.867,7.050855105716825,10.4,73.32889309945499
2026-06-02 00:00:00,712052,62.417,-140.867,7.57801871382647,11.1,84.11600772347381
2026-06-02 03:00:00,712052,62.417,-140.867,7.430921365672046,10.4,77.28158220298928
2026-06-02 06:00:00,712052,62.417,-140.867,3.779684937647872,7.3,27.591700044829462
2026-06-02 09:00:00,712052,62.417,-140.867,2.1289999377632434,5.5,11.709499657697839
2026-06-02 12:00:00,712052,62.417,-140.867,3.1075593310069403,3.7,11.49796952472568
2026-06-02 15:00:00,712052,62.417,-140.867,4.84130932116614,2.2,10.650880506565509
2026-06-02 18:00:00,712052,62.417,-140.867,7.627616309781733,1.9,14.492470988585293
2026-06-02 21:00:00,71951,54.517,-128.599,19.280818506999857,2.8,53.9862918195996
2026-06-03 00:00:00,71951,54.517,-128.599,23.547074230058456,3.0,70.64122269017537
2026-06-01 12:00:00,71951,54.517,-128.599,5.005009432917835,9.5,47.547589612719435
2026-06-01 15:00:00,71951,54.517,-128.599,6.011175855959946,9.4,56.5050530460235
2026-06-01 18:00:00,71951,54.517,-128.599,10.284543639261024,6.0,61.70726183556614
2026-06-01 21:00:00,71951,54.517,-128.599,15.263590930856585,4.2,64.10708190959767
2026-06-02 00:00:00,71951,54.517,-128.599,18.365870040459946,3.4,62.44395813756381
2026-06-02 03:00:00,71951,54.517,-128.599,17.27565261467216,5.9,101.92635042656576
2026-06-02 06:00:00,71951,54.517,-128.599,11.463888579373112,11.7,134.1274963786654
2026-06-02 09:00:00,71951,54.517,-128.599,9.333748680564753,10.3,96.13761140981696
2026-06-02 12:00:00,71951,54.517,-128.599,8.295359205168104,10.5,87.10127165426509
2026-06-02 15:00:00,71951,54.517,-128.599,8.406552567162263,10.6,89.10945721191999
2026-06-02 18:00:00,71951,54.517,-128.599,13.750598196537627,3.6,49.50215350753546
2026-06-02 21:00:00,71622,43.03,-81.15,22.30362924952665,13.9,310.0204465684205
2026-06-03 00:00:00,71622,43.03,-81.15,22.169070806215704,16.9,374.6572966250454
2026-06-01 12:00:00,71622,43.03,-81.15,9.333748680564753,29.1,271.6120866044343
2026-06-01 15:00:00,71622,43.03,-81.15,16.24240262011095,19.2,311.85413030613023
2026-06-01 18:00:00,71622,43.03,-81.15,20.358261459151564,18.0,366.4487062647281
2026-06-01 21:00:00,71622,43.03,-81.15,20.989565760525657,17.1,358.92157450498877
2026-06-02 00:00:00,71622,43.03,-81.15,17.489056175409324,14.6,255.34022016097612
2026-06-02 03:00:00,71622,43.03,-81.15,11.319257657331875,13.8,156.20575567117987
2026-06-02 06:00:00,71622,43.03,-81.15,11.176228162096457,22.6,252.58275646337995
2026-06-02 09:00:00,71622,43.03,-81.15,10.825562289763354,15.2,164.54854680440297
2026-06-02 12:00:00,71622,43.03,-81.15,10.552012652331369,11.7,123.45854803227701
2026-06-02 15:00:00,71622,43.03,-81.15,16.142112676431733,18.3,295.4006619787007
2026-06-02 18:00:00,71622,43.03,-81.15,18.032669094425916,18.4,331.80111133743685
2026-06-02 21:00:00,71964,60.717,-135.067,17.335553344744568,13.1,227.09574881615384
2026-06-03 00:00:00,71964,60.717,-135.067,18.67798499780928,12.4,231.60701397283506
2026-06-01 12:00:00,71964,60.717,-135.067,2.944845793951888,5.7,16.785621025525764
2026-06-01 15:00:00,71964,60.717,-135.067,4.6397351438345495,8.6,39.90172223697712
2026-06-01 18:00:00,71964,60.717,-135.067,7.559369875295746,10.1,76.34963574048703
2026-06-01 21:00:00,71964,60.717,-135.067,12.444998240753002,11.5,143.1174797686595
2026-06-02 00:00:00,71964,60.717,-135.067,13.80112953277012,11.5,158.71298962685637
2026-06-02 03:00:00,71964,60.717,-135.067,13.450484107459623,11.0,147.95532518205584
2026-06-02 06:00:00,71964,60.717,-135.067,9.23982190938683,7.8,72.07061089321728
2026-06-02 09:00:00,71964,60.717,-135.067,7.400914860209463,6.0,44.40548916125678
2026-06-02 12:00:00,71964,60.717,-135.067,4.869349250455183,6.9,33.59850982814077
2026-06-02 15:00:00,71964,60.717,-135.067,7.559369875295746,9.2,69.54620285272087
2026-06-02 18:00:00,71964,60.717,-135.067,12.389796387368945,12.2,151.1555159259011
2026-06-02 21:00:00,7830,46.37,-79.42,18.933156871216987,13.8,261.27756482279443
2026-06-03 00:00:00,7830,46.37,-79.42,17.275652614672158,11.4,196.94243980726262
2026-06-01 12:00:00,7830,46.37,-79.42,7.479672616783173,18.4,137.62597614881037
2026-06-01 15:00:00,7830,46.37,-79.42,12.444081188264596,13.2,164.26187168509264
2026-06-01 18:00:00,7830,46.37,-79.42,16.752066879634903,16.2,271.3834834500854
2026-06-01 21:00:00,7830,46.37,-79.42,17.169806521932443,19.0,326.2263239167164
2026-06-02 00:00:00,7830,46.37,-79.42,15.263590930856585,21.1,322.06176864107397
2026-06-02 03:00:00,7830,46.37,-79.42,13.892132254563066,25.2,350.08173281498927
2026-06-02 06:00:00,7830,46.37,-79.42,12.549364881973396,28.6,358.91183562443916
2026-06-02 09:00:00,7830,46.37,-79.42,10.609226199357057,32.8,347.98261933891143
2026-06-02 12:00:00,7830,46.37,-79.42,8.917105638806456,22.9,204.20171912866783
2026-06-02 15:00:00,7830,46.37,-79.42,15.648741129511365,13.5,211.25800524840344
2026-06-02 18:00:00,7830,46.37,-79.42,18.254210801185543,15.7,286.59110957861304
2026-06-02 21:00:00,71877,51.1,-114.017,7.546171771554583,21.5,162.24269308842355
2026-06-03 00:00:00,71877,51.1,-114.017,7.546171771554583,17.5,132.05800600220522
2026-06-01 12:00:00,71877,51.1,-114.017,4.147679602584052,26.4,109.49874150821897
2026-06-01 15:00:00,71877,51.1,-114.017,5.9837380934265365,28.8,172.33165709068425
2026-06-01 18:00:00,71877,51.1,-114.017,6.596326891217032,31.2,205.8053990059714
2026-06-01 21:00:00,71877,51.1,-114.017,6.945016861602758,28.7,199.32198392799916
2026-06-02 00:00:00,71877,51.1,-114.017,5.175423574788796,28.7,148.53465659643845
2026-06-02 03:00:00,71877,51.1,-114.017,4.883694734034039,29.7,145.04573360081096
2026-06-02 06:00:00,71877,51.1,-114.017,4.606499267797583,29.2,134.5097786196894
2026-06-02 09:00:00,71877,51.1,-114.017,4.458552819403229,30.7,136.8775715556791
2026-06-02 12:00:00,71877,51.1,-114.017,4.343217905919593,23.8,103.36858616088631
2026-06-02 15:00:00,71877,51.1,-114.017,4.789712450889425,24.1,115.43207006643514
2026-06-02 18:00:00,71877,51.1,-114.017,7.079883649925113,22.7,160.71335885330006
2026-06-02 21:00:00,71268,54.817,-127.183,21.76963565493792,8.4,182.86493950147855
2026-06-03 00:00:00,71268,54.817,-127.183,21.76963565493792,9.2,200.28064802542886
2026-06-01 12:00:00,71268,54.817,-127.183,4.8359453879830605,3.6,17.40940339673902
2026-06-01 15:00:00,71268,54.817,-127.183,7.459065191544665,2.5,18.647662978861664
2026-06-01 18:00:00,71268,54.817,-127.183,12.792096031091564,4.4,56.285222536802884
2026-06-01 21:00:00,71268,54.817,-127.183,15.844483951544508,5.9,93.4824553141126
2026-06-02 00:00:00,71268,54.817,-127.183,19.743602988196756,5.2,102.66673553862313
2026-06-02 03:00:00,71268,54.817,-127.183,18.562745851555373,4.7,87.24490550231026
2026-06-02 06:00:00,71268,54.817,-127.183,9.958583314132024,1.6,15.93373330261124
2026-06-02 09:00:00,71268,54.817,-127.183,7.144233238183595,4.3,30.720202924189458
2026-06-02 12:00:00,71268,54.817,-127.183,6.599872792419165,3.9,25.739503890434744
2026-06-02 15:00:00,71268,54.817,-127.183,9.894490336825545,5.1,50.46190071781027
2026-06-02 18:00:00,71268,54.817,-127.183,15.844483951544508,5.0,79.22241975772253
2026-06-02 21:00:00,71945,58.83,-122.6,22.169070806215704,16.6,368.0065753831807
2026-06-03 00:00:00,71945,58.83,-122.6,22.71158887132119,16.4,372.4700574896675
2026-06-01 12:00:00,71945,58.83,-122.6,9.67791907269612,20.7,200.3329248048097
2026-06-01 15:00:00,71945,58.83,-122.6,10.818734516708354,11.1,120.08795313546273
2026-06-01 18:00:00,71945,58.83,-122.6,16.07830821054133,10.5,168.82223621068397
2026-06-01 21:00:00,71945,58.83,-122.6,18.562745851555373,2.5,46.406864628888435
2026-06-02 00:00:00,71945,58.83,-122.6,19.382643271667774,2.0,38.76528654333555
2026-06-02 03:00:00,71945,58.83,-122.6,18.10798165890801,5.5,99.59389912399405
2026-06-02 06:00:00,71945,58.83,-122.6,16.07830821054133,12.7,204.1945142738749
2026-06-02 09:00:00,71945,58.83,-122.6,12.549364881973396,9.4,117.96402989054992
2026-06-02 12:00:00,71945,58.83,-122.6,8.801106748027081,5.1,44.88564441493811
2026-06-02 15:00:00,71945,58.83,-122.6,10.023040311422758,6.1,61.14054589967882
2026-06-02 18:00:00,71945,58.83,-122.6,16.64903041617548,6.9,114.87830987161082
2026-06-02 21:00:00,71889,49.491,-119.588,21.614830455297756,3.6,77.81338963907193
2026-06-03 00:00:00,71889,49.491,-119.588,21.874270462921466,1.6,34.998832740674345
2026-06-01 12:00:00,71889,49.491,-119.588,6.7324245591601155,1.8,12.118364206488208
2026-06-01 15:00:00,71889,49.491,-119.588,11.618347199820697,3.7,42.98788463933658
2026-06-01 18:00:00,71889,49.491,-119.588,15.263590930856584,7.2,109.89785470216741
2026-06-01 21:00:00,71889,49.491,-119.588,17.27565261467216,7.8,134.75009039444285
2026-06-02 00:00:00,71889,49.491,-119.588,17.59661881049055,7.7,135.49396484077724
2026-06-02 03:00:00,71889,49.491,-119.588,15.74634653993905,6.1,96.05271389362821
2026-06-02 06:00:00,71889,49.491,-119.588,10.825562289763354,2.1,22.733680808503046
2026-06-02 09:00:00,71889,49.491,-119.588,7.931233023821123,1.5,11.896849535731684
2026-06-02 12:00:00,71889,49.491,-119.588,7.382449488411438,1.7,12.550164130299445
2026-06-02 15:00:00,71889,49.491,-119.588,11.319257657331878,2.7,30.561995674796073
2026-06-02 18:00:00,71889,49.491,-119.588,18.254210801185543,4.4,80.3185275252164
2026-06-02 21:00:00,71799,48.633,-123.367,16.85566018401771,8.1,136.53084749054347
2026-06-03 00:00:00,71799,48.633,-123.367,18.59097860252581,5.6,104.10948017414452
2026-06-01 12:00:00,71799,48.633,-123.367,7.430921365672047,39.5,293.5213939440459
2026-06-01 15:00:00,71799,48.633,-123.367,6.958551493836831,30.5,212.23582056202335
2026-06-01 18:00:00,71799,48.633,-123.367,9.704378106259684,19.9,193.1171243145677
2026-06-01 21:00:00,71799,48.633,-123.367,16.959812862709306,13.7,232.34943621911748
2026-06-02 00:00:00,71799,48.633,-123.367,16.649030416175478,6.3,104.8888916219055
2026-06-02 03:00:00,71799,48.633,-123.367,16.85566018401771,7.9,133.15971545373992
2026-06-02 06:00:00,71799,48.633,-123.367,20.234010067149274,12.3,248.8783238259361
2026-06-02 09:00:00,71799,48.633,-123.367,17.884275576584415,21.9,391.66563512719864
2026-06-02 12:00:00,71799,48.633,-123.367,14.98019585382291,36.8,551.271207420683
2026-06-02 15:00:00,71799,48.633,-123.367,11.982927736001123,27.5,329.5305127400309
2026-06-02 18:00:00,71799,48.633,-123.367,14.427186921944461,14.9,214.96508513697248
2026-06-02 21:00:00,71696,58.73,-94.07,0.8014364984266438,51.0,40.87326141975883
2026-06-03 00:00:00,71696,58.73,-94.07,2.6703515198204757,46.2,123.37024021570599
2026-06-01 12:00:00,71696,58.73,-94.07,20.24530269420735,44.2,894.8423790839649
2026-06-01 15:00:00,71696,58.73,-94.07,19.381043500890986,43.4,841.1372879386687
2026-06-01 18:00:00,71696,58.73,-94.07,20.608764679343906,39.0,803.7418224944123
2026-06-01 21:00:00,71696,58.73,-94.07,23.265650478026394,36.5,849.1962424479634
2026-06-02 00:00:00,71696,58.73,-94.07,20.113768458148478,37.4,752.2549403347531
2026-06-02 03:00:00,71696,58.73,-94.07,16.959812862709306,39.7,673.3045706495595
2026-06-02 06:00:00,71696,58.73,-94.07,17.169806521932443,43.3,743.4526223996747
2026-06-02 09:00:00,71696,58.73,-94.07,21.376495175021535,38.5,822.9950642383291
2026-06-02 12:00:00,71696,58.73,-94.07,3.754535067940985,56.1,210.62941731148928
2026-06-02 15:00:00,71696,58.73,-94.07,0.7736633698030095,60.8,47.03873288402298
2026-06-02 18:00:00,71696,58.73,-94.07,0.7104511310957333,59.2,42.05870696086741
2026-06-02 21:00:00,71816,53.32,-60.43,11.581914415785572,25.3,293.022434719375
2026-06-03 00:00:00,71816,53.32,-60.43,4.84130932116614,30.0,145.2392796349842
2026-06-01 12:00:00,71816,53.32,-60.43,3.1608929420100926,18.0,56.89607295618167
2026-06-01 15:00:00,71816,53.32,-60.43,6.257702060593142,22.0,137.66944533304914
2026-06-01 18:00:00,71816,53.32,-60.43,5.506445615437683,21.3,117.28729160882266
2026-06-01 21:00:00,71816,53.32,-60.43,7.069462669047379,25.5,180.27129806070818
2026-06-02 00:00:00,71816,53.32,-60.43,4.802743883589664,20.5,98.45624961358811
2026-06-02 03:00:00,71816,53.32,-60.43,3.094653479212041,15.2,47.03873288402302
2026-06-02 06:00:00,71816,53.32,-60.43,2.8014898926970258,12.5,35.01862365871282
2026-06-02 09:00:00,71816,53.32,-60.43,2.071261709471262,21.9,45.360631437420636
2026-06-02 12:00:00,71816,53.32,-60.43,5.07408129504664,9.7,49.21858856195241
2026-06-02 15:00:00,71816,53.32,-60.43,10.134175113812375,11.5,116.54301380884232
2026-06-02 18:00:00,71816,53.32,-60.43,10.001926533457032,20.1,201.03872332248636
2026-06-02 21:00:00,71801,47.62,-52.73,1.4619885282726743,22.2,32.45614532765337
2026-06-03 00:00:00,71801,47.62,-52.73,2.688977852018086,16.7,44.90593012870203
2026-06-01 12:00:00,71801,47.62,-52.73,0.0,59.4,0.0
2026-06-01 15:00:00,71801,47.62,-52.73,0.0,61.3,0.0
2026-06-01 18:00:00,71801,47.62,-52.73,0.0,61.3,0.0
2026-06-01 21:00:00,71801,47.62,-52.73,0.7520611999479785,63.6,47.83109231669143
2026-06-02 00:00:00,71801,47.62,-52.73,0.7414615469655725,60.0,44.48769281793435
2026-06-02 03:00:00,71801,47.62,-52.73,0.7258098164800204,52.3,37.959853401905065
2026-06-02 06:00:00,71801,47.62,-52.73,0.7003724731742578,44.7,31.306649550889325
2026-06-02 09:00:00,71801,47.62,-52.73,0.7520611999479794,30.3,22.787454358423776
2026-06-02 12:00:00,71801,47.62,-52.73,1.4516196329600417,17.4,25.258181613504725
2026-06-02 15:00:00,71801,47.62,-52.73,1.6485715911366716,11.5,18.958573298071723
2026-06-02 18:00:00,71801,47.62,-52.73,2.6703515198204757,9.9,26.43648004622271
2026-06-02 21:00:00,6040,49.41,-82.47,23.688895671212414,3.1,73.43557658075848
2026-06-03 00:00:00,6040,49.41,-82.47,22.98716395216969,12.2,280.4434002164702
2026-06-01 12:00:00,6040,49.41,-82.47,4.776762743128119,18.5,88.3701107478702
2026-06-01 15:00:00,6040,49.41,-82.47,11.247543673555947,8.9,100.10313869464794
2026-06-01 18:00:00,6040,49.41,-82.47,16.752066879634903,18.2,304.8876172093552
2026-06-01 21:00:00,6040,49.41,-82.47,17.81347877675762,20.6,366.957662801207
2026-06-02 00:00:00,6040,49.41,-82.47,15.74634653993905,22.0,346.41962387865914
2026-06-02 03:00:00,6040,49.41,-82.47,10.825562289763354,35.4,383.2249050576227
2026-06-02 06:00:00,6040,49.41,-82.47,9.704378106259684,25.2,244.55032827774403
2026-06-02 09:00:00,6040,49.41,-82.47,9.333748680564753,10.3,96.13761140981696
2026-06-02 12:00:00,6040,49.41,-82.47,10.960417082393173,3.5,38.3614597883761
2026-06-02 15:00:00,6040,49.41,-82.47,15.455116580847676,5.9,91.1851878270013
2026-06-02 18:00:00,6040,49.41,-82.47,18.59097860252581,3.2,59.49113152808259
2026-06-02 21:00:00,6003,50.29,-88.91,27.974211548230613,20.5,573.4713367387276
2026-06-03 00:00:00,6003,50.29,-88.91,25.75402623639777,18.6,479.0248879969986
2026-06-01 12:00:00,6003,50.29,-88.91,7.931233023821123,19.1,151.48655075498345
2026-06-01 15:00:00,6003,50.29,-88.91,13.001665008558426,15.4,200.22564113179976
2026-06-01 18:00:00,6003,50.29,-88.91,18.818491801051323,16.7,314.26881307755707
2026-06-01 21:00:00,6003,50.29,-88.91,23.126041677316525,17.1,395.4553126821126
2026-06-02 00:00:00,6003,50.29,-88.91,18.677984997809276,14.1,263.3595884691108
2026-06-02 03:00:00,6003,50.29,-88.91,17.9958246170732,24.0,431.89979080975684
2026-06-02 06:00:00,6003,50.29,-88.91,12.956194121937763,20.6,266.89759891191795
2026-06-02 09:00:00,6003,50.29,-88.91,11.618347199820697,19.0,220.74859679659323
2026-06-02 12:00:00,6003,50.29,-88.91,11.469219573359442,19.1,219.06209385116537
2026-06-02 15:00:00,6003,50.29,-88.91,18.032669094425916,15.4,277.7031040541591
2026-06-02 18:00:00,6003,50.29,-88.91,25.75402623639777,17.6,453.2708617606008
2026-06-02 21:00:00,71624,43.667,-79.617,19.048431198070684,20.6,392.39768268025614
2026-06-03 00:00:00,71624,43.667,-79.617,16.04236456262723,30.9,495.70906498518144
2026-06-01 12:00:00,71624,43.667,-79.617,9.0344455304698,20.3,183.39924426853693
2026-06-01 15:00:00,71624,43.667,-79.617,10.04894263158833,10.3,103.50410910535982
2026-06-01 18:00:00,71624,43.667,-79.617,10.112461793526487,13.3,134.49574185390227
2026-06-01 21:00:00,71624,43.667,-79.617,12.840167874705353,13.1,168.20619915864012
2026-06-02 00:00:00,71624,43.667,-79.617,13.459610854755832,12.4,166.8991745989723
2026-06-02 03:00:00,71624,43.667,-79.617,13.205800600220524,8.9,117.53162534196267
2026-06-02 06:00:00,71624,43.667,-79.617,10.964653740935624,12.7,139.25110250988243
2026-06-02 09:00:00,71624,43.667,-79.617,8.737149883516794,22.7,198.33330235583122
2026-06-02 12:00:00,71624,43.667,-79.617,11.319257657331875,30.5,345.2373585486222
2026-06-02 15:00:00,71624,43.667,-79.617,16.04236456262723,19.8,317.6388183400192
2026-06-02 18:00:00,71624,43.667,-79.617,20.86195520135491,22.1,461.04920994994353
2026-06-02 21:00:00,71956,45.88,-82.57,15.168609176651499,24.4,370.1140639102965
2026-06-03 00:00:00,71956,45.88,-82.57,17.884275576584415,30.0,536.5282672975325
2026-06-01 12:00:00,71956,45.88,-82.57,10.267957872698265,31.6,324.4674687772652
2026-06-01 15:00:00,71956,45.88,-82.57,12.956194121937763,19.2,248.75892714120505
2026-06-01 18:00:00,71956,45.88,-82.57,14.793833605219515,12.8,189.3610701468098
2026-06-01 21:00:00,71956,45.88,-82.57,15.074144945137434,17.6,265.3049510344189
2026-06-02 00:00:00,71956,45.88,-82.57,11.982927736001123,17.4,208.50294260641954
2026-06-02 03:00:00,71956,45.88,-82.57,13.717684633991146,20.9,286.6996088504149
2026-06-02 06:00:00,71956,45.88,-82.57,13.289933995384935,19.0,252.50874591231377
2026-06-02 09:00:00,71956,45.88,-82.57,15.677353867418452,28.0,438.9659082877167
2026-06-02 12:00:00,71956,45.88,-82.57,12.46935683105107,30.3,377.8215119808474
2026-06-02 15:00:00,71956,45.88,-82.57,13.205800600220524,13.6,179.59888816299912
2026-06-02 18:00:00,71956,45.88,-82.57,17.169806521932443,6.4,109.88676174036765
2026-06-02 21:00:00,71704,43.0,-82.31,16.07830821054133,39.1,628.661851032166
2026-06-03 00:00:00,71704,43.0,-82.31,16.07830821054133,35.1,564.3486181900007
2026-06-01 12:00:00,71704,43.0,-82.31,9.958583314132024,18.6,185.22964964285566
2026-06-01 15:00:00,71704,43.0,-82.31,12.21159868025436,13.2,161.19310257935754
2026-06-01 18:00:00,71704,43.0,-82.31,11.832571800539025,24.5,289.8980091132061
2026-06-01 21:00:00,71704,43.0,-82.31,13.836096579798628,40.7,563.1291307978042
2026-06-02 00:00:00,71704,43.0,-82.31,13.038932855779201,41.4,539.811820229259
2026-06-02 03:00:00,71704,43.0,-82.31,11.391371996044226,12.6,143.53128715015725
2026-06-02 06:00:00,71704,43.0,-82.31,13.289933995384935,17.6,233.90283831877488
2026-06-02 09:00:00,71704,43.0,-82.31,10.756598470262912,13.5,145.21407934854932
2026-06-02 12:00:00,71704,43.0,-82.31,10.756598470262912,22.0,236.64516634578405
2026-06-02 15:00:00,71704,43.0,-82.31,11.176228162096457,29.5,329.6987307818455
2026-06-02 18:00:00,71704,43.0,-82.31,15.876722576643502,32.5,515.9934837409138
2026-06-02 21:00:00,71915,64.2,-83.37,4.375371733887361,25.4,111.13444204073896
2026-06-03 00:00:00,71915,64.2,-83.37,2.842166252525325,25.6,72.75945606464832
2026-06-01 12:00:00,71915,64.2,-83.37,1.6141913884854162,6.0,9.685148330912497
2026-06-01 15:00:00,71915,64.2,-83.37,0.7791489014678996,7.6,5.9215316511560365
2026-06-01 18:00:00,71915,64.2,-83.37,0.7958124078524431,10.3,8.196867800880165
2026-06-01 21:00:00,71915,64.2,-83.37,0.801436498426642,10.3,8.254795933794414
2026-06-02 00:00:00,71915,64.2,-83.37,0.0,15.0,0.0
2026-06-02 03:00:00,71915,64.2,-83.37,0.0,18.2,0.0
2026-06-02 06:00:00,71915,64.2,-83.37,8.881784197001252e-16,22.3,1.9806378759312793e-14
2026-06-02 09:00:00,71915,64.2,-83.37,0.6660863823169576,40.5,26.97649848383678
2026-06-02 12:00:00,71915,64.2,-83.37,1.4107917430441752,35.0,49.377711006546136
2026-06-02 15:00:00,71915,64.2,-83.37,1.6601745977594948,24.2,40.17622526577977
2026-06-02 18:00:00,71915,64.2,-83.37,2.9417739151527362,19.9,58.541300911539444
2026-06-02 21:00:00,71109,50.68,-127.38,16.343236873083118,4.6,75.17888961618233
2026-06-03 00:00:00,71109,50.68,-127.38,16.72772193714499,10.9,182.33216911488043
2026-06-01 12:00:00,71109,50.68,-127.38,2.2938231302362,19.7,45.18831566565314
2026-06-01 15:00:00,71109,50.68,-127.38,3.3263398357599696,7.4,24.614914784623775
2026-06-01 18:00:00,71109,50.68,-127.38,5.107239775712163,9.3,47.49732991412312
2026-06-01 21:00:00,71109,50.68,-127.38,9.641723823685634,9.8,94.48889347211922
2026-06-02 00:00:00,71109,50.68,-127.38,12.310681427719928,14.1,173.58060813085098
2026-06-02 03:00:00,71109,50.68,-127.38,13.205800600220522,17.0,224.49861020374888
2026-06-02 06:00:00,71109,50.68,-127.38,8.737149883516794,12.5,109.21437354395994
2026-06-02 09:00:00,71109,50.68,-127.38,7.982854084815706,5.9,47.09883910041267
2026-06-02 12:00:00,71109,50.68,-127.38,8.352533592852296,21.9,182.92048568346527
2026-06-02 15:00:00,71109,50.68,-127.38,10.417525292404136,33.0,343.7783346493365
2026-06-02 18:00:00,71109,50.68,-127.38,11.610136074008418,18.3,212.46549015435406
2026-06-02 21:00:00,71930,54.15,-115.783,7.403539498250151,7.2,53.30548438740109
2026-06-03 00:00:00,71930,54.15,-115.783,5.588114081048227,6.2,34.646307302499004
2026-06-01 12:00:00,71930,54.15,-115.783,4.343217905919593,10.5,45.603788012155725
2026-06-01 15:00:00,71930,54.15,-115.783,4.758739814292673,15.8,75.18808906582423
2026-06-01 18:00:00,71930,54.15,-115.783,5.175423574788796,13.5,69.86821825964876
2026-06-01 21:00:00,71930,54.15,-115.783,5.482326870467816,12.9,70.72201662903483
2026-06-02 00:00:00,71930,54.15,-115.783,7.30976916062375,10.6,77.48355310261175
2026-06-02 03:00:00,71930,54.15,-115.783,6.856362426174018,8.7,59.65035310771395
2026-06-02 06:00:00,71930,54.15,-115.783,6.303924199164118,6.1,38.45393761490112
2026-06-02 09:00:00,71930,54.15,-115.783,6.022963686979866,7.4,44.56993128365101
2026-06-02 12:00:00,71930,54.15,-115.783,4.3147971388104835,7.7,33.22393796884072
2026-06-02 15:00:00,71930,54.15,-115.783,4.6973216067399335,6.9,32.41151908650554
2026-06-02 18:00:00,71930,54.15,-115.783,5.20876264620207,6.0,31.25257587721242
2026-06-02 21:00:00,71811,50.22,-66.27,7.261963981749209,33.8,245.45438258312325
2026-06-03 00:00:00,71811,50.22,-66.27,6.092337018815735,27.8,169.36696912307744
2026-06-01 12:00:00,71811,50.22,-66.27,7.45149978217135,29.8,222.05469350870624
2026-06-01 15:00:00,71811,50.22,-66.27,8.574159134207795,18.2,156.04969624258186
2026-06-01 18:00:00,71811,50.22,-66.27,7.8142093973369615,14.1,110.18035250245116
2026-06-01 21:00:00,71811,50.22,-66.27,10.559796467870664,21.2,223.86768511885805
2026-06-02 00:00:00,71811,50.22,-66.27,8.975607140139807,14.8,132.83898567406916
2026-06-02 03:00:00,71811,50.22,-66.27,9.67791907269612,41.1,397.7624738878106
2026-06-02 06:00:00,71811,50.22,-66.27,10.771879294656184,33.0,355.47201672365406
2026-06-02 09:00:00,71811,50.22,-66.27,7.8142093973369615,22.0,171.91260674141316
2026-06-02 12:00:00,71811,50.22,-66.27,8.082725058117722,8.4,67.89489048818886
2026-06-02 15:00:00,71811,50.22,-66.27,7.867274807449221,15.5,121.94275951546292
2026-06-02 18:00:00,71811,50.22,-66.27,7.2134110271519365,24.2,174.56454685707686
2026-06-02 21:00:00,712098,60.017,-132.75,14.793833605219511,9.1,134.62388580749754
2026-06-03 00:00:00,712098,60.017,-132.75,15.648741129511365,8.9,139.27379605265114
2026-06-01 12:00:00,712098,60.017,-132.75,2.923977056545345,3.1,9.06432887529057
2026-06-01 15:00:00,712098,60.017,-132.75,4.704343042847947,1.6,7.526948868556715
2026-06-01 18:00:00,712098,60.017,-132.75,9.057470875366398,4.6,41.66436602668543
2026-06-01 21:00:00,712098,60.017,-132.75,12.689972838113798,7.0,88.82980986679658
2026-06-02 00:00:00,712098,60.017,-132.75,12.075988341173854,7.2,86.94711605645175
2026-06-02 03:00:00,712098,60.017,-132.75,9.767389468068075,8.3,81.06933258496503
2026-06-02 06:00:00,712098,60.017,-132.75,6.215887659620553,5.6,34.8089708938751
2026-06-02 09:00:00,712098,60.017,-132.75,4.0592650360373135,1.6,6.494824057659702
2026-06-02 12:00:00,712098,60.017,-132.75,2.7838410863007317,1.0,2.7838410863007317
2026-06-02 15:00:00,712098,60.017,-132.75,6.133278166337295,2.1,12.87988414930832
2026-06-02 18:00:00,712098,60.017,-132.75,12.232009836923513,5.5,67.27605410307932
2026-06-02 21:00:00,71290,55.338,-123.094,21.117857238478067,8.9,187.9489294224548
2026-06-03 00:00:00,71290,55.338,-123.094,21.506847772630078,9.0,193.5616299536707
2026-06-01 12:00:00,71290,55.338,-123.094,6.5186468947406215,6.7,43.674934194762166
2026-06-01 15:00:00,71290,55.338,-123.094,10.267957872698265,6.1,62.634543023459415
2026-06-01 18:00:00,71290,55.338,-123.094,14.24686512696342,3.5,49.86402794437197
2026-06-01 21:00:00,71290,55.338,-123.094,19.382643271667774,5.2,100.78974501267243
2026-06-02 00:00:00,71290,55.338,-123.094,19.865220921348847,7.2,143.0295906337117
2026-06-02 03:00:00,71290,55.338,-123.094,15.455116580847676,8.2,126.73195596295093
2026-06-02 06:00:00,71290,55.338,-123.094,11.39528771274609,4.8,54.69738102118123
2026-06-02 09:00:00,71290,55.338,-123.094,8.405483574120792,4.9,41.18686951319189
2026-06-02 12:00:00,71290,55.338,-123.094,7.660859663568246,5.8,44.432986048695824
2026-06-02 15:00:00,71290,55.338,-123.094,11.998634245804531,5.1,61.19303465360311
2026-06-02 18:00:00,71290,55.338,-123.094,15.943155808198764,7.8,124.35661530395035
2026-06-02 21:00:00,712066,62.2,-133.367,15.359092598948244,11.5,176.62956488790482
2026-06-03 00:00:00,712066,62.2,-133.367,16.54654826930277,8.0,132.37238615442217
2026-06-01 12:00:00,712066,62.2,-133.367,3.813973291356466,1.0,3.813973291356466
2026-06-01 15:00:00,712066,62.2,-133.367,6.047329186433386,1.0,6.047329186433386
2026-06-01 18:00:00,712066,62.2,-133.367,8.07890947099214,2.7,21.81305557167878
2026-06-01 21:00:00,712066,62.2,-133.367,11.321774457302968,4.0,45.28709782921187
2026-06-02 00:00:00,712066,62.2,-133.367,14.159767299850222,3.9,55.22309246941586
2026-06-02 03:00:00,712066,62.2,-133.367,11.845228943641171,2.4,28.42854946473881
2026-06-02 06:00:00,712066,62.2,-133.367,7.815342492479336,5.2,40.639780960892544
2026-06-02 09:00:00,712066,62.2,-133.367,5.108931433119944,5.5,28.09912288215969
2026-06-02 12:00:00,712066,62.2,-133.367,3.7375524134333826,5.4,20.182783032540268
2026-06-02 15:00:00,712066,62.2,-133.367,6.4267105745648765,9.9,63.62443468819228
2026-06-02 18:00:00,712066,62.2,-133.367,12.710732338625778,12.3,156.3420077650971
2026-06-02 21:00:00,71587,53.01,-93.04,29.30458549927973,19.8,580.2307928857387
2026-06-03 00:00:00,71587,53.01,-93.04,22.375256147587393,5.5,123.06390881173067
2026-06-01 12:00:00,71587,53.01,-93.04,12.13495415223178,28.6,347.05968875382894
2026-06-01 15:00:00,71587,53.01,-93.04,19.04843119807068,22.9,436.20907443581854
2026-06-01 18:00:00,71587,53.01,-93.04,27.00311002778644,21.1,569.765621586294
2026-06-01 21:00:00,71587,53.01,-93.04,29.145440914524436,21.0,612.0542592050132
2026-06-02 00:00:00,71587,53.01,-93.04,27.48492887043207,21.2,582.6804920531599
2026-06-02 03:00:00,71587,53.01,-93.04,22.438899631720908,31.5,706.8253383992086
2026-06-02 06:00:00,71587,53.01,-93.04,17.169806521932443,33.7,578.6224797891234
2026-06-02 09:00:00,71587,53.01,-93.04,15.263590930856585,29.7,453.32865064644056
2026-06-02 12:00:00,71587,53.01,-93.04,13.247242783583722,28.9,382.84531644556955
2026-06-02 15:00:00,71587,53.01,-93.04,18.97407359466132,16.6,314.9696216713779
2026-06-02 18:00:00,71587,53.01,-93.04,27.985864771923566,25.6,716.4381381612434
2026-06-02 21:00:00,719169,55.935,-129.99,14.990619578922276,3.4,50.968106568335735
2026-06-03 00:00:00,719169,55.935,-129.99,18.36587004045995,3.8,69.7903061537478
2026-06-01 12:00:00,719169,55.935,-129.99,4.6397351438345495,1.1,5.103708658218005
2026-06-01 15:00:00,719169,55.935,-129.99,4.375371733887361,1.3,5.687983254053569
2026-06-01 18:00:00,719169,55.935,-129.99,7.57801871382647,2.7,20.46065052733147
2026-06-01 21:00:00,719169,55.935,-129.99,11.536809304076428,3.2,36.91778977304457
2026-06-02 00:00:00,719169,55.935,-129.99,12.76007959619942,3.3,42.108262667458085
2026-06-02 03:00:00,719169,55.935,-129.99,12.058731157905996,3.2,38.58793970529919
2026-06-02 06:00:00,719169,55.935,-129.99,9.212998535595169,2.6,23.95379619254744
2026-06-02 09:00:00,719169,55.935,-129.99,6.599872792419165,2.5,16.499681981047914
2026-06-02 12:00:00,719169,55.935,-129.99,6.215887659620553,2.3,14.296541617127271
2026-06-02 15:00:00,719169,55.935,-129.99,7.430921365672046,2.2,16.348027004478503
2026-06-02 18:00:00,719169,55.935,-129.99,12.444081188264596,3.0,37.332243564793785
2026-06-02 21:00:00,71118,52.833,-111.1,1.8865429428886458,21.0,39.61740180066156
2026-06-03 00:00:00,71118,52.833,-111.1,1.8745906122593219,22.0,41.24099346970508
2026-06-01 12:00:00,71118,52.833,-111.1,3.4062043252610987,29.1,99.12054586509798
2026-06-01 15:00:00,71118,52.833,-111.1,3.5626733803003034,28.0,99.7548546484085
2026-06-01 18:00:00,71118,52.833,-111.1,3.8700453580028036,26.7,103.33021105867485
2026-06-01 21:00:00,71118,52.833,-111.1,1.9596692334273058,31.7,62.121514699645594
2026-06-02 00:00:00,71118,52.833,-111.1,1.9106480965621877,34.2,65.34416490242683
2026-06-02 03:00:00,71118,52.833,-111.1,3.70176974912507,30.8,114.01450827305216
2026-06-02 06:00:00,71118,52.833,-111.1,3.4725084308013763,32.8,113.89827653028513
2026-06-02 09:00:00,71118,52.833,-111.1,1.627898244678013,31.5,51.27879470735741
2026-06-02 12:00:00,71118,52.833,-111.1,1.545533502386908,29.6,45.747791670652475
2026-06-02 15:00:00,71118,52.833,-111.1,1.6384599390513515,25.6,41.9445744397146
2026-06-02 18:00:00,71118,52.833,-111.1,1.7927664117104847,20.4,36.57243479889389
2026-06-02 21:00:00,101248,53.9,-122.8,18.704433278143846,13.9,259.99162256619945
2026-06-03 00:00:00,101248,53.9,-122.8,19.39793695543874,14.6,283.2098795494056
2026-06-01 12:00:00,101248,53.9,-122.8,6.652679671519937,0.9,5.987411704367944
2026-06-01 15:00:00,101248,53.9,-122.8,8.917105638806456,2.5,22.29276409701614
2026-06-01 18:00:00,101248,53.9,-122.8,14.42718692194446,7.0,100.99030845361122
2026-06-01 21:00:00,101248,53.9,-122.8,17.169806521932443,10.9,187.15089108906363
2026-06-02 00:00:00,101248,53.9,-122.8,17.59661881049055,11.5,202.36111632064134
2026-06-02 03:00:00,101248,53.9,-122.8,15.551665285223091,9.1,141.52015409553013
2026-06-02 06:00:00,101248,53.9,-122.8,11.92171513841386,7.2,85.8363489965798
2026-06-02 09:00:00,101248,53.9,-122.8,10.471541663496442,6.9,72.25363747812546
2026-06-02 12:00:00,101248,53.9,-122.8,8.240774240897856,5.3,43.676103476758634
2026-06-02 15:00:00,101248,53.9,-122.8,12.310681427719928,7.0,86.1747699940395
2026-06-02 18:00:00,101248,53.9,-122.8,15.943155808198764,12.6,200.8837631833044
2026-06-02 21:00:00,258,54.5,-120.0,16.85566018401771,11.1,187.0978280425966
2026-06-03 00:00:00,258,54.5,-120.0,17.382068306180244,10.4,180.77351038427454
2026-06-01 12:00:00,258,54.5,-120.0,7.660859663568246,3.4,26.046922856132035
2026-06-01 15:00:00,258,54.5,-120.0,11.321774457302968,6.6,74.72371141819958
2026-06-01 18:00:00,258,54.5,-120.0,14.42718692194446,10.7,154.3709000648057
2026-06-01 21:00:00,258,54.5,-120.0,18.562745851555373,12.2,226.46549938897553
2026-06-02 00:00:00,258,54.5,-120.0,18.67798499780928,10.9,203.59003647612116
2026-06-02 03:00:00,258,54.5,-120.0,16.592108251019464,9.6,159.28423920978685
2026-06-02 06:00:00,258,54.5,-120.0,11.693547029993217,5.3,61.97579925896405
2026-06-02 09:00:00,258,54.5,-120.0,10.540186452214764,5.1,53.75495090629529
2026-06-02 12:00:00,258,54.5,-120.0,8.573079885820313,5.6,48.00924736059375
2026-06-02 15:00:00,258,54.5,-120.0,10.417525292404136,9.2,95.84123269011805
2026-06-02 18:00:00,258,54.5,-120.0,14.980195853822913,10.4,155.7940368797583
2026-06-02 21:00:00,259,66.312,-136.624,11.683870800137338,10.7,125.01741756146951
2026-06-03 00:00:00,259,66.312,-136.624,9.553240482810928,10.2,97.44305292467146
2026-06-01 12:00:00,259,66.312,-136.624,3.1934999066448624,9.8,31.296299085119653
2026-06-01 15:00:00,259,66.312,-136.624,3.704676784338025,14.7,54.45874872976896
2026-06-01 18:00:00,259,66.312,-136.624,7.57801871382647,16.2,122.76390316398881
2026-06-01 21:00:00,259,66.312,-136.624,10.484579860220151,16.6,174.04402567965454
2026-06-02 00:00:00,259,66.312,-136.624,11.247543673555947,14.2,159.71512016449444
2026-06-02 03:00:00,259,66.312,-136.624,10.825562289763354,8.6,93.09983569196484
2026-06-02 06:00:00,259,66.312,-136.624,7.879905248955147,7.2,56.73531779247706
2026-06-02 09:00:00,259,66.312,-136.624,4.808940684767958,8.9,42.79957209443482
2026-06-02 12:00:00,259,66.312,-136.624,3.1502712506326027,9.3,29.297522630883208
2026-06-02 15:00:00,259,66.312,-136.624,5.4217006194883695,8.5,46.084455265651144
2026-06-02 18:00:00,259,66.312,-136.624,8.906683450750764,10.9,97.08284961318333
2026-06-02 21:00:00,260,59.717,-135.05,11.536809304076428,1.9,21.919937677745214
2026-06-03 00:00:00,260,59.717,-135.05,12.211598680254358,0.4,4.884639472101743
2026-06-01 12:00:00,260,59.717,-135.05,1.5582978029358028,1.2,1.8699573635229632
2026-06-01 15:00:00,260,59.717,-135.05,3.6861807169111396,2.0,7.372361433822279
2026-06-01 18:00:00,260,59.717,-135.05,5.970953428910149,1.5,8.956430143365223
2026-06-01 21:00:00,260,59.717,-135.05,7.191328564684139,2.1,15.101789985836692
2026-06-02 00:00:00,260,59.717,-135.05,9.517479628585347,1.5,14.27621944287802
2026-06-02 03:00:00,260,59.717,-135.05,9.212998535595169,0.7,6.449098974916618
2026-06-02 06:00:00,260,59.717,-135.05,6.174461307230041,1.1,6.791907437953046
2026-06-02 09:00:00,260,59.717,-135.05,5.250452084387676,1.6,8.400723335020281
2026-06-02 12:00:00,260,59.717,-135.05,4.936768271078787,1.6,7.898829233726059
2026-06-02 15:00:00,260,59.717,-135.05,6.011175855959946,1.7,10.218998955131909
2026-06-02 18:00:00,260,59.717,-135.05,8.086981755216403,2.1,16.982661685954447
2026-06-02 21:00:00,261,49.691,-121.413,26.216405918676713,1.4,36.702968286147396
2026-06-03 00:00:00,261,49.691,-121.413,27.32349801124314,1.3,35.52054741461608
2026-06-01 12:00:00,261,49.691,-121.413,6.4267105745648765,0.6,3.856026344738926
2026-06-01 15:00:00,261,49.691,-121.413,11.248677794299908,0.9,10.123810014869917
2026-06-01 18:00:00,261,49.691,-121.413,18.562745851555373,2.5,46.406864628888435
2026-06-01 21:00:00,261,49.691,-121.413,24.94020465699267,2.3,57.362470711083134
2026-06-02 00:00:00,261,49.691,-121.413,22.98716395216969,2.6,59.7666262756412
2026-06-02 03:00:00,261,49.691,-121.413,20.608764679343906,2.6,53.58278816629416
2026-06-02 06:00:00,261,49.691,-121.413,13.892132254563066,2.2,30.562690960038747
2026-06-02 09:00:00,261,49.691,-121.413,10.619825474887666,0.8,8.495860379910132
2026-06-02 12:00:00,261,49.691,-121.413,9.830759634308091,0.9,8.847683670877283
2026-06-02 15:00:00,261,49.691,-121.413,13.804667100628865,1.4,19.32653394088041
2026-06-02 18:00:00,261,49.691,-121.413,22.71158887132119,1.5,34.06738330698178
2026-06-02 21:00:00,262,49.054,-122.328,31.252635670773156,11.3,353.15478307973666
2026-06-03 00:00:00,262,49.054,-122.328,27.974211548230613,12.7,355.27248666252876
2026-06-01 12:00:00,262,49.054,-122.328,7.479672616783173,22.4,167.54466661594307
2026-06-01 15:00:00,262,49.054,-122.328,9.333748680564753,27.0,252.01121437524833
2026-06-01 18:00:00,262,49.054,-122.328,16.752066879634903,8.5,142.39256847689668
2026-06-01 21:00:00,262,49.054,-122.328,24.850529533134853,8.9,221.1697128449002
2026-06-02 00:00:00,262,49.054,-122.328,25.148576871604448,16.1,404.89208763283165
2026-06-02 03:00:00,262,49.054,-122.328,21.76963565493792,11.1,241.64295576981092
2026-06-02 06:00:00,262,49.054,-122.328,15.74634653993905,6.5,102.35125250960382
2026-06-02 09:00:00,262,49.054,-122.328,19.865220921348847,37.3,740.9727403663119
2026-06-02 12:00:00,262,49.054,-122.328,16.242402620110955,41.8,678.9324295206378
2026-06-02 15:00:00,262,49.054,-122.328,14.518094719642033,35.2,511.0369341313996
2026-06-02 18:00:00,262,49.054,-122.328,23.908060759837745,12.5,298.8507594979718
2026-06-02 21:00:00,263,49.918,-122.918,24.26365477380362,4.1,99.48098457259483
2026-06-03 00:00:00,263,49.918,-122.918,25.601486071616836,4.4,112.64653871511409
2026-06-01 12:00:00,263,49.918,-122.918,9.487976084104645,3.4,32.25911868595579
2026-06-01 15:00:00,263,49.918,-122.918,10.960417082393171,2.8,30.689167830700878
2026-06-01 18:00:00,263,49.918,-122.918,19.26025181205803,2.6,50.076654711350876
2026-06-01 21:00:00,263,49.918,-122.918,23.469699601524272,1.7,39.89848932259126
2026-06-02 00:00:00,263,49.918,-122.918,25.55053748023634,1.6,40.88085996837815
2026-06-02 03:00:00,263,49.918,-122.918,21.246832688600925,1.1,23.37151595746102
2026-06-02 06:00:00,263,49.918,-122.918,17.444103920978954,3.4,59.309953331328444
2026-06-02 09:00:00,263,49.918,-122.918,15.677353867418452,2.9,45.46432621551351
2026-06-02 12:00:00,263,49.918,-122.918,12.792096031091564,3.0,38.376288093274695
2026-06-02 15:00:00,263,49.918,-122.918,14.157446510937076,1.6,22.651914417499324
2026-06-02 18:00:00,263,49.918,-122.918,21.117857238478067,0.9,19.00607151463026
2026-06-02 21:00:00,264,57.833,-129.983,17.22759422301421,7.3,125.76143782800374
2026-06-03 00:00:00,264,57.833,-129.983,17.884275576584418,7.9,141.28577705501692
2026-06-01 12:00:00,264,57.833,-129.983,3.813973291356466,2.4,9.153535899255518
2026-06-01 15:00:00,264,57.833,-129.983,5.883547830305473,2.9,17.062288707885873
2026-06-01 18:00:00,264,57.833,-129.983,9.741972091371565,4.6,44.813071620309195
2026-06-01 21:00:00,264,57.833,-129.983,13.712724852348035,5.6,76.79125917314899
2026-06-02 00:00:00,264,57.833,-129.983,12.792096031091564,5.6,71.63573777411276
2026-06-02 03:00:00,264,57.833,-129.983,11.618347199820697,5.4,62.73907487903177
2026-06-02 06:00:00,264,57.833,-129.983,7.40935356867605,3.4,25.19180213349857
2026-06-02 09:00:00,264,57.833,-129.983,5.179265551678234,3.0,15.5377966550347
2026-06-02 12:00:00,264,57.833,-129.983,3.7895550033670995,3.3,12.505531511111428
2026-06-02 15:00:00,264,57.833,-129.983,6.174461307230041,4.7,29.019968143981195
2026-06-02 18:00:00,264,57.833,-129.983,12.389796387368945,6.7,83.01163579537193
2026-06-02 21:00:00,265,52.55,-118.1,12.680428804473866,4.5,57.061929620132396
2026-06-03 00:00:00,265,52.55,-118.1,13.001665008558426,3.9,50.70649353337786
2026-06-01 12:00:00,265,52.55,-118.1,7.763546464599769,7.0,54.34482525219838
2026-06-01 15:00:00,265,52.55,-118.1,9.093622456591763,8.1,73.65834189839327
2026-06-01 18:00:00,265,52.55,-118.1,10.756598470262912,8.1,87.12844760912958
2026-06-01 21:00:00,265,52.55,-118.1,11.610136074008416,7.7,89.3980477698648
2026-06-02 00:00:00,265,52.55,-118.1,11.536809304076428,7.1,81.91134605894264
2026-06-02 03:00:00,265,52.55,-118.1,8.681271077003446,7.3,63.373278862125154
2026-06-02 06:00:00,265,52.55,-118.1,7.57801871382647,8.0,60.62414971061176
2026-06-02 09:00:00,265,52.55,-118.1,7.144233238183595,8.0,57.15386590546876
2026-06-02 12:00:00,265,52.55,-118.1,6.9127993376400845,7.4,51.15471509853663
2026-06-02 15:00:00,265,52.55,-118.1,8.03476985307136,6.7,53.832958015578114
2026-06-02 18:00:00,265,52.55,-118.1,9.614007753397022,5.6,53.83844341902332
2026-06-02 21:00:00,266,50.519,-115.205,10.370067656887166,1.6,16.592108251019464
2026-06-03 00:00:00,266,50.519,-115.205,10.567024003728223,1.4,14.793833605219511
2026-06-01 12:00:00,266,50.519,-115.205,6.822087779241336,3.3,22.512889671496406
2026-06-01 15:00:00,266,50.519,-115.205,7.479672616783173,4.0,29.91869046713269
2026-06-01 18:00:00,266,50.519,-115.205,8.298819428443355,4.5,37.3446874279951
2026-06-01 21:00:00,266,50.519,-115.205,8.849854562406389,4.3,38.05437461834747
2026-06-02 00:00:00,266,50.519,-115.205,8.849854562406389,3.6,31.859476424663
2026-06-02 03:00:00,266,50.519,-115.205,8.298819428443355,3.7,30.705631885240418
2026-06-02 06:00:00,266,50.519,-115.205,7.627616309781733,4.0,30.510465239126933
2026-06-02 09:00:00,266,50.519,-115.205,7.286338414180559,3.4,24.7735506082139
2026-06-02 12:00:00,266,50.519,-115.205,5.715386590546876,3.4,19.432314407859376
2026-06-02 15:00:00,266,50.519,-115.205,8.192299695256745,2.4,19.661519268616185
2026-06-02 18:00:00,266,50.519,-115.205,9.553240482810928,2.1,20.061805013902948
2026-06-02 21:00:00,267,64.45,-138.217,13.45961085475583,6.8,91.52535381233965
2026-06-03 00:00:00,267,64.45,-138.217,14.157446510937076,5.3,75.0344665079665
2026-06-01 12:00:00,267,64.45,-138.217,1.8687762067166886,4.6,8.596370550896767
2026-06-01 15:00:00,267,64.45,-138.217,4.526089975924169,5.6,25.346103865175344
2026-06-01 18:00:00,267,64.45,-138.217,7.004569645100662,7.6,53.234729302765025
2026-06-01 21:00:00,267,64.45,-138.217,11.543572059629803,8.0,92.34857647703842
2026-06-02 00:00:00,267,64.45,-138.217,12.389796387368945,6.7,83.01163579537193
2026-06-02 03:00:00,267,64.45,-138.217,10.218612975783309,4.6,47.00561968860322
2026-06-02 06:00:00,267,64.45,-138.217,8.573079885820313,4.0,34.29231954328125
2026-06-02 09:00:00,267,64.45,-138.217,5.506445615437683,3.0,16.51933684631305
2026-06-02 12:00:00,267,64.45,-138.217,5.2147517171609525,2.7,14.079829636334573
2026-06-02 15:00:00,267,64.45,-138.217,8.025579414192528,0.9,7.223021472773275
2026-06-02 18:00:00,267,64.45,-138.217,11.92171513841386,6.8,81.06766294121425
2026-06-02 21:00:00,268,50.52,-116.3,10.70013989558779,2.1,22.470293780734362
2026-06-03 00:00:00,268,50.52,-116.3,11.039368986319767,2.0,22.078737972639534
2026-06-01 12:00:00,268,50.52,-116.3,5.210228328319556,1.7,8.857388158143246
2026-06-01 15:00:00,268,50.52,-116.3,5.790957207892788,1.2,6.949148649471345
2026-06-01 18:00:00,268,50.52,-116.3,6.51159297871205,1.0,6.51159297871205
2026-06-01 21:00:00,268,50.52,-116.3,6.945016861602758,1.4,9.72302360624386
2026-06-02 00:00:00,268,50.52,-116.3,6.945016861602758,1.7,11.806528664724688
2026-06-02 03:00:00,268,50.52,-116.3,6.469585404173124,2.2,14.233087889180874
2026-06-02 06:00:00,268,50.52,-116.3,5.8674044986847225,2.2,12.90828989710639
2026-06-02 09:00:00,268,50.52,-116.3,4.202741787060399,1.7,7.144661038002678
2026-06-02 12:00:00,268,50.52,-116.3,4.093252667544801,1.6,6.549204268071683
2026-06-02 15:00:00,268,50.52,-116.3,6.469585404173124,1.2,7.7635024850077485
2026-06-02 18:00:00,268,50.52,-116.3,7.789247200091561,1.6,12.462795520146498
2026-06-02 21:00:00,269,47.683,-117.633,18.97407359466132,5.9,111.94703420850179
2026-06-03 00:00:00,269,47.683,-117.633,20.014497623632227,5.6,112.08118669234047
2026-06-01 12:00:00,269,47.683,-117.633,4.371803048508335,3.4,14.86413036492834
2026-06-01 15:00:00,269,47.683,-117.633,7.263275622071875,4.2,30.505757612701878
2026-06-01 18:00:00,269,47.683,-117.633,11.530080483165522,8.5,98.00568410690694
2026-06-01 21:00:00,269,47.683,-117.633,12.959389073931309,12.8,165.88018014632075
2026-06-02 00:00:00,269,47.683,-117.633,13.038722000846814,5.4,70.4090988045728
2026-06-02 03:00:00,269,47.683,-117.633,11.601716157222107,5.3,61.48909563327717
2026-06-02 06:00:00,269,47.683,-117.633,7.450818774730973,1.1,8.19590065220407
2026-06-02 09:00:00,269,47.683,-117.633,4.915379817154047,1.9,9.33922165259269
2026-06-02 12:00:00,269,47.683,-117.633,4.517222765234896,3.6,16.262001954845626
2026-06-02 15:00:00,269,47.683,-117.633,7.938361288321749,4.9,38.89797031277657
2026-06-02 18:00:00,269,47.683,-117.633,16.130135829472557,7.5,120.97601872104418
2026-06-02 21:00:00,72797,47.95,-124.55,13.665562121313224,7.5,102.49171590984918
2026-06-03 00:00:00,72797,47.95,-124.55,16.242402620110955,9.9,160.79978593909846
2026-06-01 12:00:00,72797,47.95,-124.55,12.075988341173854,16.4,198.0462087952512
2026-06-01 15:00:00,72797,47.95,-124.55,13.890033723205514,26.0,361.14087680334336
2026-06-01 18:00:00,72797,47.95,-124.55,10.240555592091006,12.6,129.03100046034666
2026-06-01 21:00:00,72797,47.95,-124.55,15.082816123277615,13.4,202.10973605192004
2026-06-02 00:00:00,72797,47.95,-124.55,20.861955201354906,19.6,408.8943219465562
2026-06-02 03:00:00,72797,47.95,-124.55,14.98019585382291,29.1,435.9236993462467
2026-06-02 06:00:00,72797,47.95,-124.55,18.793849055664914,30.2,567.5742414810804
2026-06-02 09:00:00,72797,47.95,-124.55,19.502317095045726,16.2,315.93753693974077
2026-06-02 12:00:00,72797,47.95,-124.55,18.448128773064838,14.2,261.9634285775207
2026-06-02 15:00:00,72797,47.95,-124.55,14.33677782892741,21.7,311.1080788877248
2026-06-02 18:00:00,72797,47.95,-124.55,10.43535967441486,7.9,82.4393414278774
2026-06-02 21:00:00,271,54.518,-129.5,19.753024475355517,2.6,51.357863635924346
2026-06-03 00:00:00,271,54.518,-129.5,20.480244384683644,2.1,43.008513207835655
2026-06-01 12:00:00,271,54.518,-129.5,4.115193990872369,1.9,7.8188685826575
2026-06-01 15:00:00,271,54.518,-129.5,4.681363517909437,1.8,8.426454332236988
2026-06-01 18:00:00,271,54.518,-129.5,8.245408614021288,2.1,17.315358089444707
2026-06-01 21:00:00,271,54.518,-129.5,12.76007959619942,2.1,26.796167152018782
2026-06-02 00:00:00,271,54.518,-129.5,16.546548269302768,1.9,31.438441711675257
2026-06-02 03:00:00,271,54.518,-129.5,15.943155808198762,1.9,30.291996035577647
2026-06-02 06:00:00,271,54.518,-129.5,11.034785060837761,2.4,26.483484146010625
2026-06-02 09:00:00,271,54.518,-129.5,7.931233023821124,2.8,22.20745246669915
2026-06-02 12:00:00,271,54.518,-129.5,7.528704608724832,3.3,24.844725208791942
2026-06-02 15:00:00,271,54.518,-129.5,10.218612975783309,3.5,35.76514541524158
2026-06-02 18:00:00,271,54.518,-129.5,16.54654826930277,3.2,52.94895446176887
2026-06-02 21:00:00,272,51.347,-125.681,17.136760564127297,2.3,39.414549297492776
2026-06-03 00:00:00,272,51.347,-125.681,17.449237858519794,2.9,50.6027897897074
2026-06-01 12:00:00,272,51.347,-125.681,5.581578140954972,1.8,10.046840653718949
2026-06-01 15:00:00,272,51.347,-125.681,6.556201902250397,1.7,11.145543233825673
2026-06-01 18:00:00,272,51.347,-125.681,10.756598470262912,1.7,18.28621739944695
2026-06-01 21:00:00,272,51.347,-125.681,13.58098624418101,1.8,24.44577523952582
2026-06-02 00:00:00,272,51.347,-125.681,14.626737821284294,1.6,23.40278051405487
2026-06-02 03:00:00,272,51.347,-125.681,12.840167874705351,0.6,7.70410072482321
2026-06-02 06:00:00,272,51.347,-125.681,8.460877816886553,0.7,5.922614471820586
2026-06-02 09:00:00,272,51.347,-125.681,7.6276163097817316,1.4,10.678662833694423
2026-06-02 12:00:00,272,51.347,-125.681,7.191328564684139,1.7,12.225258559963036
2026-06-02 15:00:00,272,51.347,-125.681,8.460877816886553,1.5,12.69131672532983
2026-06-02 18:00:00,272,51.347,-125.681,14.095386791748687,1.3,18.324002829273294
2026-06-02 21:00:00,273,49.725,-117.158,12.33975186762297,2.6,32.08335485581973
2026-06-03 00:00:00,273,49.725,-117.158,12.880477924589943,1.4,18.03266909442592
2026-06-01 12:00:00,273,49.725,-117.158,5.4217006194883695,2.0,10.843401238976739
2026-06-01 15:00:00,273,49.725,-117.158,7.778123900470627,1.6,12.444998240753003
2026-06-01 18:00:00,273,49.725,-117.158,9.079094527589843,1.5,13.618641791384764
2026-06-01 21:00:00,273,49.725,-117.158,9.860476500449188,1.2,11.832571800539025
2026-06-02 00:00:00,273,49.725,-117.158,7.938361288321749,1.2,9.526033545986099
2026-06-02 03:00:00,273,49.725,-117.158,7.30976916062375,0.9,6.578792244561376
2026-06-02 06:00:00,273,49.725,-117.158,4.758739814292673,1.5,7.138109721439009
2026-06-02 09:00:00,273,49.725,-117.158,4.400553374013542,1.2,5.28066404881625
2026-06-02 12:00:00,273,49.725,-117.158,4.230513063430095,1.1,4.653564369773105
2026-06-02 15:00:00,273,49.725,-117.158,6.900564766385061,1.2,8.280677719662073
2026-06-02 18:00:00,273,49.725,-117.158,10.970780427820173,2.8,30.718185197896485
2026-06-02 21:00:00,274,42.57,-79.82,12.522431609297827,8.7,108.94515500089109
2026-06-03 00:00:00,274,42.57,-79.82,12.522431609297827,15.1,189.08871730039718
2026-06-01 12:00:00,274,42.57,-79.82,7.5287046087248335,21.7,163.37289000932887
2026-06-01 15:00:00,274,42.57,-79.82,9.579424901778848,24.2,231.82208262304812
2026-06-01 18:00:00,274,42.57,-79.82,13.545158753009822,25.5,345.4015482017505
2026-06-01 21:00:00,274,42.57,-79.82,14.518094719642033,33.1,480.5489352201513
2026-06-02 00:00:00,274,42.57,-79.82,14.886759528899326,33.6,500.1951201710174
2026-06-02 03:00:00,274,42.57,-79.82,13.374536675935298,31.5,421.2979052919619
2026-06-02 06:00:00,274,42.57,-79.82,10.619825474887666,25.1,266.5576194196804
2026-06-02 09:00:00,274,42.57,-79.82,11.998634245804528,20.5,245.97200203899283
2026-06-02 12:00:00,274,42.57,-79.82,11.769173594027173,16.0,188.30677750443476
2026-06-02 15:00:00,274,42.57,-79.82,12.075988341173854,10.3,124.3826799140907
2026-06-02 18:00:00,274,42.57,-79.82,12.87391590431072,8.7,112.00306836750326
2026-06-02 21:00:00,275,45.06,-82.49,16.17993886964237,10.8,174.74333979213762
2026-06-03 00:00:00,275,45.06,-82.49,17.013439461599226,15.2,258.60427981630824
2026-06-01 12:00:00,275,45.06,-82.49,11.103726233349574,34.7,385.2993002972303
2026-06-01 15:00:00,275,45.06,-82.49,11.469219573359442,34.2,392.247309408893
2026-06-01 18:00:00,275,45.06,-82.49,12.60121347966532,26.1,328.8916718192649
2026-06-01 21:00:00,275,45.06,-82.49,12.840167874705351,22.2,285.0517268184588
2026-06-02 00:00:00,275,45.06,-82.49,13.459610854755832,15.4,207.2780071632398
2026-06-02 03:00:00,275,45.06,-82.49,13.892132254563066,22.9,318.12982862949417
2026-06-02 06:00:00,275,45.06,-82.49,13.717684633991148,26.2,359.40333741056804
2026-06-02 09:00:00,275,45.06,-82.49,13.804667100628865,27.5,379.6283452672938
2026-06-02 12:00:00,275,45.06,-82.49,12.71073233862578,27.3,347.0029928444838
2026-06-02 15:00:00,275,45.06,-82.49,12.792096031091566,24.2,309.5687239524159
2026-06-02 18:00:00,275,45.06,-82.49,14.901637549461942,8.9,132.6245741902113
2026-06-02 21:00:00,276,43.72,-82.23,16.28213157367248,28.8,468.92538932176745
2026-06-03 00:00:00,276,43.72,-82.23,16.384888947345612,25.8,422.7301348415168
2026-06-01 12:00:00,276,43.72,-82.23,12.46935683105107,33.1,412.7357111077904
2026-06-01 15:00:00,276,43.72,-82.23,10.284543639261024,24.7,254.02822788974728
2026-06-01 18:00:00,276,43.72,-82.23,13.038932855779201,29.7,387.2563058166423
2026-06-01 21:00:00,276,43.72,-82.23,13.374536675935298,48.6,650.0024824504555
2026-06-02 00:00:00,276,43.72,-82.23,14.427186921944461,50.3,725.6875021738064
2026-06-02 03:00:00,276,43.72,-82.23,14.518094719642033,48.3,701.2239749587102
2026-06-02 06:00:00,276,43.72,-82.23,11.319257657331875,33.9,383.72283458355054
2026-06-02 09:00:00,276,43.72,-82.23,10.023040311422758,31.3,313.72116174753234
2026-06-02 12:00:00,276,43.72,-82.23,12.87391590431072,27.2,350.1705125972516
2026-06-02 15:00:00,276,43.72,-82.23,13.289933995384935,26.3,349.5252640786238
2026-06-02 18:00:00,276,43.72,-82.23,16.592108251019464,26.3,436.3724470018119
2026-06-02 21:00:00,277,45.34,-80.8,16.959812862709306,26.0,440.95513443044194
2026-06-03 00:00:00,277,45.34,-80.8,15.168609176651499,39.2,594.6094797247388
2026-06-01 12:00:00,277,45.34,-80.8,9.641723823685634,30.9,297.9292661518861
2026-06-01 15:00:00,277,45.34,-80.8,11.683870800137338,25.3,295.60193124347467
2026-06-01 18:00:00,277,45.34,-80.8,12.920695667260658,14.5,187.35008717527953
2026-06-01 21:00:00,277,45.34,-80.8,14.336777828927412,23.6,338.3479567626869
2026-06-02 00:00:00,277,45.34,-80.8,15.074144945137434,21.6,325.6015308149686
2026-06-02 03:00:00,277,45.34,-80.8,14.427186921944463,23.9,344.80976743447263
2026-06-02 06:00:00,277,45.34,-80.8,16.07830821054133,28.5,458.2317840004279
2026-06-02 09:00:00,277,45.34,-80.8,13.122134285815273,31.1,408.098376288855
2026-06-02 12:00:00,277,45.34,-80.8,14.342131293683881,34.8,499.106169020199
2026-06-02 15:00:00,277,45.34,-80.8,14.619538321247504,25.2,368.4123656954371
2026-06-02 18:00:00,277,45.34,-80.8,15.844483951544508,19.6,310.5518854502724
2026-06-02 21:00:00,278,43.61,-78.73,15.551665285223091,21.2,329.6953040467295
2026-06-03 00:00:00,278,43.61,-78.73,16.64903041617548,27.2,452.8536273199731
2026-06-01 12:00:00,278,43.61,-78.73,9.39464321347986,23.3,218.89518687408074
2026-06-01 15:00:00,278,43.61,-78.73,7.430921365672049,23.0,170.91119141045712
2026-06-01 18:00:00,278,43.61,-78.73,10.153053380263863,20.5,208.1375942954092
2026-06-01 21:00:00,278,43.61,-78.73,12.71073233862578,13.2,167.7816668698603
2026-06-02 00:00:00,278,43.61,-78.73,10.75659847026291,12.7,136.60880057233894
2026-06-02 03:00:00,278,43.61,-78.73,9.313523468413711,8.5,79.16494948151654
2026-06-02 06:00:00,278,43.61,-78.73,9.137211450779688,4.6,42.03117267358656
2026-06-02 09:00:00,278,43.61,-78.73,8.963832058552427,13.6,121.908115996313
2026-06-02 12:00:00,278,43.61,-78.73,8.906683450750764,15.2,135.3815884514116
2026-06-02 15:00:00,278,43.61,-78.73,13.038932855779201,17.4,226.87743169055807
2026-06-02 18:00:00,278,43.61,-78.73,15.168609176651499,18.4,279.1024088503876
2026-06-02 21:00:00,279,60.583,-140.367,9.517479628585347,1.4,13.324471480019485
2026-06-03 00:00:00,279,60.583,-140.367,10.023040311422758,0.6,6.013824186853655
2026-06-01 12:00:00,279,60.583,-140.367,5.77000056897835,2.2,12.694001251752372
2026-06-01 15:00:00,279,60.583,-140.367,6.274281654708867,1.6,10.038850647534188
2026-06-01 18:00:00,279,60.583,-140.367,7.65690053430288,1.7,13.016730908314896
2026-06-01 21:00:00,279,60.583,-140.367,8.819264854511703,1.8,15.874676738121066
2026-06-02 00:00:00,279,60.583,-140.367,7.919847350902997,1.7,13.463740496535095
2026-06-02 03:00:00,279,60.583,-140.367,7.815342492479336,1.7,13.28608223721487
2026-06-02 06:00:00,279,60.583,-140.367,6.974908208788171,1.9,13.252325596697524
2026-06-02 09:00:00,279,60.583,-140.367,5.3954177184791225,2.6,14.028086068045718
2026-06-02 12:00:00,279,60.583,-140.367,4.229094205833979,2.8,11.841463776335141
2026-06-02 15:00:00,279,60.583,-140.367,5.773375041512659,2.4,13.85610009963038
2026-06-02 18:00:00,279,60.583,-140.367,6.9127993376400845,1.7,11.751758873988143
2026-06-02 21:00:00,280,47.72,-87.06,17.227594223014208,12.1,208.4538900984719
2026-06-03 00:00:00,280,47.72,-87.06,18.10798165890801,12.1,219.1065780727869
2026-06-01 12:00:00,280,47.72,-87.06,9.273201014321446,47.8,443.2590084845651
2026-06-01 15:00:00,280,47.72,-87.06,11.319257657331878,46.1,521.8177780029996
2026-06-01 18:00:00,280,47.72,-87.06,15.168609176651499,40.3,611.2949498190553
2026-06-01 21:00:00,280,47.72,-87.06,15.677353867418452,25.4,398.20478823242865
2026-06-02 00:00:00,280,47.72,-87.06,17.12022383294047,17.1,292.75582754328207
2026-06-02 03:00:00,280,47.72,-87.06,17.227594223014208,22.3,384.1753511732168
2026-06-02 06:00:00,280,47.72,-87.06,15.074144945137434,24.4,367.80913666135336
2026-06-02 09:00:00,280,47.72,-87.06,13.717684633991148,23.2,318.25028350859463
2026-06-02 12:00:00,280,47.72,-87.06,14.6095035441808,18.4,268.8148652129267
2026-06-02 15:00:00,280,47.72,-87.06,16.696575479063775,14.4,240.43068689851836
2026-06-02 18:00:00,280,47.72,-87.06,17.013439461599226,9.1,154.82229910055295
2026-06-02 21:00:00,281,48.86,-124.2,19.397936955438745,3.6,69.83257303957949
2026-06-03 00:00:00,281,48.86,-124.2,19.872640262406044,5.8,115.26131352195505
2026-06-01 12:00:00,281,48.86,-124.2,8.801106748027085,1.6,14.081770796843337
2026-06-01 15:00:00,281,48.86,-124.2,9.093622456591763,0.1,0.9093622456591763
2026-06-01 18:00:00,281,48.86,-124.2,12.52243160929783,2.7,33.81056534510414
2026-06-01 21:00:00,281,48.86,-124.2,18.254210801185543,2.1,38.333842682489646
2026-06-02 00:00:00,281,48.86,-124.2,21.63789356710513,2.8,60.58610198789436
2026-06-02 03:00:00,281,48.86,-124.2,16.959812862709306,1.5,25.43971929406396
2026-06-02 06:00:00,281,48.86,-124.2,13.00166500855843,2.2,28.60366301882855
2026-06-02 09:00:00,281,48.86,-124.2,14.33677782892741,1.9,27.239877874962076
2026-06-02 12:00:00,281,48.86,-124.2,13.717684633991148,1.5,20.57652695098672
2026-06-02 15:00:00,281,48.86,-124.2,11.907541932482626,0.4,4.76301677299305
2026-06-02 18:00:00,281,48.86,-124.2,14.807702241147565,3.6,53.30772806813123
2026-06-02 21:00:00,100263,52.91,-120.911,17.922781330293663,3.4,60.93745652299845
2026-06-03 00:00:00,100263,52.91,-120.911,15.935124516450696,4.1,65.33401051744785
2026-06-01 12:00:00,100263,52.91,-120.911,5.891218890872814,2.5,14.728047227182035
2026-06-01 15:00:00,100263,52.91,-120.911,9.153139571738077,2.1,19.22159310064996
2026-06-01 18:00:00,100263,52.91,-120.911,14.24686512696342,2.8,39.891222355497575
2026-06-01 21:00:00,100263,52.91,-120.911,16.34323687308312,2.9,47.39538693194105
2026-06-02 00:00:00,100263,52.91,-120.911,16.4446179237068,3.3,54.26723914823244
2026-06-02 03:00:00,100263,52.91,-120.911,14.518094719642033,2.9,42.10247468696189
2026-06-02 06:00:00,100263,52.91,-120.911,11.769173594027171,3.2,37.66135550088695
2026-06-02 09:00:00,100263,52.91,-120.911,10.540186452214764,3.1,32.67457800186577
2026-06-02 12:00:00,100263,52.91,-120.911,8.46102612686019,2.9,24.53697576789455
2026-06-02 15:00:00,100263,52.91,-120.911,10.417525292404136,1.0,10.417525292404136
2026-06-02 18:00:00,100263,52.91,-120.911,13.24724278358372,2.2,29.143934123884186
2026-06-02 21:00:00,100211,52.957,-123.595,22.849014085503065,8.3,189.64681690967547
2026-06-03 00:00:00,100211,52.957,-123.595,20.11376845814848,8.5,170.96703189426208
2026-06-01 12:00:00,100211,52.957,-123.595,5.432205745617186,2.6,14.123734938604684
2026-06-01 15:00:00,100211,52.957,-123.595,8.801106748027085,1.6,14.081770796843337
2026-06-01 18:00:00,100211,52.957,-123.595,14.793833605219511,7.2,106.51560195758049
2026-06-01 21:00:00,100211,52.957,-123.595,20.483178663192756,10.4,213.02505809720466
2026-06-02 00:00:00,100211,52.957,-123.595,21.246832688600925,12.0,254.9619922632111
2026-06-02 03:00:00,100211,52.957,-123.595,16.24240262011095,9.7,157.55130541507623
2026-06-02 06:00:00,100211,52.957,-123.595,10.619825474887666,3.3,35.0454240671293
2026-06-02 09:00:00,100211,52.957,-123.595,9.212998535595169,1.7,15.662097510511787
2026-06-02 12:00:00,100211,52.957,-123.595,8.46102612686019,4.3,36.382412345498814
2026-06-02 15:00:00,100211,52.957,-123.595,12.629822671390581,4.9,61.88613108981385
2026-06-02 18:00:00,100211,52.957,-123.595,16.752066879634903,7.2,120.6148815333713
2026-06-02 21:00:00,284,53.68,-127.104,22.57488511469202,11.2,252.8387132845506
2026-06-03 00:00:00,284,53.68,-127.104,22.98716395216969,10.5,241.36522149778176
2026-06-01 12:00:00,284,53.68,-127.104,6.172790986308555,2.6,16.049256564402242
2026-06-01 15:00:00,284,53.68,-127.104,7.660859663568246,2.6,19.91823512527744
2026-06-01 18:00:00,284,53.68,-127.104,14.901637549461942,6.7,99.84097158139501
2026-06-01 21:00:00,284,53.68,-127.104,18.793849055664918,9.0,169.14464150098425
2026-06-02 00:00:00,284,53.68,-127.104,20.735022518290094,10.3,213.57073193838798
2026-06-02 03:00:00,284,53.68,-127.104,16.649030416175478,10.9,181.47443153631272
2026-06-02 06:00:00,284,53.68,-127.104,12.389796387368946,6.1,75.57775796295057
2026-06-02 09:00:00,284,53.68,-127.104,9.153139571738077,4.3,39.35850015847373
2026-06-02 12:00:00,284,53.68,-127.104,8.516891034210026,4.6,39.177698757366116
2026-06-02 15:00:00,284,53.68,-127.104,11.998634245804531,7.4,88.78989341895354
2026-06-02 18:00:00,284,53.68,-127.104,18.793849055664914,11.5,216.12926414014652
2026-06-02 21:00:00,285,65.367,-138.3,11.247543673555947,5.1,57.36247273513533
2026-06-03 00:00:00,285,65.367,-138.3,9.553240482810928,6.6,63.05138718655212
2026-06-01 12:00:00,285,65.367,-138.3,2.002003773167134,4.1,8.208215469985248
2026-06-01 15:00:00,285,65.367,-138.3,4.776762743128119,7.0,33.43733920189683
2026-06-01 18:00:00,285,65.367,-138.3,7.286338414180559,7.4,53.91890426493614
2026-06-01 21:00:00,285,65.367,-138.3,10.087863080594717,8.0,80.70290464475774
2026-06-02 00:00:00,285,65.367,-138.3,12.710732338625778,9.4,119.48088398308232
2026-06-02 03:00:00,285,65.367,-138.3,12.389796387368945,7.5,92.92347290526709
2026-06-02 06:00:00,285,65.367,-138.3,7.382449488411438,12.1,89.32763880977839
2026-06-02 09:00:00,285,65.367,-138.3,3.3263398357599696,6.1,20.290672998135815
2026-06-02 12:00:00,285,65.367,-138.3,3.0653588598719663,4.0,12.261435439487865
2026-06-02 15:00:00,285,65.367,-138.3,6.64379934899952,3.1,20.595777981898514
2026-06-02 18:00:00,285,65.367,-138.3,8.460877816886553,4.4,37.227862394300836
2026-06-02 21:00:00,100170,53.502,-125.779,22.438899631720908,10.2,228.87677624355325
2026-06-03 00:00:00,100170,53.502,-125.779,19.872640262406044,9.3,184.81555444037622
2026-06-01 12:00:00,100170,53.502,-125.779,5.143992488590461,4.4,22.63356694979803
2026-06-01 15:00:00,100170,53.502,-125.779,6.64379934899952,3.3,21.924537851698418
2026-06-01 18:00:00,100170,53.502,-125.779,13.63118260016023,5.7,77.69774082091331
2026-06-01 21:00:00,100170,53.502,-125.779,19.502317095045726,8.6,167.71992701739325
2026-06-02 00:00:00,100170,53.502,-125.779,18.03266909442592,8.9,160.4907549403907
2026-06-02 03:00:00,100170,53.502,-125.779,16.142112676431733,9.1,146.89322535552876
2026-06-02 06:00:00,100170,53.502,-125.779,10.417525292404136,5.9,61.4633992251844
2026-06-02 09:00:00,100170,53.502,-125.779,9.034445530469796,2.9,26.199892038362407
2026-06-02 12:00:00,100170,53.502,-125.779,8.350261792604197,4.1,34.236073349677206
2026-06-02 15:00:00,100170,53.502,-125.779,12.153779507804826,4.6,55.907385735902196
2026-06-02 18:00:00,100170,53.502,-125.779,18.793849055664914,9.4,176.6621811232502
2026-06-02 21:00:00,287,55.04,-131.57,19.39793695543874,20.3,393.7781201954065
2026-06-03 00:00:00,287,55.04,-131.57,20.608764679343906,11.6,239.0616702803893
2026-06-01 12:00:00,287,55.04,-131.57,8.078909470992137,20.5,165.6176441553388
2026-06-01 15:00:00,287,55.04,-131.57,7.972559218799426,23.5,187.3551416417865
2026-06-01 18:00:00,287,55.04,-131.57,9.741972091371565,21.3,207.50400554621433
2026-06-01 21:00:00,287,55.04,-131.57,9.894490336825546,14.9,147.42790601870064
2026-06-02 00:00:00,287,55.04,-131.57,14.157446510937076,16.6,235.0136120815555
2026-06-02 03:00:00,287,55.04,-131.57,15.844483951544508,18.0,285.2007111278011
2026-06-02 06:00:00,287,55.04,-131.57,16.142112676431733,19.0,306.70014085220294
2026-06-02 09:00:00,287,55.04,-131.57,19.027463332771976,23.5,447.1453883201414
2026-06-02 12:00:00,287,55.04,-131.57,19.502317095045726,30.9,602.6215982369129
2026-06-02 15:00:00,287,55.04,-131.57,17.773331754540674,37.9,673.6092734970915
2026-06-02 18:00:00,287,55.04,-131.57,15.94315580819876,36.3,578.7365558376149
2026-06-02 21:00:00,210008,62.83,-137.33,14.336777828927408,2.9,41.57665570388948
2026-06-03 00:00:00,210008,62.83,-137.33,15.455116580847676,2.0,30.910233161695352
2026-06-01 12:00:00,210008,62.83,-137.33,0.812790183133882,3.5,2.844765640968587
2026-06-01 15:00:00,210008,62.83,-137.33,4.03155279095559,5.1,20.56091923387351
2026-06-01 18:00:00,210008,62.83,-137.33,6.556201902250397,5.9,38.681591223277344
2026-06-01 21:00:00,210008,62.83,-137.33,9.39464321347986,6.2,58.246787923575134
2026-06-02 00:00:00,210008,62.83,-137.33,11.998634245804531,4.9,58.79330780444221
2026-06-02 03:00:00,210008,62.83,-137.33,10.023040311422758,6.2,62.1428499308211
2026-06-02 06:00:00,210008,62.83,-137.33,8.1865053350896,5.7,46.66308041001073
2026-06-02 09:00:00,210008,62.83,-137.33,5.4692146673592,4.3,23.517623069644557
2026-06-02 12:00:00,210008,62.83,-137.33,5.2147517171609525,3.6,18.77310618177943
2026-06-02 15:00:00,210008,62.83,-137.33,7.919847350902997,6.0,47.51908410541798
2026-06-02 18:00:00,210008,62.83,-137.33,10.284543639261024,6.9,70.96335111090107
2026-06-02 21:00:00,289,51.371,-127.234,20.480244384683644,3.6,73.72887978486112
2026-06-03 00:00:00,289,51.371,-127.234,21.76963565493792,9.0,195.9267208944413
2026-06-01 12:00:00,289,51.371,-127.234,4.316334174783298,6.0,25.89800504869979
2026-06-01 15:00:00,289,51.371,-127.234,4.808940684767958,2.3,11.060563574966302
2026-06-01 18:00:00,289,51.371,-127.234,10.688020140900917,3.0,32.06406042270275
2026-06-01 21:00:00,289,51.371,-127.234,13.083077940734213,4.0,52.332311762936854
2026-06-02 00:00:00,289,51.371,-127.234,14.447708729158036,4.0,57.79083491663214
2026-06-02 03:00:00,289,51.371,-127.234,13.329998815905507,2.6,34.65799692135432
2026-06-02 06:00:00,289,51.371,-127.234,6.945016861602756,3.4,23.61305732944937
2026-06-02 09:00:00,289,51.371,-127.234,7.0974091951750236,2.8,19.872745746490065
2026-06-02 12:00:00,289,51.371,-127.234,7.0974091951750236,2.9,20.58248666600757
2026-06-02 15:00:00,289,51.371,-127.234,10.619825474887666,2.3,24.42559859224163
2026-06-02 18:00:00,289,51.371,-127.234,17.489056175409324,1.5,26.233584263113986
2026-06-02 21:00:00,290,52.75,-120.0,14.447708729158037,0.8,11.55816698332643
2026-06-03 00:00:00,290,52.75,-120.0,14.898915691011638,0.9,13.409024121910475
2026-06-01 12:00:00,290,52.75,-120.0,6.092337018815737,2.0,12.184674037631474
2026-06-01 15:00:00,290,52.75,-120.0,9.153139571738077,1.8,16.475651229128538
2026-06-01 18:00:00,290,52.75,-120.0,11.683870800137338,3.3,38.556773640453216
2026-06-01 21:00:00,290,52.75,-120.0,13.083077940734213,2.9,37.94092602812922
2026-06-02 00:00:00,290,52.75,-120.0,13.164936513384209,1.9,25.013379375429995
2026-06-02 03:00:00,290,52.75,-120.0,11.758015400563842,1.5,17.637023100845763
2026-06-02 06:00:00,290,52.75,-120.0,11.39528771274609,1.6,18.232460340393743
2026-06-02 09:00:00,290,52.75,-120.0,8.917105638806456,1.3,11.592237330448393
2026-06-02 12:00:00,290,52.75,-120.0,7.050855105716825,1.2,8.46102612686019
2026-06-02 15:00:00,290,52.75,-120.0,8.460877816886553,0.9,7.614790035197898
2026-06-02 18:00:00,290,52.75,-120.0,12.680428804473866,0.8,10.144343043579093
2026-06-02 21:00:00,291,51.19,-117.28,10.767246389383882,1.8,19.38104350089099
2026-06-03 00:00:00,291,51.19,-117.28,11.177672235365264,1.3,14.530973905974845
2026-06-01 12:00:00,291,51.19,-117.28,6.469622053833142,3.2,20.702790572266053
2026-06-01 15:00:00,291,51.19,-117.28,7.334255623355902,2.4,17.602213496054162
2026-06-01 18:00:00,291,51.19,-117.28,8.406552567162263,3.8,31.9448997552166
2026-06-01 21:00:00,291,51.19,-117.28,9.021301908136131,2.8,25.259645342781166
2026-06-02 00:00:00,291,51.19,-117.28,8.963832058552425,2.8,25.09872976394679
2026-06-02 03:00:00,291,51.19,-117.28,8.298819428443355,3.2,26.55622217101874
2026-06-02 06:00:00,291,51.19,-117.28,7.382449488411438,3.7,27.31506310712232
2026-06-02 09:00:00,291,51.19,-117.28,7.004569645100662,3.7,25.91690768687245
2026-06-02 12:00:00,291,51.19,-117.28,6.7324245591601155,2.9,19.524031221564336
2026-06-02 15:00:00,291,51.19,-117.28,6.427815882457091,2.4,15.426758117897018
2026-06-02 18:00:00,291,51.19,-117.28,9.798346167136534,2.1,20.57652695098672
2026-06-02 21:00:00,210009,61.973,-132.438,15.263590930856584,10.2,155.68862749473715
2026-06-03 00:00:00,210009,61.973,-132.438,16.34323687308312,9.7,158.52939766890626
2026-06-01 12:00:00,210009,61.973,-132.438,3.7337236889231185,1.5,5.6005855333846775
2026-06-01 15:00:00,210009,61.973,-132.438,6.006011319501401,0.9,5.4054101875512615
2026-06-01 18:00:00,210009,61.973,-132.438,9.425394382824162,4.5,42.41427472270873
2026-06-01 21:00:00,210009,61.973,-132.438,11.321774457302968,4.6,52.08016250359365
2026-06-02 00:00:00,210009,61.973,-132.438,14.06935020310849,2.0,28.13870040621698
2026-06-02 03:00:00,210009,61.973,-132.438,11.769173594027171,4.4,51.78436381371956
2026-06-02 06:00:00,210009,61.973,-132.438,7.609965889347271,5.4,41.09381580247527
2026-06-02 09:00:00,210009,61.973,-132.438,3.9766284408702584,1.8,7.157931193566466
2026-06-02 12:00:00,210009,61.973,-132.438,3.6102917531920395,1.3,4.693379279149651
2026-06-02 15:00:00,210009,61.973,-132.438,7.609965889347271,4.6,35.005843090997445
2026-06-02 18:00:00,210009,61.973,-132.438,12.629822671390581,7.5,94.72367003542936
2026-06-02 21:00:00,293,46.55,-72.717,17.922781330293663,19.0,340.5328452755796
2026-06-03 00:00:00,293,46.55,-72.717,18.03266909442592,20.1,362.456648797961
2026-06-01 12:00:00,293,46.55,-72.717,4.744774537417805,10.4,49.34565518914518
2026-06-01 15:00:00,293,46.55,-72.717,7.30976916062375,3.3,24.122238230058375
2026-06-01 18:00:00,293,46.55,-72.717,15.1686091766515,12.5,189.60761470814376
2026-06-01 21:00:00,293,46.55,-72.717,4.666874340282375,9.2,42.93524393059784
2026-06-02 00:00:00,293,46.55,-72.717,8.570453032717518,14.1,120.843387761317
2026-06-02 03:00:00,293,46.55,-72.717,9.922951610402185,22.3,221.28182091196874
2026-06-02 06:00:00,293,46.55,-72.717,11.103726233349573,47.8,530.7581139541095
2026-06-02 09:00:00,293,46.55,-72.717,9.178682663150557,47.7,437.82316303228157
2026-06-02 12:00:00,293,46.55,-72.717,7.867442282700475,34.5,271.4267587531664
2026-06-02 15:00:00,293,46.55,-72.717,11.391371996044228,28.8,328.0715134860738
2026-06-02 18:00:00,293,46.55,-72.717,16.54654826930277,22.2,367.3333715785215
2026-06-02 21:00:00,294,48.24,-133.54,1.3025570820798862,54.5,70.9893609733538
2026-06-03 00:00:00,294,48.24,-133.54,0.0,58.6,0.0
2026-06-01 12:00:00,294,48.24,-133.54,2.029632518018655,21.7,44.04302564100481
2026-06-01 15:00:00,294,48.24,-133.54,1.9883142204351296,23.3,46.327721336138524
2026-06-01 18:00:00,294,48.24,-133.54,3.086395493154278,25.5,78.70308507543409
2026-06-01 21:00:00,294,48.24,-133.54,4.465262512763978,25.3,112.97114157292864
2026-06-02 00:00:00,294,48.24,-133.54,6.051636651457675,26.6,160.97353492877414
2026-06-02 03:00:00,294,48.24,-133.54,5.891218890872817,25.0,147.28047227182043
2026-06-02 06:00:00,294,48.24,-133.54,6.092337018815735,27.7,168.75773542119586
2026-06-02 09:00:00,294,48.24,-133.54,5.970953428910151,33.6,200.62403521138108
2026-06-02 12:00:00,294,48.24,-133.54,6.092337018815735,38.1,232.11804041687952
2026-06-02 15:00:00,294,48.24,-133.54,3.5347313345236895,42.5,150.2260817172568
2026-06-02 18:00:00,294,48.24,-133.54,2.3564875563491263,50.8,119.70956786253561
2026-06-02 21:00:00,295,49.765,-118.382,19.39793695543874,4.9,95.04989108164983
2026-06-03 00:00:00,295,49.765,-118.382,16.72772193714499,3.8,63.565343361150966
2026-06-01 12:00:00,295,49.765,-118.382,9.614236614380832,4.7,45.18691208758992
2026-06-01 15:00:00,295,49.765,-118.382,11.39528771274609,4.8,54.69738102118123
2026-06-01 18:00:00,295,49.765,-118.382,13.892132254563066,5.4,75.01751417464057
2026-06-01 21:00:00,295,49.765,-118.382,15.359092598948244,6.2,95.22637411347911
2026-06-02 00:00:00,295,49.765,-118.382,13.24724278358372,5.5,72.85983530971046
2026-06-02 03:00:00,295,49.765,-118.382,12.058731157905996,4.9,59.08778267373938
2026-06-02 06:00:00,295,49.765,-118.382,8.406552567162263,3.9,32.78555501193283
2026-06-02 09:00:00,295,49.765,-118.382,7.627616309781733,3.5,26.696657084236065
2026-06-02 12:00:00,295,49.765,-118.382,5.715386590546876,2.9,16.57462111258594
2026-06-02 15:00:00,295,49.765,-118.382,8.963832058552425,3.9,34.95894502835446
2026-06-02 18:00:00,295,49.765,-118.382,14.358914468258487,5.3,76.10224668176997
2026-06-02 21:00:00,296,58.233,-121.714,22.03522115085698,9.9,218.14868939348412
2026-06-03 00:00:00,296,58.233,-121.714,22.438899631720908,8.2,183.99897698011142
2026-06-01 12:00:00,296,58.233,-121.714,7.2134110271519365,18.6,134.16944510502603
2026-06-01 15:00:00,296,58.233,-121.714,9.455886298746178,13.4,126.70887640319879
2026-06-01 18:00:00,296,58.233,-121.714,16.488213625079382,12.4,204.45384895098434
2026-06-01 21:00:00,296,58.233,-121.714,18.91034087920317,8.2,155.06479520946596
2026-06-02 00:00:00,296,58.233,-121.714,19.622636025065653,7.9,155.01882459801865
2026-06-02 03:00:00,296,58.233,-121.714,16.488213625079382,6.7,110.47103128803187
2026-06-02 06:00:00,296,58.233,-121.714,14.996724898074596,5.3,79.48264195979536
2026-06-02 09:00:00,296,58.233,-121.714,10.200873779852781,2.5,25.502184449631955
2026-06-02 12:00:00,296,58.233,-121.714,7.40935356867605,4.7,34.82396177277744
2026-06-02 15:00:00,296,58.233,-121.714,10.284543639261024,1.1,11.312998003187127
2026-06-02 18:00:00,296,58.233,-121.714,19.263611638877386,6.6,127.13983681659074
2026-06-02 21:00:00,297,58.0,-128.5,13.496868462804901,9.2,124.17118985780508
2026-06-03 00:00:00,297,58.0,-128.5,13.836096579798628,9.7,134.21013682404669
2026-06-01 12:00:00,297,58.0,-128.5,2.2722333397453314,3.3,7.498370021159593
2026-06-01 15:00:00,297,58.0,-128.5,5.143992488590461,2.8,14.403178968053291
2026-06-01 18:00:00,297,58.0,-128.5,8.917105638806456,3.4,30.31815917194195
2026-06-01 21:00:00,297,58.0,-128.5,10.825562289763354,4.9,53.04525521984044
2026-06-02 00:00:00,297,58.0,-128.5,11.463888579373108,8.6,98.58944178260873
2026-06-02 03:00:00,297,58.0,-128.5,10.284543639261024,6.6,67.87798801912275
2026-06-02 06:00:00,297,58.0,-128.5,4.972710127696444,4.5,22.377195574633998
2026-06-02 09:00:00,297,58.0,-128.5,4.143412441342585,3.9,16.15930852123608
2026-06-02 12:00:00,297,58.0,-128.5,3.7634744342783586,3.7,13.924855406829927
2026-06-02 15:00:00,297,58.0,-128.5,6.4267105745648765,3.4,21.85081595352058
2026-06-02 18:00:00,297,58.0,-128.5,9.313523468413711,5.7,53.087083769958156
2026-06-02 21:00:00,100459,54.806,-126.142,21.63789356710513,12.0,259.6547228052616
2026-06-03 00:00:00,100459,54.806,-126.142,19.04843119807068,15.2,289.53615421067434
2026-06-01 12:00:00,100459,54.806,-126.142,3.8687563103864493,6.7,25.92066727958921
2026-06-01 15:00:00,100459,54.806,-126.142,7.7120526894778525,5.2,40.10267398528483
2026-06-01 18:00:00,100459,54.806,-126.142,13.289933995384935,1.5,19.934900993077402
2026-06-01 21:00:00,100459,54.806,-126.142,16.4446179237068,4.7,77.28970424142197
2026-06-02 00:00:00,100459,54.806,-126.142,19.98749277189637,8.3,165.8961900067399
2026-06-02 03:00:00,100459,54.806,-126.142,15.648741129511365,5.8,90.76269855116591
2026-06-02 06:00:00,100459,54.806,-126.142,8.139491223390063,2.8,22.790575425492175
2026-06-02 09:00:00,100459,54.806,-126.142,5.60365571608053,3.0,16.810967148241588
2026-06-02 12:00:00,100459,54.806,-126.142,6.469622053833142,1.9,12.29228190228297
2026-06-02 15:00:00,100459,54.806,-126.142,8.298819428443355,1.1,9.128701371287692
2026-06-02 18:00:00,100459,54.806,-126.142,15.943155808198764,13.0,207.26102550658393
2026-06-02 21:00:00,299,49.538,-125.385,22.169070806215707,3.9,86.45937614424126
2026-06-03 00:00:00,299,49.538,-125.385,23.405993582495594,3.6,84.26157689698414
2026-06-01 12:00:00,299,49.538,-125.385,9.871197148003557,2.6,25.665112584809247
2026-06-01 15:00:00,299,49.538,-125.385,8.801106748027085,1.0,8.801106748027085
2026-06-01 18:00:00,299,49.538,-125.385,13.374536675935298,3.0,40.123610027805896
2026-06-01 21:00:00,299,49.538,-125.385,19.145219291011315,3.2,61.264701731236215
2026-06-02 00:00:00,299,49.538,-125.385,21.63789356710513,2.9,62.749891344604876
2026-06-02 03:00:00,299,49.538,-125.385,21.506847772630078,1.5,32.260271658945115
2026-06-02 06:00:00,299,49.538,-125.385,18.562745851555373,2.9,53.831962969510585
2026-06-02 09:00:00,299,49.538,-125.385,16.696575479063775,2.7,45.0807537934722
2026-06-02 12:00:00,299,49.538,-125.385,13.63118260016023,2.6,35.4410747604166
2026-06-02 15:00:00,299,49.538,-125.385,13.804667100628865,0.8,11.043733680503093
2026-06-02 18:00:00,299,49.538,-125.385,18.793849055664914,3.5,65.7784716948272
2026-06-02 21:00:00,300,60.967,-129.219,17.884275576584418,9.2,164.53533530457665
2026-06-03 00:00:00,300,60.967,-129.219,18.91034087920317,12.4,234.4882269021193
2026-06-01 12:00:00,300,60.967,-129.219,3.0082447997919193,3.5,10.528856799271718
2026-06-01 15:00:00,300,60.967,-129.219,6.300542501265211,1.1,6.930596751391732
2026-06-01 18:00:00,300,60.967,-129.219,10.067859990557796,5.3,53.359657949956315
2026-06-01 21:00:00,300,60.967,-129.219,13.624817301044413,8.1,110.36102013845974
2026-06-02 00:00:00,300,60.967,-129.219,14.619538321247504,7.0,102.33676824873253
2026-06-02 03:00:00,300,60.967,-129.219,13.624817301044413,5.9,80.38642207616203
2026-06-02 06:00:00,300,60.967,-129.219,7.459065191544665,7.0,52.213456340812655
2026-06-02 09:00:00,300,60.967,-129.219,3.8954794003641453,6.1,23.762424342221284
2026-06-02 12:00:00,300,60.967,-129.219,4.4197320285936685,5.2,22.982606548687077
2026-06-02 15:00:00,300,60.967,-129.219,7.660859663568246,5.2,39.83647025055488
2026-06-02 18:00:00,300,60.967,-129.219,13.038932855779198,2.9,37.81290528175967
2026-06-02 21:00:00,301,56.9,-126.93,14.358914468258487,5.2,74.66635523494413
2026-06-03 00:00:00,301,56.9,-126.93,14.626737821284296,4.5,65.82032019577933
2026-06-01 12:00:00,301,56.9,-126.93,4.26827880977536,0.7,2.987795166842752
2026-06-01 15:00:00,301,56.9,-126.93,6.928050049815191,1.0,6.928050049815191
2026-06-01 18:00:00,301,56.9,-126.93,9.958583314132024,1.7,16.92959163402444
2026-06-01 21:00:00,301,56.9,-126.93,12.058731157905996,2.4,28.940954778974387
2026-06-02 00:00:00,301,56.9,-126.93,12.680428804473866,3.2,40.57737217431637
2026-06-02 03:00:00,301,56.9,-126.93,9.43271471444323,3.1,29.241415614774017
2026-06-02 06:00:00,301,56.9,-126.93,5.493849493931904,0.9,4.944464544538714
2026-06-02 09:00:00,301,56.9,-126.93,5.812423507323476,0.7,4.068696455126433
2026-06-02 12:00:00,301,56.9,-126.93,5.322499844408107,0.6,3.1934999066448637
2026-06-02 15:00:00,301,56.9,-126.93,8.629594277620969,0.8,6.903675422096775
2026-06-02 18:00:00,301,56.9,-126.93,12.058731157905996,2.8,33.76444724213678
2026-06-02 21:00:00,71688,50.144,-123.109,20.72778371231086,4.6,95.34780507662995
2026-06-03 00:00:00,71688,50.144,-123.109,22.00500476265389,4.2,92.42102000314634
2026-06-01 12:00:00,71688,50.144,-123.109,7.867442282700477,2.7,21.242094163291288
2026-06-01 15:00:00,71688,50.144,-123.109,9.153139571738077,1.9,17.390965186302346
2026-06-01 18:00:00,71688,50.144,-123.109,14.42718692194446,2.5,36.06796730486115
2026-06-01 21:00:00,71688,50.144,-123.109,20.234010067149274,4.0,80.9360402685971
2026-06-02 00:00:00,71688,50.144,-123.109,22.169070806215704,3.6,79.80865490237653
2026-06-02 03:00:00,71688,50.144,-123.109,18.032669094425916,2.6,46.88493964550739
2026-06-02 06:00:00,71688,50.144,-123.109,14.70141572627621,3.4,49.98481346933911
2026-06-02 09:00:00,71688,50.144,-123.109,13.205800600220524,2.8,36.97624168061746
2026-06-02 12:00:00,71688,50.144,-123.109,12.23200983692351,2.7,33.026426559693476
2026-06-02 15:00:00,71688,50.144,-123.109,13.63118260016023,1.9,25.899246940304437
2026-06-02 18:00:00,71688,50.144,-123.109,17.922781330293663,2.4,43.01467519270479
2026-06-02 21:00:00,303,49.411,-123.196,20.113768458148478,6.3,126.7167412863354
2026-06-03 00:00:00,303,49.411,-123.196,20.72778371231086,4.0,82.91113484924344
2026-06-01 12:00:00,303,49.411,-123.196,8.801106748027081,3.8,33.44420564250291
2026-06-01 15:00:00,303,49.411,-123.196,9.767389468068075,4.8,46.88346944672676
2026-06-01 18:00:00,303,49.411,-123.196,9.675113395007013,5.8,56.115657691040674
2026-06-01 21:00:00,303,49.411,-123.196,13.750598196537627,5.9,81.128529359572
2026-06-02 00:00:00,303,49.411,-123.196,17.922781330293663,3.2,57.352900256939726
2026-06-02 03:00:00,303,49.411,-123.196,17.922781330293667,3.4,60.93745652299847
2026-06-02 06:00:00,303,49.411,-123.196,20.989565760525657,9.6,201.4998313010463
2026-06-02 09:00:00,303,49.411,-123.196,18.448128773064838,4.5,83.01657947879177
2026-06-02 12:00:00,303,49.411,-123.196,15.359092598948244,10.1,155.12683524937725
2026-06-02 15:00:00,303,49.411,-123.196,15.359092598948244,5.4,82.93910003432052
2026-06-02 18:00:00,303,49.411,-123.196,16.54654826930277,5.0,82.73274134651386
2026-06-02 21:00:00,304,51.534,-123.432,23.547074230058456,8.3,195.4407161094852
2026-06-03 00:00:00,304,51.534,-123.432,24.702663377483148,8.5,209.97263870860675
2026-06-01 12:00:00,304,51.534,-123.432,7.022045276864158,1.7,11.937476970669067
2026-06-01 15:00:00,304,51.534,-123.432,10.471541663496442,4.4,46.07478331938435
2026-06-01 18:00:00,304,51.534,-123.432,16.801617972887094,8.4,141.1335909722516
2026-06-01 21:00:00,304,51.534,-123.432,23.326900333076356,10.6,247.26514353060938
2026-06-02 00:00:00,304,51.534,-123.432,24.639836786390074,11.2,275.9661720075688
2026-06-02 03:00:00,304,51.534,-123.432,19.382643271667774,11.0,213.20907598834552
2026-06-02 06:00:00,304,51.534,-123.432,13.122134285815271,5.8,76.10837885772857
2026-06-02 09:00:00,304,51.534,-123.432,9.641723823685634,3.7,35.67437814763685
2026-06-02 12:00:00,304,51.534,-123.432,7.334255623355902,3.0,22.002766870067706
2026-06-02 15:00:00,304,51.534,-123.432,10.964653740935628,2.8,30.701030474619756
2026-06-02 18:00:00,304,51.534,-123.432,19.98749277189637,6.7,133.9162015717057
2026-06-02 21:00:00,305,50.058,-126.436,24.26365477380362,2.8,67.93823336665012
2026-06-03 00:00:00,305,50.058,-126.436,23.688895671212414,4.3,101.86225138621337
2026-06-01 12:00:00,305,50.058,-126.436,7.559369875295746,0.8,6.047495900236598
2026-06-01 15:00:00,305,50.058,-126.436,8.07890947099214,0.6,4.847345682595284
2026-06-01 18:00:00,305,50.058,-126.436,13.0389328557792,2.6,33.90122542502592
2026-06-01 21:00:00,305,50.058,-126.436,15.648741129511365,3.2,50.07597161443637
2026-06-02 00:00:00,305,50.058,-126.436,16.546548269302768,4.3,71.1501575580019
2026-06-02 03:00:00,305,50.058,-126.436,17.553248684512276,3.5,61.43637039579296
2026-06-02 06:00:00,305,50.058,-126.436,13.374536675935298,1.1,14.711990343528829
2026-06-02 09:00:00,305,50.058,-126.436,10.688020140900917,1.4,14.963228197261284
2026-06-02 12:00:00,305,50.058,-126.436,12.46935683105107,2.0,24.93871366210214
2026-06-02 15:00:00,305,50.058,-126.436,13.374536675935298,0.6,8.024722005561179
2026-06-02 18:00:00,305,50.058,-126.436,16.54654826930277,0.9,14.891893442372496
2026-06-02 21:00:00,71211,49.487,-123.299,17.03369165349089,11.1,189.0739773537489
2026-06-03 00:00:00,71211,49.487,-123.299,18.143144703503832,7.1,128.8163273948772
2026-06-01 12:00:00,71211,49.487,-123.299,8.68643581183918,9.6,83.38978379365612
2026-06-01 15:00:00,71211,49.487,-123.299,9.704378106259684,14.2,137.8021691088875
2026-06-01 18:00:00,71211,49.487,-123.299,11.982927736001123,5.3,63.50951700080595
2026-06-01 21:00:00,71211,49.487,-123.299,10.501011233054431,9.6,100.80970783732253
2026-06-02 00:00:00,71211,49.487,-123.299,17.06452745816501,4.8,81.90973179919204
2026-06-02 03:00:00,71211,49.487,-123.299,17.169806521932443,5.3,90.99997456624195
2026-06-02 06:00:00,71211,49.487,-123.299,16.959812862709306,19.6,332.4123321091024
2026-06-02 09:00:00,71211,49.487,-123.299,14.886759528899322,19.9,296.2465146250965
2026-06-02 12:00:00,71211,49.487,-123.299,13.717684633991148,22.1,303.16083041120436
2026-06-02 15:00:00,71211,49.487,-123.299,14.886759528899326,18.5,275.4050512846375
2026-06-02 18:00:00,71211,49.487,-123.299,17.81347877675762,3.7,65.9098714740032
2026-06-02 21:00:00,307,50.65,-99.917,8.830152836271921,17.3,152.76164406750425
2026-06-03 00:00:00,307,50.65,-99.917,8.414587361895343,15.1,127.06026916461968
2026-06-01 12:00:00,307,50.65,-99.917,4.200404493221772,13.7,57.54554155713827
2026-06-01 15:00:00,307,50.65,-99.917,7.4494578455058225,16.8,125.15089180449782
2026-06-01 18:00:00,307,50.65,-99.917,8.313401552330884,17.7,147.14720747625665
2026-06-01 21:00:00,307,50.65,-99.917,11.98738699612484,18.6,222.96539812792204
2026-06-02 00:00:00,307,50.65,-99.917,14.805559794507756,18.4,272.42230021894267
2026-06-02 03:00:00,307,50.65,-99.917,11.965762056882074,9.2,110.08501092331507
2026-06-02 06:00:00,307,50.65,-99.917,7.888381200359353,6.2,48.90796344222799
2026-06-02 09:00:00,307,50.65,-99.917,7.691206202717616,8.3,63.83701148255622
2026-06-02 12:00:00,307,50.65,-99.917,7.642592386248738,11.1,84.83277548736099
2026-06-02 15:00:00,307,50.65,-99.917,16.42655785759338,17.5,287.46476250788413
2026-06-02 18:00:00,307,50.65,-99.917,18.749374682504115,16.9,316.86443213431954
2026-06-02 21:00:00,308,53.917,-106.667,13.038722000846814,12.0,156.46466401016175
2026-06-03 00:00:00,308,53.917,-106.667,6.961029694333266,9.9,68.91419397389934
2026-06-01 12:00:00,308,53.917,-106.667,14.358914468258488,8.6,123.486664427023
2026-06-01 15:00:00,308,53.917,-106.667,17.76667175340931,11.8,209.64672669022985
2026-06-01 18:00:00,308,53.917,-106.667,24.621608420371928,12.9,317.61874862279785
2026-06-01 21:00:00,308,53.917,-106.667,27.188104044375283,12.7,345.2889213635661
2026-06-02 00:00:00,308,53.917,-106.667,30.18305854606271,13.2,398.41637280802775
2026-06-02 03:00:00,308,53.917,-106.667,7.871087160197124,5.2,40.92965323302505
2026-06-02 06:00:00,308,53.917,-106.667,2.061026703134921,5.2,10.71733885630159
2026-06-02 09:00:00,308,53.917,-106.667,1.8627046936827405,10.7,19.930940222405322
2026-06-02 12:00:00,308,53.917,-106.667,7.217041526508902,11.7,84.43938586015415
2026-06-02 15:00:00,308,53.917,-106.667,10.305133515674614,10.9,112.3259553208533
2026-06-02 18:00:00,308,53.917,-106.667,11.892164582982486,12.5,148.65205728728108
2026-06-02 21:00:00,309,49.7,-113.48,8.453619202982578,16.6,140.3300787695108
2026-06-03 00:00:00,309,49.7,-113.48,8.506719730799611,13.4,113.9900443927148
2026-06-01 12:00:00,309,49.7,-113.48,5.715386590546876,15.2,86.8738761763125
2026-06-01 15:00:00,309,49.7,-113.48,6.263095475653241,14.4,90.18857484940668
2026-06-01 18:00:00,309,49.7,-113.48,6.989719906813432,19.0,132.80467822945522
2026-06-01 21:00:00,309,49.7,-113.48,7.450818774730973,20.9,155.72211239187732
2026-06-02 00:00:00,309,49.7,-113.48,7.450818774730973,18.9,140.82047484241536
2026-06-02 03:00:00,309,49.7,-113.48,5.20876264620207,14.8,77.08968716379064
2026-06-02 06:00:00,309,49.7,-113.48,4.852189053129845,15.7,76.17936813413856
2026-06-02 09:00:00,309,49.7,-113.48,4.636600507160724,14.2,65.83972720168228
2026-06-02 12:00:00,309,49.7,-113.48,4.517222765234896,13.0,58.72389594805365
2026-06-02 15:00:00,309,49.7,-113.48,5.109306487891649,16.8,85.8363489965797
2026-06-02 18:00:00,309,49.7,-113.48,7.789247200091561,19.4,151.11139568177626
2026-06-02 21:00:00,310,47.967,-84.767,17.27565261467216,19.5,336.8752259861071
2026-06-03 00:00:00,310,47.967,-84.767,16.24240262011095,19.4,315.10261083015246
2026-06-01 12:00:00,310,47.967,-84.767,8.801106748027081,19.2,168.98124956211996
2026-06-01 15:00:00,310,47.967,-84.767,14.886759528899326,13.7,203.94860554592074
2026-06-01 18:00:00,310,47.967,-84.767,20.608764679343903,13.7,282.34007610701144
2026-06-01 21:00:00,310,47.967,-84.767,22.169070806215704,15.8,350.27131873820815
2026-06-02 00:00:00,310,47.967,-84.767,20.989565760525657,18.5,388.30696656972464
2026-06-02 03:00:00,310,47.967,-84.767,15.168609176651499,27.4,415.619891440251
2026-06-02 06:00:00,310,47.967,-84.767,10.417525292404136,32.8,341.69482959085565
2026-06-02 09:00:00,310,47.967,-84.767,9.517479628585347,28.2,268.3929255261068
2026-06-02 12:00:00,310,47.967,-84.767,9.39464321347986,21.7,203.86375773251297
2026-06-02 15:00:00,310,47.967,-84.767,16.546548269302768,2.1,34.74775136553581
2026-06-02 18:00:00,310,47.967,-84.767,17.06452745816501,16.4,279.8582503139061
2026-06-02 21:00:00,311,49.1,-116.52,12.646256291968298,0.1,1.2646256291968299
2026-06-03 00:00:00,311,49.1,-116.52,13.198660774048792,0.8,10.558928619239033
2026-06-01 12:00:00,311,49.1,-116.52,2.783420597534734,1.7,4.7318150158090475
2026-06-01 15:00:00,311,49.1,-116.52,4.72794314937309,1.8,8.510297668871562
2026-06-01 18:00:00,311,49.1,-116.52,5.517392530418878,1.2,6.6208710365026535
2026-06-01 21:00:00,311,49.1,-116.52,8.089969434821185,1.8,14.561944982678133
2026-06-02 00:00:00,311,49.1,-116.52,8.141065786836238,1.5,12.211598680254358
2026-06-02 03:00:00,311,49.1,-116.52,5.588114081048227,1.1,6.14692548915305
2026-06-02 06:00:00,311,49.1,-116.52,4.852189053129845,0.6,2.9113134318779066
2026-06-02 09:00:00,311,49.1,-116.52,2.9918690467132656,0.8,2.3934952373706126
2026-06-02 12:00:00,311,49.1,-116.52,2.876531425873658,1.2,3.4518377110483898
2026-06-02 15:00:00,311,49.1,-116.52,5.276006326165682,1.1,5.80360695878225
2026-06-02 18:00:00,311,49.1,-116.52,8.831495189055813,0.4,3.5325980756223254
2026-06-02 21:00:00,312,50.67,-121.92,23.97477399224968,0.9,21.577296593024712
2026-06-03 00:00:00,312,50.67,-121.92,25.148576871604444,0.9,22.633719184444
2026-06-01 12:00:00,312,50.67,-121.92,8.819264854511703,0.3,2.6457794563535106
2026-06-01 15:00:00,312,50.67,-121.92,11.031867348537208,1.0,11.031867348537208
2026-06-01 18:00:00,312,50.67,-121.92,17.22759422301421,2.0,34.45518844602842
2026-06-01 21:00:00,312,50.67,-121.92,20.608764679343906,2.4,49.461035230425374
2026-06-02 00:00:00,312,50.67,-121.92,21.506847772630078,2.1,45.164380322523165
2026-06-02 03:00:00,312,50.67,-121.92,19.382643271667774,1.7,32.950493561835216
2026-06-02 06:00:00,312,50.67,-121.92,13.289933995384935,2.0,26.57986799076987
2026-06-02 09:00:00,312,50.67,-121.92,9.830759634308095,0.9,8.847683670877286
2026-06-02 12:00:00,312,50.67,-121.92,7.578018713826469,0.5,3.7890093569132346
2026-06-02 15:00:00,312,50.67,-121.92,13.0389328557792,0.8,10.43114628462336
2026-06-02 18:00:00,312,50.67,-121.92,18.032669094425916,1.1,19.83593600386851
2026-06-02 21:00:00,313,50.221,-121.57,22.26851671938644,1.7,37.85647842295695
2026-06-03 00:00:00,313,50.221,-121.57,22.53477295684805,1.3,29.295204843902468
2026-06-01 12:00:00,313,50.221,-121.57,8.99739480439083,0.6,5.398436882634497
2026-06-01 15:00:00,313,50.221,-121.57,11.17599571874199,2.2,24.58719058123238
2026-06-01 18:00:00,313,50.221,-121.57,17.55324868451228,2.8,49.14909631663438
2026-06-01 21:00:00,313,50.221,-121.57,20.86195520135491,3.0,62.58586560406473
2026-06-02 00:00:00,313,50.221,-121.57,21.76963565493792,3.5,76.19372479228272
2026-06-02 03:00:00,313,50.221,-121.57,17.064527458165013,2.9,49.48712962867854
2026-06-02 06:00:00,313,50.221,-121.57,13.45961085475583,0.6,8.075766512853498
2026-06-02 09:00:00,313,50.221,-121.57,10.087863080594717,0.7,7.0615041564163015
2026-06-02 12:00:00,313,50.221,-121.57,9.333748680564755,0.7,6.533624076395328
2026-06-02 15:00:00,313,50.221,-121.57,11.463888579373108,1.5,17.195832869059664
2026-06-02 18:00:00,313,50.221,-121.57,18.59097860252581,2.1,39.0410550653042
2026-06-02 21:00:00,71216,50.266,-117.813,12.41576307584303,0.5,6.207881537921515
2026-06-03 00:00:00,71216,50.266,-117.813,12.880477924589943,1.5,19.320716886884917
2026-06-01 12:00:00,71216,50.266,-117.813,3.93372114135024,0.5,1.96686057067512
2026-06-01 15:00:00,71216,50.266,-117.813,6.062414971061177,1.4,8.487380959485646
2026-06-01 18:00:00,71216,50.266,-117.813,9.079094527589843,1.9,17.2502796024207
2026-06-01 21:00:00,71216,50.266,-117.813,11.907541932482626,2.9,34.531871604199615
2026-06-02 00:00:00,71216,50.266,-117.813,9.860476500449188,2.7,26.62328655121281
2026-06-02 03:00:00,71216,50.266,-117.813,9.021301908136131,2.4,21.651124579526712
2026-06-02 06:00:00,71216,50.266,-117.813,6.222499120376504,0.9,5.600249208338854
2026-06-02 09:00:00,71216,50.266,-117.813,4.3147971388104835,0.7,3.020357997167338
2026-06-02 12:00:00,71216,50.266,-117.813,2.7288351116965313,0.8,2.183068089357225
2026-06-02 15:00:00,71216,50.266,-117.813,5.0765266901319315,2.0,10.153053380263863
2026-06-02 18:00:00,71216,50.266,-117.813,10.902564950611847,2.7,29.436925366651987
2026-06-02 21:00:00,315,49.016,-119.416,22.136419193771538,3.3,73.05018333944606
2026-06-03 00:00:00,315,49.016,-119.416,22.268516719386444,4.1,91.30091854948441
2026-06-01 12:00:00,315,49.016,-119.416,8.1865053350896,5.1,41.75117720895696
2026-06-01 15:00:00,315,49.016,-119.416,11.769173594027171,7.2,84.73804987699563
2026-06-01 18:00:00,315,49.016,-119.416,15.551665285223091,8.1,125.96848881030704
2026-06-01 21:00:00,315,49.016,-119.416,20.358261459151564,8.4,171.00939625687315
2026-06-02 00:00:00,315,49.016,-119.416,18.032669094425916,6.9,124.42541675153883
2026-06-02 03:00:00,315,49.016,-119.416,16.24240262011095,5.0,81.21201310055476
2026-06-02 06:00:00,315,49.016,-119.416,11.105309247375224,4.8,53.30548438740107
2026-06-02 09:00:00,315,49.016,-119.416,8.086981755216403,4.6,37.20011607399545
2026-06-02 12:00:00,315,49.016,-119.416,7.479672616783173,3.4,25.430886897062788
2026-06-02 15:00:00,315,49.016,-119.416,11.463888579373108,2.3,26.36694373255815
2026-06-02 18:00:00,315,49.016,-119.416,18.59097860252581,3.3,61.350229388335165
2026-06-02 21:00:00,100059,49.05,-123.866,23.126041677316525,8.6,198.8839584249221
2026-06-03 00:00:00,100059,49.05,-123.866,23.265650478026394,9.6,223.35024458905337
2026-06-01 12:00:00,100059,49.05,-123.866,9.455886298746178,30.8,291.2412980013823
2026-06-01 15:00:00,100059,49.05,-123.866,8.03476985307136,22.5,180.7823216941056
2026-06-01 18:00:00,100059,49.05,-123.866,11.758015400563838,15.3,179.89763562862674
2026-06-01 21:00:00,100059,49.05,-123.866,19.62263602506565,12.0,235.4716323007878
2026-06-02 00:00:00,100059,49.05,-123.866,21.902077143457845,12.4,271.5857565788773
2026-06-02 03:00:00,100059,49.05,-123.866,25.55053748023634,15.9,406.2535459357578
2026-06-02 06:00:00,100059,49.05,-123.866,24.639836786390074,20.6,507.58063779963555
2026-06-02 09:00:00,100059,49.05,-123.866,19.145219291011315,28.6,547.5532717229237
2026-06-02 12:00:00,100059,49.05,-123.866,14.886759528899326,22.0,327.5087096357852
2026-06-02 15:00:00,100059,49.05,-123.866,12.4440811882646,16.6,206.57174772519235
2026-06-02 18:00:00,100059,49.05,-123.866,17.922781330293667,6.4,114.70580051387947
2026-06-02 21:00:00,317,49.25,-124.816,21.486118871251584,7.9,169.74033908288752
2026-06-03 00:00:00,317,49.25,-124.816,24.118837429169425,17.7,426.9034224962988
2026-06-01 12:00:00,317,49.25,-124.816,8.686435811839178,8.6,74.70334798181693
2026-06-01 15:00:00,317,49.25,-124.816,7.479672616783173,8.3,62.08128271930034
2026-06-01 18:00:00,317,49.25,-124.816,8.906683450750762,4.6,40.9707438734535
2026-06-01 21:00:00,317,49.25,-124.816,17.169806521932443,5.9,101.30185847940142
2026-06-02 00:00:00,317,49.25,-124.816,22.711588871321194,8.8,199.8619820676265
2026-06-02 03:00:00,317,49.25,-124.816,21.376495175021535,7.6,162.46136333016366
2026-06-02 06:00:00,317,49.25,-124.816,16.4446179237068,3.8,62.48954811008584
2026-06-02 09:00:00,317,49.25,-124.816,14.70141572627621,3.9,57.335521332477214
2026-06-02 12:00:00,317,49.25,-124.816,11.391371996044228,5.9,67.20909477666095
2026-06-02 15:00:00,317,49.25,-124.816,9.675113395007013,3.9,37.73294224052735
2026-06-02 18:00:00,317,49.25,-124.816,11.108332346587924,3.9,43.3224961516929
2026-06-02 21:00:00,318,49.702,-124.866,17.06452745816501,10.3,175.7646328190996
2026-06-03 00:00:00,318,49.702,-124.866,22.438899631720908,25.7,576.6797205352273
2026-06-01 12:00:00,318,49.702,-124.866,7.286338414180559,38.6,281.25266278736956
2026-06-01 15:00:00,318,49.702,-124.866,7.144233238183595,28.7,205.0394939358692
2026-06-01 18:00:00,318,49.702,-124.866,9.641723823685634,22.2,214.04626888582106
2026-06-01 21:00:00,318,49.702,-124.866,17.120223832940468,17.8,304.73998422634037
2026-06-02 00:00:00,318,49.702,-124.866,23.757589393287827,20.1,477.52754680508536
2026-06-02 03:00:00,318,49.702,-124.866,22.98716395216969,23.0,528.7047708999029
2026-06-02 06:00:00,318,49.702,-124.866,18.47812508366831,33.6,620.8650028112553
2026-06-02 09:00:00,318,49.702,-124.866,15.1686091766515,36.4,552.1373740301146
2026-06-02 12:00:00,318,49.702,-124.866,11.758015400563842,31.1,365.6742789575355
2026-06-02 15:00:00,318,49.702,-124.866,11.176228162096454,24.9,278.28808123620166
2026-06-02 18:00:00,318,49.702,-124.866,14.518094719642033,9.7,140.82551878052772
2026-06-02 21:00:00,319,49.02,-122.37,27.346056211926516,12.3,336.3564914066962
2026-06-03 00:00:00,319,49.02,-122.37,27.00311002778644,12.7,342.93949735288777
2026-06-01 12:00:00,319,49.02,-122.37,7.479672616783173,22.9,171.28450292433465
2026-06-01 15:00:00,319,49.02,-122.37,9.273201014321446,29.0,268.9228294153219
2026-06-01 18:00:00,319,49.02,-122.37,16.4446179237068,9.8,161.15725565232665
2026-06-01 21:00:00,319,49.02,-122.37,21.614830455297756,10.4,224.79423673509666
2026-06-02 00:00:00,319,49.02,-122.37,25.298764792881755,15.8,399.72048372753176
2026-06-02 03:00:00,319,49.02,-122.37,20.110421497703484,12.4,249.3692265715232
2026-06-02 06:00:00,319,49.02,-122.37,15.844483951544508,7.1,112.495836055966
2026-06-02 09:00:00,319,49.02,-122.37,19.865220921348847,39.6,786.6627484854143
2026-06-02 12:00:00,319,49.02,-122.37,16.04236456262723,44.2,709.0725136681236
2026-06-02 15:00:00,319,49.02,-122.37,14.246865126963419,37.9,539.9561883119136
2026-06-02 18:00:00,319,49.02,-122.37,23.908060759837745,10.8,258.20705620624767
2026-06-02 21:00:00,320,49.179,-115.698,12.039757274298367,2.7,32.507344640605595
2026-06-03 00:00:00,320,49.179,-115.698,15.082816123277615,2.4,36.198758695866275
2026-06-01 12:00:00,320,49.179,-115.698,5.677927356140016,4.6,26.11846583824407
2026-06-01 15:00:00,320,49.179,-115.698,6.303924199164118,4.8,30.258836155987765
2026-06-01 18:00:00,320,49.179,-115.698,8.906683450750764,4.5,40.08007552837844
2026-06-01 21:00:00,320,49.179,-115.698,9.73655900011445,4.9,47.70913910056081
2026-06-02 00:00:00,320,49.179,-115.698,9.675113395007013,4.2,40.63547625902946
2026-06-02 03:00:00,320,49.179,-115.698,7.1710656468419405,4.4,31.55268884610454
2026-06-02 06:00:00,320,49.179,-115.698,6.386283267852566,4.9,31.292788012477573
2026-06-02 09:00:00,320,49.179,-115.698,4.546811228295878,4.5,20.460650527331453
2026-06-02 12:00:00,320,49.179,-115.698,4.400553374013542,4.5,19.80249018306094
2026-06-02 15:00:00,320,49.179,-115.698,7.034675101554242,4.0,28.13870040621697
2026-06-02 18:00:00,320,49.179,-115.698,10.70013989558779,1.5,16.050209843381687
2026-06-02 21:00:00,100376,51.751,-117.76,10.70013989558779,1.8,19.260251812058023
2026-06-03 00:00:00,100376,51.751,-117.76,10.970780427820173,1.5,16.45617064173026
2026-06-01 12:00:00,100376,51.751,-117.76,6.384049719640204,4.2,26.81300882248886
2026-06-01 15:00:00,100376,51.751,-117.76,7.430921365672046,3.6,26.751316916419366
2026-06-01 18:00:00,100376,51.751,-117.76,8.625705957981326,2.9,25.014547278145844
2026-06-01 21:00:00,100376,51.751,-117.76,9.313523468413711,3.0,27.940570405241132
2026-06-02 00:00:00,100376,51.751,-117.76,9.25442437281269,3.2,29.614157993000607
2026-06-02 03:00:00,100376,51.751,-117.76,8.460877816886553,3.8,32.1513357041689
2026-06-02 06:00:00,100376,51.751,-117.76,7.479672616783173,3.7,27.67478868209774
2026-06-02 09:00:00,100376,51.751,-117.76,7.050855105716825,3.5,24.677992870008886
2026-06-02 12:00:00,100376,51.751,-117.76,6.777125774360459,3.4,23.04222763282556
2026-06-02 15:00:00,100376,51.751,-117.76,8.03476985307136,2.1,16.873016691449855
2026-06-02 18:00:00,100376,51.751,-117.76,9.73655900011445,0.5,4.868279500057225
2026-06-02 21:00:00,322,58.924,-129.93,12.840167874705351,5.1,65.48485616099728
2026-06-03 00:00:00,322,58.924,-129.93,13.329998815905505,5.1,67.98299396111807
2026-06-01 12:00:00,322,58.924,-129.93,2.161973786612033,2.7,5.83732922385249
2026-06-01 15:00:00,322,58.924,-129.93,3.8687563103864493,0.9,3.4818806793478045
2026-06-01 18:00:00,322,58.924,-129.93,6.9127993376400845,1.9,13.134318741516159
2026-06-01 21:00:00,322,58.924,-129.93,11.769173594027171,3.5,41.1921075790951
2026-06-02 00:00:00,322,58.924,-129.93,12.549364881973395,3.7,46.43265006330156
2026-06-02 03:00:00,322,58.924,-129.93,9.830759634308095,3.1,30.475354866355094
2026-06-02 06:00:00,322,58.924,-129.93,6.051636651457674,3.2,19.36523728466456
2026-06-02 09:00:00,322,58.924,-129.93,4.970785551087824,3.4,16.9006708736986
2026-06-02 12:00:00,322,58.924,-129.93,3.6102917531920395,3.4,12.274991960852935
2026-06-02 15:00:00,322,58.924,-129.93,4.873869615052589,2.0,9.747739230105179
2026-06-02 18:00:00,322,58.924,-129.93,8.849854562406389,3.3,29.20452005594108
2026-06-02 21:00:00,323,52.332,-121.417,19.04843119807068,5.0,95.24215599035341
2026-06-03 00:00:00,323,52.332,-121.417,19.164317500525613,6.3,120.73520025331136
2026-06-01 12:00:00,323,52.332,-121.417,7.069462669047379,1.3,9.190301469761593
2026-06-01 15:00:00,323,52.332,-121.417,10.678662833694426,1.5,16.01799425054164
2026-06-01 18:00:00,323,52.332,-121.417,14.42718692194446,5.2,75.02137199411119
2026-06-01 21:00:00,323,52.332,-121.417,19.263611638877386,5.1,98.24441935827465
2026-06-02 00:00:00,323,52.332,-121.417,17.169806521932443,4.8,82.41507130527573
2026-06-02 03:00:00,323,52.332,-121.417,15.074144945137434,5.6,84.41521169276962
2026-06-02 06:00:00,323,52.332,-121.417,10.35084714957759,3.8,39.33321916839484
2026-06-02 09:00:00,323,52.332,-121.417,9.153139571738077,3.0,27.45941871521423
2026-06-02 12:00:00,323,52.332,-121.417,7.097409195175022,2.1,14.904559309867546
2026-06-02 15:00:00,323,52.332,-121.417,10.688020140900916,2.1,22.444842295891924
2026-06-02 18:00:00,323,52.332,-121.417,16.24240262011095,5.3,86.08473388658804
2026-06-02 21:00:00,324,57.816,-125.0,17.81347877675762,2.8,49.87774057492133
2026-06-03 00:00:00,324,57.816,-125.0,18.254210801185543,3.3,60.23889564391229
2026-06-01 12:00:00,324,57.816,-125.0,4.736943754208873,4.1,19.42146939225638
2026-06-01 15:00:00,324,57.816,-125.0,7.867442282700477,2.8,22.028838391561333
2026-06-01 18:00:00,324,57.816,-125.0,12.629822671390581,1.3,16.418769472807757
2026-06-01 21:00:00,324,57.816,-125.0,14.980195853822913,1.9,28.462372122263535
2026-06-02 00:00:00,324,57.816,-125.0,15.648741129511365,2.6,40.68672693672955
2026-06-02 03:00:00,324,57.816,-125.0,14.24686512696342,3.5,49.86402794437197
2026-06-02 06:00:00,324,57.816,-125.0,8.629594277620969,3.7,31.929498827197587
2026-06-02 09:00:00,324,57.816,-125.0,5.930968171772254,3.9,23.13077586991179
2026-06-02 12:00:00,324,57.816,-125.0,4.2870795671038975,3.8,16.29090235499481
2026-06-02 15:00:00,324,57.816,-125.0,7.57801871382647,3.2,24.249659884244707
2026-06-02 18:00:00,324,57.816,-125.0,13.001665008558426,2.9,37.70482852481943
2026-06-02 21:00:00,325,50.734,-123.854,20.977927243218467,2.9,60.83598900533355
2026-06-03 00:00:00,325,50.734,-123.854,21.614830455297756,3.4,73.49042354801237
2026-06-01 12:00:00,325,50.734,-123.854,4.906622533069835,3.3,16.191854359130456
2026-06-01 15:00:00,325,50.734,-123.854,7.238696509865981,3.0,21.71608952959794
2026-06-01 18:00:00,325,50.734,-123.854,11.832571800539029,2.5,29.58142950134757
2026-06-01 21:00:00,325,50.734,-123.854,17.27565261467216,2.6,44.91669679814762
2026-06-02 00:00:00,325,50.734,-123.854,18.933156871216987,3.3,62.47941767501605
2026-06-02 03:00:00,325,50.734,-123.854,17.59661881049055,4.3,75.66546088510937
2026-06-02 06:00:00,325,50.734,-123.854,11.907541932482626,4.3,51.20243030967529
2026-06-02 09:00:00,325,50.734,-123.854,10.350847149577586,3.8,39.33321916839483
2026-06-02 12:00:00,325,50.734,-123.854,7.982854084815705,3.4,27.141703888373396
2026-06-02 15:00:00,325,50.734,-123.854,10.825562289763354,3.1,33.5592430982664
2026-06-02 18:00:00,325,50.734,-123.854,14.807702241147561,3.0,44.423106723442686
2026-06-02 21:00:00,326,57.5,-120.2,21.76963565493792,8.9,193.7497573289475
2026-06-03 00:00:00,326,57.5,-120.2,22.169070806215704,10.1,223.9076151427786
2026-06-01 12:00:00,326,57.5,-120.2,8.99739480439083,5.1,45.88671350239323
2026-06-01 15:00:00,326,57.5,-120.2,11.769173594027171,8.3,97.68414083042553
2026-06-01 18:00:00,326,57.5,-120.2,17.22759422301421,9.9,170.5531828078407
2026-06-01 21:00:00,326,57.5,-120.2,19.502317095045726,10.9,212.5752563359984
2026-06-02 00:00:00,326,57.5,-120.2,19.98749277189637,9.9,197.87617844177407
2026-06-02 03:00:00,326,57.5,-120.2,17.9958246170732,8.3,149.36534432170757
2026-06-02 06:00:00,326,57.5,-120.2,11.39528771274609,4.3,48.99973716480818
2026-06-02 09:00:00,326,57.5,-120.2,9.614236614380832,2.8,26.919862520266328
2026-06-02 12:00:00,326,57.5,-120.2,8.819264854511703,3.3,29.10357401988862
2026-06-02 15:00:00,326,57.5,-120.2,12.46935683105107,6.6,82.29775508493705
2026-06-02 18:00:00,326,57.5,-120.2,16.752066879634903,9.0,150.76860191671412
2026-06-02 21:00:00,0,51.11,-115.33,7.7400907160056125,1.9,14.706172360410664
2026-06-03 00:00:00,0,51.11,-115.33,7.838676933709229,1.8,14.109618480676613
2026-06-01 12:00:00,0,51.11,-115.33,5.3150394791996165,1.5,7.972559218799425
2026-06-01 15:00:00,0,51.11,-115.33,5.790957207892788,1.4,8.107340091049902
2026-06-01 18:00:00,0,51.11,-115.33,6.386283267852566,0.6,3.831769960711539
2026-06-01 21:00:00,0,51.11,-115.33,6.768702253509243,1.3,8.799312929562017
2026-06-02 00:00:00,0,51.11,-115.33,6.768702253509243,1.6,10.82992360561479
2026-06-02 03:00:00,0,51.11,-115.33,6.344986419056896,1.6,10.151978270491036
2026-06-02 06:00:00,0,51.11,-115.33,5.8674044986847225,0.2,1.1734808997369446
2026-06-02 09:00:00,0,51.11,-115.33,5.677927356140016,1.2,6.813512827368019
2026-06-02 12:00:00,0,51.11,-115.33,4.147679602584052,1.0,4.147679602584052
2026-06-02 15:00:00,0,51.11,-115.33,4.6973216067399335,0.5,2.3486608033699667
2026-06-02 18:00:00,0,51.11,-115.33,7.1710656468419405,1.2,8.605278776210328
2026-06-02 21:00:00,1,49.5,-115.066,11.317488536817507,0.6,6.790493122090504
2026-06-03 00:00:00,1,49.5,-115.066,9.28137292577769,1.5,13.922059388666536
2026-06-01 12:00:00,1,49.5,-115.066,5.640684084573461,1.1,6.204752493030808
2026-06-01 15:00:00,1,49.5,-115.066,6.222499120376504,1.1,6.844749032414155
2026-06-01 18:00:00,1,49.5,-115.066,8.681271077003446,1.2,10.417525292404134
2026-06-01 21:00:00,1,49.5,-115.066,9.372953061296622,1.1,10.310248367426285
2026-06-02 00:00:00,1,49.5,-115.066,7.498362449037302,1.1,8.248198693941033
2026-06-02 03:00:00,1,49.5,-115.066,6.989719906813432,0.7,4.892803934769402
2026-06-02 06:00:00,1,49.5,-115.066,6.344986419056896,1.3,8.248482344773965
2026-06-02 09:00:00,1,49.5,-115.066,6.022963686979866,0.6,3.613778212187919
2026-06-02 12:00:00,1,49.5,-115.066,5.90595959072915,0.4,2.3623838362916603
2026-06-02 15:00:00,1,49.5,-115.066,6.856362426174018,1.1,7.54199866879142
2026-06-02 18:00:00,1,49.5,-115.066,10.176332233545299,0.8,8.14106578683624
2026-06-02 21:00:00,2,52.04,-118.571,13.496868462804901,1.3,17.54592900164637
2026-06-03 00:00:00,2,52.04,-118.571,11.530080483165522,1.5,17.295120724748283
2026-06-01 12:00:00,2,52.04,-118.571,7.609965889347271,0.5,3.8049829446736356
2026-06-01 15:00:00,2,52.04,-118.571,7.528704608724831,0.6,4.517222765234898
2026-06-01 18:00:00,2,52.04,-118.571,10.894913433107812,1.4,15.252878806350935
2026-06-01 21:00:00,2,52.04,-118.571,9.860476500449188,1.7,16.76281005076362
2026-06-02 00:00:00,2,52.04,-118.571,9.73655900011445,1.4,13.63118260016023
2026-06-02 03:00:00,2,52.04,-118.571,8.849854562406389,1.3,11.504810931128306
2026-06-02 06:00:00,2,52.04,-118.571,7.727667511934538,1.0,7.727667511934538
2026-06-02 09:00:00,2,52.04,-118.571,8.686435811839178,0.7,6.080505068287424
2026-06-02 12:00:00,2,52.04,-118.571,8.350261792604197,0.9,7.515235613343777
2026-06-02 15:00:00,2,52.04,-118.571,9.830759634308095,0.8,7.864607707446476
2026-06-02 18:00:00,2,52.04,-118.571,12.13495415223178,1.4,16.988935813124492
2026-06-02 21:00:00,3,60.0,-136.767,11.105309247375224,5.2,57.74760808635117
2026-06-03 00:00:00,3,60.0,-136.767,11.683870800137338,5.2,60.75612816071416
2026-06-01 12:00:00,3,60.0,-136.767,3.951116177512616,3.3,13.038683385791632
2026-06-01 15:00:00,3,60.0,-136.767,3.6354333495549183,2.9,10.542756713709263
2026-06-01 18:00:00,3,60.0,-136.767,4.618700033210128,2.9,13.39423009630937
2026-06-01 21:00:00,3,60.0,-136.767,6.86731186741488,4.8,32.963096963591425
2026-06-02 00:00:00,3,60.0,-136.767,7.430921365672046,4.8,35.66842255522582
2026-06-02 03:00:00,3,60.0,-136.767,7.238696509865981,4.2,30.40252534143712
2026-06-02 06:00:00,3,60.0,-136.767,6.011175855959946,3.8,22.842468252647794
2026-06-02 09:00:00,3,60.0,-136.767,5.2147517171609525,4.0,20.85900686864381
2026-06-02 12:00:00,3,60.0,-136.767,4.936768271078787,3.7,18.26604260299151
2026-06-02 15:00:00,3,60.0,-136.767,5.930968171772254,2.2,13.04812997789896
2026-06-02 18:00:00,3,60.0,-136.767,7.778123900470627,1.4,10.889373460658877
2026-06-02 21:00:00,4,55.393,-122.623,20.989565760525657,6.5,136.43217744341678
2026-06-03 00:00:00,4,55.393,-122.623,21.37649517502154,6.5,138.94721863764
2026-06-01 12:00:00,4,55.393,-122.623,7.814209397336963,1.6,12.502735035739143
2026-06-01 15:00:00,4,55.393,-122.623,10.540186452214764,2.4,25.296447485315433
2026-06-01 18:00:00,4,55.393,-122.623,16.488213625079382,4.7,77.4946040378731
2026-06-01 21:00:00,4,55.393,-122.623,19.382643271667774,4.7,91.09842337683854
2026-06-02 00:00:00,4,55.393,-122.623,19.865220921348847,5.1,101.31262669887911
2026-06-02 03:00:00,4,55.393,-122.623,17.66299037811163,4.9,86.548652852747
2026-06-02 06:00:00,4,55.393,-122.623,11.469219573359444,3.9,44.72995633610183
2026-06-02 09:00:00,4,55.393,-122.623,9.871197148003557,3.4,33.56207030321209
2026-06-02 12:00:00,4,55.393,-122.623,7.7120526894778525,3.0,23.13615806843356
2026-06-02 15:00:00,4,55.393,-122.623,12.075988341173854,5.6,67.62553471057358
2026-06-02 18:00:00,4,55.393,-122.623,15.943155808198764,6.5,103.63051275329197
2026-06-02 21:00:00,5,49.058,-117.04,16.032371381266152,1.2,19.23884565751938
2026-06-03 00:00:00,5,49.058,-117.04,16.72772193714499,0.1,1.6727721937144993
2026-06-01 12:00:00,5,49.058,-117.04,5.640684084573461,2.1,11.84543657760427
2026-06-01 15:00:00,5,49.058,-117.04,8.139491223390063,2.4,19.534778936136153
2026-06-01 18:00:00,5,49.058,-117.04,9.675113395007013,2.4,23.220272148016832
2026-06-01 21:00:00,5,49.058,-117.04,12.76007959619942,2.4,30.624191030878606
2026-06-02 00:00:00,5,49.058,-117.04,12.920695667260658,1.8,23.257252201069186
2026-06-02 03:00:00,5,49.058,-117.04,9.860476500449188,2.0,19.720953000898376
2026-06-02 06:00:00,5,49.058,-117.04,6.725242053729811,2.0,13.450484107459623
2026-06-02 09:00:00,5,49.058,-117.04,6.141999023730111,1.8,11.0555982427142
2026-06-02 12:00:00,5,49.058,-117.04,4.371803048508335,1.4,6.1205242679116685
2026-06-02 15:00:00,5,49.058,-117.04,7.217041526508902,1.4,10.103858137112463
2026-06-02 18:00:00,5,49.058,-117.04,14.00848874835696,2.2,30.818675246385315
2026-06-02 21:00:00,6,51.65,-120.033,18.254210801185543,3.6,65.71515888426796
2026-06-03 00:00:00,6,51.65,-120.033,18.254210801185547,5.3,96.7473172462834
2026-06-01 12:00:00,6,51.65,-120.033,6.215887659620553,3.1,19.269251744823716
2026-06-01 15:00:00,6,51.65,-120.033,9.273201014321447,3.2,29.674243245828634
2026-06-01 18:00:00,6,51.65,-120.033,13.892132254563066,4.4,61.125381920077494
2026-06-01 21:00:00,6,51.65,-120.033,15.648741129511365,4.1,64.15983863099659
2026-06-02 00:00:00,6,51.65,-120.033,15.74634653993905,5.3,83.45563666167696
2026-06-02 03:00:00,6,51.65,-120.033,14.068519684223663,4.8,67.52889448427358
2026-06-02 06:00:00,6,51.65,-120.033,10.023040311422758,3.6,36.08294512112193
2026-06-02 09:00:00,6,51.65,-120.033,9.034445530469796,3.3,29.813670250550324
2026-06-02 12:00:00,6,51.65,-120.033,7.097409195175022,3.2,22.71170942456007
2026-06-02 15:00:00,6,51.65,-120.033,10.484579860220151,1.1,11.533037846242168
2026-06-02 18:00:00,6,51.65,-120.033,15.844483951544508,0.8,12.675587161235606
2026-06-02 21:00:00,71038,46.583,-66.017,13.63118260016023,15.5,211.28333030248356
2026-06-03 00:00:00,71038,46.583,-66.017,8.681271077003446,24.1,209.21863295578305
2026-06-01 12:00:00,71038,46.583,-66.017,5.7236924249543595,10.0,57.23692424954359
2026-06-01 15:00:00,71038,46.583,-66.017,10.087863080594717,3.6,36.31630709014098
2026-06-01 18:00:00,71038,46.583,-66.017,14.336777828927408,6.8,97.49008923670637
2026-06-01 21:00:00,71038,46.583,-66.017,11.536809304076428,17.4,200.74048189092983
2026-06-02 00:00:00,71038,46.583,-66.017,6.553839756205397,19.5,127.79987524600524
2026-06-02 03:00:00,71038,46.583,-66.017,3.8304298317841248,15.9,60.90383432536758
2026-06-02 06:00:00,71038,46.583,-66.017,3.779684937647872,31.5,119.06007553590797
2026-06-02 09:00:00,71038,46.583,-66.017,5.073310592898182,22.4,113.64215728091928
2026-06-02 12:00:00,71038,46.583,-66.017,2.6399491169676654,19.8,52.270992515959776
2026-06-02 15:00:00,71038,46.583,-66.017,7.546171771554583,14.7,110.92872504185236
2026-06-02 18:00:00,71038,46.583,-66.017,15.263590930856584,21.5,328.16720501341655
2026-06-02 21:00:00,71350,46.35,-63.167,2.5536198878560814,16.6,42.390090138410955
2026-06-03 00:00:00,71350,46.35,-63.167,1.0500904168775342,17.4,18.271573253669093
2026-06-01 12:00:00,71350,46.35,-63.167,3.2971431822733432,22.2,73.19657864646821
2026-06-01 15:00:00,71350,46.35,-63.167,4.906622533069835,19.8,97.15112615478273
2026-06-01 18:00:00,71350,46.35,-63.167,6.7324245591601155,18.4,123.87661188854612
2026-06-01 21:00:00,71350,46.35,-63.167,7.286338414180559,8.1,59.01934115486252
2026-06-02 00:00:00,71350,46.35,-63.167,6.133278166337296,5.1,31.279718648320205
2026-06-02 03:00:00,71350,46.35,-63.167,5.69597068998564,12.6,71.76923069381907
2026-06-02 06:00:00,71350,46.35,-63.167,4.84130932116614,20.3,98.27857921967264
2026-06-02 09:00:00,71350,46.35,-63.167,2.143539783551949,22.1,47.37222921649808
2026-06-02 12:00:00,71350,46.35,-63.167,1.146911565118101,19.5,22.36477551980297
2026-06-02 15:00:00,71350,46.35,-63.167,1.1861936343544492,10.5,12.455033160721717
2026-06-02 18:00:00,71350,46.35,-63.167,2.7288351116965313,15.5,42.29694423129624
2026-06-02 21:00:00,9,56.783,-124.9,20.608764679343906,2.8,57.704541102162935
2026-06-03 00:00:00,9,56.783,-124.9,21.117857238478067,6.6,139.37785777395524
2026-06-01 12:00:00,9,56.783,-124.9,4.769743687461966,3.5,16.69410290611688
2026-06-01 15:00:00,9,56.783,-124.9,7.919847350902997,3.3,26.135496257979888
2026-06-01 18:00:00,9,56.783,-124.9,12.956194121937763,2.1,27.208007656069302
2026-06-01 21:00:00,9,56.783,-124.9,17.884275576584418,3.6,64.38339207570391
2026-06-02 00:00:00,9,56.783,-124.9,18.793849055664914,2.8,52.62277735586176
2026-06-02 03:00:00,9,56.783,-124.9,14.518094719642033,1.2,17.42171366357044
2026-06-02 06:00:00,9,56.783,-124.9,7.334255623355902,1.0,7.334255623355902
2026-06-02 09:00:00,9,56.783,-124.9,4.939569045784033,1.4,6.915396664097646
2026-06-02 12:00:00,9,56.783,-124.9,3.3489468845729844,2.0,6.697893769145969
2026-06-02 15:00:00,9,56.783,-124.9,7.727667511934538,3.1,23.955769286997068
2026-06-02 18:00:00,9,56.783,-124.9,15.263590930856584,1.9,29.000822768627508
2026-06-02 21:00:00,100165,53.07,-125.41,22.98716395216969,10.5,241.36522149778176
2026-06-03 00:00:00,100165,53.07,-125.41,23.40599358249559,9.6,224.69753839195766
2026-06-01 12:00:00,100165,53.07,-125.41,6.343641308750968,4.4,27.91202175850426
2026-06-01 15:00:00,100165,53.07,-125.41,9.55092289093787,3.0,28.652768672813608
2026-06-01 18:00:00,100165,53.07,-125.41,15.977236981334832,8.0,127.81789585067865
2026-06-01 21:00:00,100165,53.07,-125.41,19.865220921348847,11.4,226.46351850337686
2026-06-02 00:00:00,100165,53.07,-125.41,20.989565760525657,11.3,237.18209309393995
2026-06-02 03:00:00,100165,53.07,-125.41,18.793849055664918,11.9,223.64680376241253
2026-06-02 06:00:00,100165,53.07,-125.41,12.310681427719928,8.5,104.64079213561939
2026-06-02 09:00:00,100165,53.07,-125.41,9.093622456591763,6.2,56.38045923086894
2026-06-02 12:00:00,100165,53.07,-125.41,6.958551493836831,6.1,42.447164112404664
2026-06-02 15:00:00,100165,53.07,-125.41,12.310681427719928,8.1,99.71651956453141
2026-06-02 18:00:00,100165,53.07,-125.41,19.145219291011315,11.0,210.59741220112448
2026-06-02 21:00:00,11,54.014,-124.008,18.933156871216987,10.9,206.37140989626516
2026-06-03 00:00:00,11,54.014,-124.008,19.634037177755793,10.9,214.01100523753814
2026-06-01 12:00:00,11,54.014,-124.008,6.386999813289728,3.7,23.631899309171995
2026-06-01 15:00:00,11,54.014,-124.008,9.936372873245032,2.7,26.82820675776159
2026-06-01 18:00:00,11,54.014,-124.008,12.13495415223178,6.7,81.30419281995293
2026-06-01 21:00:00,11,54.014,-124.008,17.27565261467216,4.0,69.10261045868864
2026-06-02 00:00:00,11,54.014,-124.008,17.922781330293663,12.5,224.03476662867078
2026-06-02 03:00:00,11,54.014,-124.008,15.844483951544508,8.7,137.8470103784372
2026-06-02 06:00:00,11,54.014,-124.008,11.998634245804531,6.5,77.99112259772946
2026-06-02 09:00:00,11,54.014,-124.008,8.858939386093725,3.8,33.66396966715615
2026-06-02 12:00:00,11,54.014,-124.008,8.132550929232552,2.8,22.771142601851146
2026-06-02 15:00:00,11,54.014,-124.008,10.484579860220151,2.4,25.162991664528363
2026-06-02 18:00:00,11,54.014,-124.008,16.24240262011095,12.2,198.15731196535359
2026-06-02 21:00:00,12,51.641,-121.297,19.753024475355517,6.6,130.3699615373464
2026-06-03 00:00:00,12,51.641,-121.297,19.872640262406044,6.4,127.18489767939869
2026-06-01 12:00:00,12,51.641,-121.297,8.529271826342034,9.2,78.46930080234671
2026-06-01 15:00:00,12,51.641,-121.297,10.889373460658879,8.4,91.4707370695346
2026-06-01 18:00:00,12,51.641,-121.297,16.696575479063775,7.1,118.5456859013528
2026-06-01 21:00:00,12,51.641,-121.297,19.502317095045726,6.2,120.9143659892835
2026-06-02 00:00:00,12,51.641,-121.297,19.865220921348847,7.0,139.05654644944192
2026-06-02 03:00:00,12,51.641,-121.297,15.359092598948244,13.7,210.41956860559094
2026-06-02 06:00:00,12,51.641,-121.297,10.552012652331367,5.9,62.25687464875507
2026-06-02 09:00:00,12,51.641,-121.297,9.333748680564753,3.5,32.668120381976635
2026-06-02 12:00:00,12,51.641,-121.297,8.686435811839178,2.4,20.847445948414027
2026-06-02 15:00:00,12,51.641,-121.297,12.629822671390581,4.9,61.88613108981385
2026-06-02 18:00:00,12,51.641,-121.297,16.752066879634903,7.0,117.26446815744433
2026-06-02 21:00:00,100195,53.304,-120.161,14.447708729158037,3.3,47.677438806221524
2026-06-03 00:00:00,100195,53.304,-120.161,14.807702241147561,3.9,57.75003874047549
2026-06-01 12:00:00,100195,53.304,-120.161,7.310804422578884,0.3,2.193241326773665
2026-06-01 15:00:00,100195,53.304,-120.161,10.889373460658879,0.7,7.622561422461215
2026-06-01 18:00:00,100195,53.304,-120.161,11.907541932482626,0.9,10.716787739234364
2026-06-01 21:00:00,100195,53.304,-120.161,15.74634653993905,3.5,55.112212889786676
2026-06-02 00:00:00,100195,53.304,-120.161,15.74634653993905,2.8,44.08977031182934
2026-06-02 03:00:00,100195,53.304,-120.161,13.892132254563066,2.9,40.28718353823289
2026-06-02 06:00:00,100195,53.304,-120.161,11.39528771274609,1.8,20.51151788294296
2026-06-02 09:00:00,100195,53.304,-120.161,8.917105638806456,0.7,6.241973947164519
2026-06-02 12:00:00,100195,53.304,-120.161,8.46102612686019,0.5,4.230513063430095
2026-06-02 15:00:00,100195,53.304,-120.161,10.218612975783309,0.6,6.131167785469985
2026-06-02 18:00:00,100195,53.304,-120.161,12.76007959619942,2.5,31.90019899049855
2026-06-02 21:00:00,14,44.63,-63.5,1.0644999688816217,27.9,29.699549131797244
2026-06-03 00:00:00,14,44.63,-63.5,1.06449996888162,20.1,21.39644937452056
2026-06-01 12:00:00,14,44.63,-63.5,2.015776395477795,22.6,45.55654653779818
2026-06-01 15:00:00,14,44.63,-63.5,5.279898233935333,12.9,68.11068721776579
2026-06-01 18:00:00,14,44.63,-63.5,8.74360609701667,10.2,89.18478218957003
2026-06-01 21:00:00,14,44.63,-63.5,8.405483574120792,13.2,110.95238317839446
2026-06-02 00:00:00,14,44.63,-63.5,6.643799348999523,24.9,165.43060379008813
2026-06-02 03:00:00,14,44.63,-63.5,8.078909470992137,23.9,193.08593635671207
2026-06-02 06:00:00,14,44.63,-63.5,8.025579414192528,17.6,141.2501976897885
2026-06-02 09:00:00,14,44.63,-63.5,6.1744613072300405,9.6,59.27482854940838
2026-06-02 12:00:00,14,44.63,-63.5,5.695970689985643,25.4,144.67765552563532
2026-06-02 15:00:00,14,44.63,-63.5,2.3883813715640585,30.3,72.36795555839097
2026-06-02 18:00:00,14,44.63,-63.5,3.8049829446736343,35.0,133.1744030635772
2026-06-02 21:00:00,71582,52.184,-128.15,22.849014085503068,14.0,319.886197197043
2026-06-03 00:00:00,71582,52.184,-128.15,18.704433278143846,17.8,332.9389123509605
2026-06-01 12:00:00,71582,52.184,-128.15,6.958551493836831,16.0,111.3368239013893
2026-06-01 15:00:00,71582,52.184,-128.15,8.295359205168104,12.6,104.5215259851181
2026-06-01 18:00:00,71582,52.184,-128.15,9.455886298746178,15.5,146.56623763056575
2026-06-01 21:00:00,71582,52.184,-128.15,12.13495415223178,11.0,133.48449567454958
2026-06-02 00:00:00,71582,52.184,-128.15,14.793833605219513,17.0,251.4951712887317
2026-06-02 03:00:00,71582,52.184,-128.15,13.41320668243831,16.3,218.63526892374446
2026-06-02 06:00:00,71582,52.184,-128.15,15.943155808198764,12.4,197.69513202166468
2026-06-02 09:00:00,71582,52.184,-128.15,14.518094719642033,19.2,278.74741861712704
2026-06-02 12:00:00,71582,52.184,-128.15,13.374536675935298,34.5,461.42151531976776
2026-06-02 15:00:00,71582,52.184,-128.15,13.374536675935298,44.5,595.1668820791208
2026-06-02 18:00:00,71582,52.184,-128.15,14.70141572627621,33.1,486.61686053974256
2026-06-02 21:00:00,16,50.6,-124.9,21.103982750523244,1.0,21.103982750523244
2026-06-03 00:00:00,16,50.6,-124.9,25.148576871604444,1.7,42.75258068172755
2026-06-01 12:00:00,16,50.6,-124.9,6.215887659620554,3.8,23.620373106558105
2026-06-01 15:00:00,16,50.6,-124.9,8.46102612686019,4.2,35.5363097328128
2026-06-01 18:00:00,16,50.6,-124.9,13.374536675935298,3.6,48.148332033367076
2026-06-01 21:00:00,16,50.6,-124.9,17.382068306180244,2.8,48.66979125730468
2026-06-02 00:00:00,16,50.6,-124.9,22.438899631720908,2.9,65.07280893199064
2026-06-02 03:00:00,16,50.6,-124.9,18.143144703503832,3.1,56.24374858086188
2026-06-02 06:00:00,16,50.6,-124.9,12.21159868025436,4.5,54.95219406114462
2026-06-02 09:00:00,16,50.6,-124.9,10.825562289763354,5.2,56.292923906769445
2026-06-02 12:00:00,16,50.6,-124.9,10.153053380263863,4.9,49.749961563292935
2026-06-02 15:00:00,16,50.6,-124.9,12.87391590431072,4.6,59.220013159829314
2026-06-02 18:00:00,16,50.6,-124.9,17.27565261467216,2.8,48.37182732108205
2026-06-02 21:00:00,17,54.062,-128.638,22.57488511469202,8.9,200.91647752075897
2026-06-03 00:00:00,17,54.062,-128.638,23.97477399224968,6.6,158.2335083488479
2026-06-01 12:00:00,17,54.062,-128.638,4.970785551087824,13.4,66.60852638457683
2026-06-01 15:00:00,17,54.062,-128.638,6.092337018815737,14.3,87.12041936906505
2026-06-01 18:00:00,17,54.062,-128.638,10.35084714957759,14.9,154.2276225287061
2026-06-01 21:00:00,17,54.062,-128.638,15.74634653993905,12.6,198.40396640323203
2026-06-02 00:00:00,17,54.062,-128.638,17.59661881049055,9.7,170.68720246175832
2026-06-02 03:00:00,17,54.062,-128.638,19.865220921348847,9.3,184.7465545685443
2026-06-02 06:00:00,17,54.062,-128.638,11.319257657331875,9.4,106.40102197891963
2026-06-02 09:00:00,17,54.062,-128.638,9.455886298746178,11.6,109.68828106545566
2026-06-02 12:00:00,17,54.062,-128.638,8.801106748027081,12.2,107.37350232593039
2026-06-02 15:00:00,17,54.062,-128.638,9.153139571738079,13.9,127.22864004715929
2026-06-02 18:00:00,17,54.062,-128.638,16.54654826930277,11.4,188.6306502700516
2026-06-02 21:00:00,100127,55.027,-120.934,20.358261459151564,9.8,199.51096229968533
2026-06-03 00:00:00,100127,55.027,-120.934,20.735022518290094,9.2,190.76220716826884
2026-06-01 12:00:00,100127,55.027,-120.934,7.310804422578884,2.6,19.0080914987051
2026-06-01 15:00:00,100127,55.027,-120.934,11.17599571874199,2.9,32.410387584351774
2026-06-01 18:00:00,100127,55.027,-120.934,16.801617972887094,8.4,141.1335909722516
2026-06-01 21:00:00,100127,55.027,-120.934,19.263611638877386,9.6,184.9306717332229
2026-06-02 00:00:00,100127,55.027,-120.934,19.502317095045726,9.9,193.07293924095268
2026-06-02 03:00:00,100127,55.027,-120.934,17.335553344744568,8.4,145.61864809585438
2026-06-02 06:00:00,100127,55.027,-120.934,11.693547029993217,4.6,53.7903163379688
2026-06-02 09:00:00,100127,55.027,-120.934,10.267957872698265,2.7,27.723486256285316
2026-06-02 12:00:00,100127,55.027,-120.934,8.1865053350896,2.4,19.64761280421504
2026-06-02 15:00:00,100127,55.027,-120.934,12.232009836923513,5.9,72.16885803784874
2026-06-02 18:00:00,100127,55.027,-120.934,15.551665285223091,10.7,166.40281855188707
2026-06-02 21:00:00,19,52.064,-123.264,23.97477399224968,2.2,52.744502782949304
2026-06-03 00:00:00,19,52.064,-123.264,24.26365477380362,5.1,123.74463934639844
2026-06-01 12:00:00,19,52.064,-123.264,5.65761246990521,1.2,6.789134963886252
2026-06-01 15:00:00,19,52.064,-123.264,8.975607140139807,3.7,33.20974641851729
2026-06-01 18:00:00,19,52.064,-123.264,14.886759528899322,3.2,47.63763049247783
2026-06-01 21:00:00,19,52.064,-123.264,20.86195520135491,6.8,141.8612953692134
2026-06-02 00:00:00,19,52.064,-123.264,21.63789356710513,9.5,205.55998888749875
2026-06-02 03:00:00,19,52.064,-123.264,16.54654826930277,7.6,125.75376684670105
2026-06-02 06:00:00,19,52.064,-123.264,10.964653740935628,7.1,77.84904156064296
2026-06-02 09:00:00,19,52.064,-123.264,9.517479628585347,4.5,42.82865832863406
2026-06-02 12:00:00,19,52.064,-123.264,8.686435811839178,1.9,16.50422804249444
2026-06-02 15:00:00,19,52.064,-123.264,10.894913433107812,2.0,21.789826866215623
2026-06-02 18:00:00,19,52.064,-123.264,17.27565261467216,3.8,65.6474799357542
2026-06-02 21:00:00,100213,52.456,-125.303,23.547074230058453,7.5,176.6030567254384
2026-06-03 00:00:00,100213,52.456,-125.303,23.688895671212414,3.5,82.91113484924345
2026-06-01 12:00:00,100213,52.456,-125.303,5.358849458879873,0.9,4.822964512991886
2026-06-01 15:00:00,100213,52.456,-125.303,8.240774240897856,1.5,12.361161361346785
2026-06-01 18:00:00,100213,52.456,-125.303,15.977236981334832,4.0,63.908947925339326
2026-06-01 21:00:00,100213,52.456,-125.303,22.485929368383417,7.1,159.65009851552225
2026-06-02 00:00:00,100213,52.456,-125.303,23.90268677467604,9.5,227.0755243594224
2026-06-02 03:00:00,100213,52.456,-125.303,18.67798499780928,12.2,227.8714169732732
2026-06-02 06:00:00,100213,52.456,-125.303,12.389796387368945,8.7,107.79122857010981
2026-06-02 09:00:00,100213,52.456,-125.303,9.153139571738077,3.8,34.78193037260469
2026-06-02 12:00:00,100213,52.456,-125.303,7.004569645100662,1.9,13.308682325691256
2026-06-02 15:00:00,100213,52.456,-125.303,10.484579860220151,0.9,9.436121874198136
2026-06-02 18:00:00,100213,52.456,-125.303,19.382643271667774,5.6,108.54280232133954
2026-06-02 21:00:00,21,59.566,-133.7,11.982927736001123,9.3,111.44122794481045
2026-06-03 00:00:00,21,59.566,-133.7,12.680428804473866,9.1,115.39190212071217
2026-06-01 12:00:00,21,59.566,-133.7,2.3046360491905036,2.1,4.839735703300057
2026-06-01 15:00:00,21,59.566,-133.7,3.7375524134333826,2.5,9.343881033583457
2026-06-01 18:00:00,21,59.566,-133.7,7.459065191544665,5.5,41.02485855349566
2026-06-01 21:00:00,21,59.566,-133.7,8.975607140139807,8.9,79.88290354724428
2026-06-02 00:00:00,21,59.566,-133.7,9.894490336825545,8.8,87.0715149640648
2026-06-02 03:00:00,21,59.566,-133.7,9.517479628585347,7.0,66.62235740009743
2026-06-02 06:00:00,21,59.566,-133.7,6.215887659620553,4.3,26.728316936368376
2026-06-02 09:00:00,21,59.566,-133.7,4.143412441342585,2.8,11.601554835759238
2026-06-02 12:00:00,21,59.566,-133.7,2.8816463301537993,2.2,6.339621926338359
2026-06-02 15:00:00,21,59.566,-133.7,6.011175855959946,1.5,9.016763783939918
2026-06-02 18:00:00,21,59.566,-133.7,9.958583314132024,5.8,57.75978322196574
2026-06-02 21:00:00,22,56.966,-130.25,12.840167874705351,3.1,39.80452041158659
2026-06-03 00:00:00,22,56.966,-130.25,13.24724278358372,4.4,58.28786824776837
2026-06-01 12:00:00,22,56.966,-130.25,4.121428977841678,2.2,9.067143751251692
2026-06-01 15:00:00,22,56.966,-130.25,5.03944098869449,0.7,3.5276086920861425
2026-06-01 18:00:00,22,56.966,-130.25,6.958551493836831,2.0,13.917102987673662
2026-06-01 21:00:00,22,56.966,-130.25,8.515510813152757,1.4,11.921715138413859
2026-06-02 00:00:00,22,56.966,-130.25,11.034785060837761,3.3,36.414790700764605
2026-06-02 03:00:00,22,56.966,-130.25,8.406552567162263,3.3,27.741623471635467
2026-06-02 06:00:00,22,56.966,-130.25,6.4267105745648765,3.4,21.85081595352058
2026-06-02 09:00:00,22,56.966,-130.25,4.465262512763979,2.6,11.609682533186346
2026-06-02 12:00:00,22,56.966,-130.25,4.171801373728764,2.4,10.012323296949033
2026-06-02 15:00:00,22,56.966,-130.25,6.4267105745648765,0.8,5.141368459651901
2026-06-02 18:00:00,22,56.966,-130.25,8.849854562406389,1.3,11.504810931128306
2026-06-02 21:00:00,23,53.493,-123.608,19.280818506999857,9.6,185.09585766719863
2026-06-03 00:00:00,23,53.493,-123.608,19.992887324815186,10.7,213.92389437552248
2026-06-01 12:00:00,23,53.493,-123.608,5.3954177184791225,2.9,15.646711383589455
2026-06-01 15:00:00,23,53.493,-123.608,8.743606097016668,1.4,12.241048535823335
2026-06-01 18:00:00,23,53.493,-123.608,14.518094719642033,7.4,107.43390092535105
2026-06-01 21:00:00,23,53.493,-123.608,17.489056175409324,10.1,176.63946737163417
2026-06-02 00:00:00,23,53.493,-123.608,18.032669094425916,10.0,180.32669094425916
2026-06-02 03:00:00,23,53.493,-123.608,15.844483951544508,8.0,126.75587161235606
2026-06-02 06:00:00,23,53.493,-123.608,10.417525292404136,6.9,71.88092451758854
2026-06-02 09:00:00,23,53.493,-123.608,9.093622456591763,6.9,62.74599495048317
2026-06-02 12:00:00,23,53.493,-123.608,8.350261792604197,6.9,57.616806368968966
2026-06-02 15:00:00,23,53.493,-123.608,12.46935683105107,10.8,134.66905377535156
2026-06-02 18:00:00,23,53.493,-123.608,16.34323687308312,11.5,187.9472240404559
2026-06-02 21:00:00,24,50.533,-122.05,24.409229332841793,3.5,85.43230266494628
2026-06-03 00:00:00,24,50.533,-122.05,25.601486071616836,2.5,64.00371517904209
2026-06-01 12:00:00,24,50.533,-122.05,8.937669607496286,1.6,14.300271371994057
2026-06-01 15:00:00,24,50.533,-122.05,12.689972838113798,3.8,48.22189678483243
2026-06-01 18:00:00,24,50.533,-122.05,19.624616911101324,4.6,90.27323779106608
2026-06-01 21:00:00,24,50.533,-122.05,23.613261480591362,4.3,101.53702436654285
2026-06-02 00:00:00,24,50.533,-122.05,21.902077143457845,3.9,85.41810085948559
2026-06-02 03:00:00,24,50.533,-122.05,19.743602988196756,3.4,67.12825015986897
2026-06-02 06:00:00,24,50.533,-122.05,13.54515875300982,2.0,27.09031750601964
2026-06-02 09:00:00,24,50.533,-122.05,9.958583314132024,0.6,5.975149988479214
2026-06-02 12:00:00,24,50.533,-122.05,9.273201014321446,0.7,6.491240710025012
2026-06-02 15:00:00,24,50.533,-122.05,13.374536675935296,2.8,37.448702692618824
2026-06-02 18:00:00,24,50.533,-122.05,20.989565760525657,3.2,67.16661043368211
2026-06-02 21:00:00,25,51.507,-117.422,12.840167874705351,4.3,55.21272186123301
2026-06-03 00:00:00,25,51.507,-117.422,10.970780427820173,3.9,42.78604366849868
2026-06-01 12:00:00,25,51.507,-117.422,6.4267105745648765,1.3,8.35472374693434
2026-06-01 15:00:00,25,51.507,-117.422,8.858939386093725,1.5,13.288409079140589
2026-06-01 18:00:00,25,51.507,-117.422,10.218612975783309,1.7,17.371642058831625
2026-06-01 21:00:00,25,51.507,-117.422,10.964653740935628,2.1,23.02577285596482
2026-06-02 00:00:00,25,51.507,-117.422,9.021301908136131,1.7,15.336213243831422
2026-06-02 03:00:00,25,51.507,-117.422,6.596326891217032,2.0,13.192653782434064
2026-06-02 06:00:00,25,51.507,-117.422,5.8674044986847225,2.6,15.25525169658028
2026-06-02 09:00:00,25,51.507,-117.422,6.958551493836831,2.1,14.612958137057346
2026-06-02 12:00:00,25,51.507,-117.422,6.777125774360459,1.7,11.52111381641278
2026-06-02 15:00:00,25,51.507,-117.422,9.641723823685634,1.9,18.319275265002705
2026-06-02 18:00:00,25,51.507,-117.422,11.683870800137338,3.7,43.23032196050816
2026-06-02 21:00:00,26,49.061,-114.508,11.601716157222107,0.4,4.640686462888843
2026-06-03 00:00:00,26,49.061,-114.508,11.892164582982486,0.9,10.702948124684237
2026-06-01 12:00:00,26,49.061,-114.508,4.3147971388104835,2.4,10.35551313314516
2026-06-01 15:00:00,26,49.061,-114.508,6.344986419056896,2.0,12.689972838113793
2026-06-01 18:00:00,26,49.061,-114.508,7.1253467606006105,3.3,23.513644309982013
2026-06-01 21:00:00,26,49.061,-114.508,7.691206202717618,3.9,29.99570419059871
2026-06-02 00:00:00,26,49.061,-114.508,9.675113395007013,3.9,37.73294224052735
2026-06-02 03:00:00,26,49.061,-114.508,7.1710656468419405,2.8,20.078983811157432
2026-06-02 06:00:00,26,49.061,-114.508,6.51159297871205,2.2,14.325504553166512
2026-06-02 09:00:00,26,49.061,-114.508,6.182134009547633,1.7,10.509627816230976
2026-06-02 12:00:00,26,49.061,-114.508,6.062414971061177,1.5,9.093622456591765
2026-06-02 15:00:00,26,49.061,-114.508,7.034675101554242,1.5,10.552012652331364
2026-06-02 18:00:00,26,49.061,-114.508,10.435359674414858,2.0,20.870719348829716
2026-06-02 21:00:00,100222,51.451,-122.661,24.118837429169425,8.4,202.59823440502316
2026-06-03 00:00:00,100222,51.451,-122.661,24.555564424287525,7.3,179.25562029729892
2026-06-01 12:00:00,100222,51.451,-122.661,7.165144114692179,5.8,41.557835865214635
2026-06-01 15:00:00,100222,51.451,-122.661,12.283998047460225,5.6,68.79038906577725
2026-06-01 18:00:00,100222,51.451,-122.661,17.120223832940468,7.9,135.24976828022972
2026-06-01 21:00:00,100222,51.451,-122.661,23.184860264261893,8.9,206.34525635193086
2026-06-02 00:00:00,100222,51.451,-122.661,21.506847772630078,9.4,202.16436906272273
2026-06-02 03:00:00,100222,51.451,-122.661,16.54654826930277,6.8,112.51652823125885
2026-06-02 06:00:00,100222,51.451,-122.661,13.038932855779198,5.3,69.10634413562974
2026-06-02 09:00:00,100222,51.451,-122.661,9.641723823685634,2.2,21.211792412108398
2026-06-02 12:00:00,100222,51.451,-122.661,7.334255623355902,4.9,35.93785255444392
2026-06-02 15:00:00,100222,51.451,-122.661,12.87391590431072,1.9,24.460440218190367
2026-06-02 18:00:00,100222,51.451,-122.661,20.110421497703484,7.0,140.77295048392438
2026-06-02 21:00:00,28,49.021,-118.47,17.766671753409312,1.9,33.75667633147769
2026-06-03 00:00:00,28,49.021,-118.47,17.873595875732356,2.9,51.83342803962383
2026-06-01 12:00:00,28,49.021,-118.47,6.958551493836831,1.6,11.13368239013893
2026-06-01 15:00:00,28,49.021,-118.47,8.352533592852298,0.4,3.3410134371409193
2026-06-01 18:00:00,28,49.021,-118.47,14.886759528899322,3.6,53.592334304037564
2026-06-01 21:00:00,28,49.021,-118.47,16.64903041617548,4.6,76.5855399144072
2026-06-02 00:00:00,28,49.021,-118.47,14.358914468258487,5.3,76.10224668176997
2026-06-02 03:00:00,28,49.021,-118.47,10.767246389383882,2.4,25.841391334521315
2026-06-02 06:00:00,28,49.021,-118.47,8.849854562406389,2.8,24.779592774737885
2026-06-02 09:00:00,28,49.021,-118.47,7.931233023821123,0.7,5.551863116674785
2026-06-02 12:00:00,28,49.021,-118.47,5.90595959072915,1.1,6.496555549802066
2026-06-02 15:00:00,28,49.021,-118.47,9.372953061296622,0.4,3.749181224518649
2026-06-02 18:00:00,28,49.021,-118.47,15.175507550361955,0.2,3.035101510072391
2026-06-02 21:00:00,100161,53.945,-125.876,19.280818506999857,9.7,187.0239395178986
2026-06-03 00:00:00,100161,53.945,-125.876,19.280818506999857,8.2,158.10271175739882
2026-06-01 12:00:00,100161,53.945,-125.876,5.07408129504664,1.2,6.0888975540559676
2026-06-01 15:00:00,100161,53.945,-125.876,7.919847350902997,2.5,19.79961837725749
2026-06-01 18:00:00,100161,53.945,-125.876,13.54515875300982,4.9,66.37127788974813
2026-06-01 21:00:00,100161,53.945,-125.876,16.752066879634903,7.1,118.93967484540781
2026-06-02 00:00:00,100161,53.945,-125.876,17.81347877675762,7.9,140.7264823363852
2026-06-02 03:00:00,100161,53.945,-125.876,15.943155808198764,6.1,97.25325043001246
2026-06-02 06:00:00,100161,53.945,-125.876,10.284543639261024,5.1,52.45117256023122
2026-06-02 09:00:00,100161,53.945,-125.876,8.917105638806456,3.1,27.643027480300013
2026-06-02 12:00:00,100161,53.945,-125.876,6.822087779241336,3.7,25.241724783192947
2026-06-02 15:00:00,100161,53.945,-125.876,10.284543639261024,5.6,57.59344437986173
2026-06-02 18:00:00,100161,53.945,-125.876,16.24240262011095,9.0,146.18162358099858
2026-06-02 21:00:00,100118,59.42,-120.79,21.63789356710513,9.6,207.72377824420926
2026-06-03 00:00:00,100118,59.42,-120.79,22.30362924952665,10.8,240.87919589488786
2026-06-01 12:00:00,100118,59.42,-120.79,8.415646198343927,8.3,69.8498634462546
2026-06-01 15:00:00,100118,59.42,-120.79,11.321774457302968,10.1,114.34992201875998
2026-06-01 18:00:00,100118,59.42,-120.79,16.488213625079382,7.8,128.60806627561917
2026-06-01 21:00:00,100118,59.42,-120.79,21.143080187623028,7.1,150.11586933212348
2026-06-02 00:00:00,100118,59.42,-120.79,22.075465528198855,7.0,154.52825869739198
2026-06-02 03:00:00,100118,59.42,-120.79,20.371479366271508,5.8,118.15458032437475
2026-06-02 06:00:00,100118,59.42,-120.79,11.248677794299905,2.3,25.87195892688978
2026-06-02 09:00:00,100118,59.42,-120.79,9.057470875366398,4.6,41.66436602668543
2026-06-02 12:00:00,100118,59.42,-120.79,8.247706447221942,5.0,41.23853223610971
2026-06-02 15:00:00,100118,59.42,-120.79,10.35084714957759,5.7,58.99982875259226
2026-06-02 18:00:00,100118,59.42,-120.79,19.145219291011315,10.6,202.93932448471995
2026-06-02 21:00:00,31,54.398,-126.648,21.902077143457845,8.2,179.5970325763543
2026-06-03 00:00:00,31,54.398,-126.648,19.164317500525613,8.8,168.6459940046254
2026-06-01 12:00:00,31,54.398,-126.648,4.970785551087824,1.3,6.462021216414171
2026-06-01 15:00:00,31,54.398,-126.648,7.660859663568246,0.6,4.596515798140947
2026-06-01 18:00:00,31,54.398,-126.648,13.122134285815271,2.6,34.1175491431197
2026-06-01 21:00:00,31,54.398,-126.648,18.793849055664914,5.6,105.24555471172351
2026-06-02 00:00:00,31,54.398,-126.648,17.489056175409324,5.7,99.68762019983315
2026-06-02 03:00:00,31,54.398,-126.648,15.943155808198762,5.9,94.0646192683727
2026-06-02 06:00:00,31,54.398,-126.648,10.087863080594717,2.9,29.25480293372468
2026-06-02 09:00:00,31,54.398,-126.648,8.801106748027085,3.2,28.163541593686674
2026-06-02 12:00:00,31,54.398,-126.648,6.777125774360459,2.6,17.620527013337195
2026-06-02 15:00:00,31,54.398,-126.648,10.153053380263863,1.5,15.229580070395794
2026-06-02 18:00:00,31,54.398,-126.648,16.142112676431733,8.0,129.13690141145386
2026-06-02 21:00:00,100876,49.766,-119.124,19.753024475355517,5.4,106.6663321669198
2026-06-03 00:00:00,100876,49.766,-119.124,20.72778371231086,1.8,37.31001068215955
2026-06-01 12:00:00,100876,49.766,-119.124,8.132550929232552,5.6,45.54228520370229
2026-06-01 15:00:00,100876,49.766,-119.124,11.543572059629803,9.1,105.0465057426312
2026-06-01 18:00:00,100876,49.766,-119.124,14.70141572627621,9.4,138.19330782699637
2026-06-01 21:00:00,100876,49.766,-119.124,16.4446179237068,9.4,154.57940848284395
2026-06-02 00:00:00,100876,49.766,-119.124,16.54654826930277,8.3,137.33635063521302
2026-06-02 03:00:00,100876,49.766,-119.124,14.980195853822913,6.5,97.37127304984894
2026-06-02 06:00:00,100876,49.766,-119.124,10.484579860220151,3.3,34.5991135387265
2026-06-02 09:00:00,100876,49.766,-119.124,7.778123900470627,1.4,10.889373460658877
2026-06-02 12:00:00,100876,49.766,-119.124,7.286338414180559,1.4,10.200873779852781
2026-06-02 15:00:00,100876,49.766,-119.124,11.105309247375224,3.9,43.31070606476337
2026-06-02 18:00:00,100876,49.766,-119.124,17.59661881049055,6.1,107.33937474399235
2026-06-02 21:00:00,33,56.983,-125.183,20.483178663192756,3.5,71.69112532117465
2026-06-03 00:00:00,33,56.983,-125.183,20.989565760525657,4.2,88.15617619420776
2026-06-01 12:00:00,33,56.983,-125.183,4.704343042847947,5.3,24.93301812709412
2026-06-01 15:00:00,33,56.983,-125.183,7.763546464599769,4.8,37.26502303007889
2026-06-01 18:00:00,33,56.983,-125.183,12.792096031091564,3.9,49.8891745212571
2026-06-01 21:00:00,33,56.983,-125.183,17.66299037811163,3.8,67.11936343682419
2026-06-02 00:00:00,33,56.983,-125.183,18.562745851555373,3.6,66.82588506559935
2026-06-02 03:00:00,33,56.983,-125.183,14.42718692194446,4.3,62.03690376436117
2026-06-02 06:00:00,33,56.983,-125.183,7.286338414180559,5.4,39.34622743657502
2026-06-02 09:00:00,33,56.983,-125.183,4.84130932116614,4.5,21.785891945247627
2026-06-02 12:00:00,33,56.983,-125.183,3.2815288004155194,4.1,13.454268081703628
2026-06-02 15:00:00,33,56.983,-125.183,7.627616309781733,3.7,28.222180346192413
2026-06-02 18:00:00,33,56.983,-125.183,15.263590930856584,2.1,32.05354095479883
2026-06-02 21:00:00,100444,58.72,-127.125,16.959812862709306,6.4,108.54280232133956
2026-06-03 00:00:00,100444,58.72,-127.125,17.59661881049055,7.6,133.73430295972818
2026-06-01 12:00:00,100444,58.72,-127.125,3.2511607325355234,4.4,14.305107223156304
2026-06-01 15:00:00,100444,58.72,-127.125,5.695970689985644,5.2,29.619047587925348
2026-06-01 18:00:00,100444,58.72,-127.125,11.321774457302968,4.5,50.947985057863356
2026-06-01 21:00:00,100444,58.72,-127.125,15.57849440018312,3.9,60.75612816071416
2026-06-02 00:00:00,100444,58.72,-127.125,16.488213625079382,4.1,67.60167586282546
2026-06-02 03:00:00,100444,58.72,-127.125,13.122134285815271,4.8,62.986244571913296
2026-06-02 06:00:00,100444,58.72,-127.125,6.599872792419165,3.6,23.759542052708994
2026-06-02 09:00:00,100444,58.72,-127.125,4.2870795671038975,4.6,19.720566008677928
2026-06-02 12:00:00,100444,58.72,-127.125,2.901567232789837,6.0,17.409403396739023
2026-06-02 15:00:00,100444,58.72,-127.125,8.2953592051681,7.9,65.533337720828
2026-06-02 18:00:00,100444,58.72,-127.125,14.24686512696342,7.7,109.70086147761835
2026-06-02 21:00:00,100166,53.383,-124.512,22.57488511469202,12.0,270.8986213763042
2026-06-03 00:00:00,100166,53.383,-124.512,20.23528646765196,10.8,218.54109385064118
2026-06-01 12:00:00,100166,53.383,-124.512,6.386999813289728,1.6,10.219199701263566
2026-06-01 15:00:00,100166,53.383,-124.512,9.936372873245032,2.6,25.834569470437085
2026-06-01 18:00:00,100166,53.383,-124.512,16.696575479063775,11.9,198.6892482008589
2026-06-01 21:00:00,100166,53.383,-124.512,20.358261459151564,12.5,254.47826823939454
2026-06-02 00:00:00,100166,53.383,-124.512,21.37649517502154,12.8,273.61913824027573
2026-06-02 03:00:00,100166,53.383,-124.512,18.67798499780928,13.1,244.68160347130154
2026-06-02 06:00:00,100166,53.383,-124.512,12.310681427719928,7.8,96.02331513621543
2026-06-02 09:00:00,100166,53.383,-124.512,9.153139571738077,8.0,73.22511657390461
2026-06-02 12:00:00,100166,53.383,-124.512,9.806397503140925,7.9,77.47054027481332
2026-06-02 15:00:00,100166,53.383,-124.512,14.34213129368388,13.0,186.44770681789043
2026-06-02 18:00:00,100166,53.383,-124.512,19.027463332771976,14.2,270.18997932536206
2026-06-02 21:00:00,100428,55.435,-127.646,21.37649517502154,5.4,115.43307394511632
2026-06-03 00:00:00,100428,55.435,-127.646,22.169070806215707,5.6,124.14679651480795
2026-06-01 12:00:00,100428,55.435,-127.646,5.606328620150075,1.0,5.606328620150075
2026-06-01 15:00:00,100428,55.435,-127.646,8.415646198343925,2.3,19.355986256191027
2026-06-01 18:00:00,100428,55.435,-127.646,12.310681427719928,2.6,32.007771712071815
2026-06-01 21:00:00,100428,55.435,-127.646,17.66299037811163,2.8,49.45637305871256
2026-06-02 00:00:00,100428,55.435,-127.646,19.622636025065653,2.9,56.90564447269039
2026-06-02 03:00:00,100428,55.435,-127.646,18.562745851555373,4.4,81.67608174684365
2026-06-02 06:00:00,100428,55.435,-127.646,11.39528771274609,2.7,30.767276824414445
2026-06-02 09:00:00,100428,55.435,-127.646,8.1865053350896,1.4,11.46110746912544
2026-06-02 12:00:00,100428,55.435,-127.646,6.299474896079788,1.1,6.929422385687768
2026-06-02 15:00:00,100428,55.435,-127.646,11.17599571874199,1.4,15.646394006238786
2026-06-02 18:00:00,100428,55.435,-127.646,17.773331754540674,4.8,85.31199242179524
2026-06-02 21:00:00,100163,55.688,-126.052,20.989565760525657,7.2,151.12487347578474
2026-06-03 00:00:00,100163,55.688,-126.052,21.246832688600925,8.2,174.22402804652756
2026-06-01 12:00:00,100163,55.688,-126.052,4.6397351438345495,4.4,20.41483463287202
2026-06-01 15:00:00,100163,55.688,-126.052,7.559369875295746,4.1,30.99341648871256
2026-06-01 18:00:00,100163,55.688,-126.052,12.956194121937763,1.4,18.138671770712868
2026-06-01 21:00:00,100163,55.688,-126.052,18.33413092871684,4.5,82.50358917922577
2026-06-02 00:00:00,100163,55.688,-126.052,19.382643271667774,5.1,98.85148068550565
2026-06-02 03:00:00,100163,55.688,-126.052,12.920695667260658,4.3,55.55899136922083
2026-06-02 06:00:00,100163,55.688,-126.052,9.333748680564753,8.0,74.66998944451802
2026-06-02 09:00:00,100163,55.688,-126.052,7.919847350902997,5.5,43.55916042996648
2026-06-02 12:00:00,100163,55.688,-126.052,6.011175855959946,5.2,31.258114450991723
2026-06-02 15:00:00,100163,55.688,-126.052,9.579424901778847,3.6,34.48592964640385
2026-06-02 18:00:00,100163,55.688,-126.052,15.455116580847676,6.5,100.45825777550989
2026-06-02 21:00:00,100171,55.081,-125.477,21.246832688600925,9.2,195.4708607351285
2026-06-03 00:00:00,100171,55.081,-125.477,18.818491801051323,9.6,180.6575212900927
2026-06-01 12:00:00,100171,55.081,-125.477,4.869349250455183,2.1,10.225633425955886
2026-06-01 15:00:00,100171,55.081,-125.477,7.867442282700477,0.9,7.080698054430429
2026-06-01 18:00:00,100171,55.081,-125.477,13.45961085475583,4.8,64.60613210282798
2026-06-01 21:00:00,100171,55.081,-125.477,16.54654826930277,4.8,79.4234316926533
2026-06-02 00:00:00,100171,55.081,-125.477,17.382068306180244,3.1,53.88441174915876
2026-06-02 03:00:00,100171,55.081,-125.477,13.24724278358372,4.1,54.31369541269325
2026-06-02 06:00:00,100171,55.081,-125.477,9.704378106259686,4.2,40.75838804629068
2026-06-02 09:00:00,100171,55.081,-125.477,6.9127993376400845,2.6,17.97327827786422
2026-06-02 12:00:00,100171,55.081,-125.477,6.341638241122727,2.5,15.854095602806817
2026-06-02 15:00:00,100171,55.081,-125.477,9.958583314132024,5.9,58.75564155337895
2026-06-02 18:00:00,100171,55.081,-125.477,15.844483951544508,10.5,166.36708149121733
2026-06-02 21:00:00,39,52.616,-121.55,18.704433278143846,1.9,35.538423228473306
2026-06-03 00:00:00,39,52.616,-121.55,16.130135829472557,3.5,56.455475403153955
2026-06-01 12:00:00,39,52.616,-121.55,5.812423507323476,3.5,20.343482275632166
2026-06-01 15:00:00,39,52.616,-121.55,9.093622456591763,2.5,22.734056141479407
2026-06-01 18:00:00,39,52.616,-121.55,14.42718692194446,5.8,83.67768414727786
2026-06-01 21:00:00,39,52.616,-121.55,16.752066879634903,5.4,90.46116115002849
2026-06-02 00:00:00,39,52.616,-121.55,17.064527458165013,7.1,121.15814495297158
2026-06-02 03:00:00,39,52.616,-121.55,12.76007959619942,5.7,72.7324536983367
2026-06-02 06:00:00,39,52.616,-121.55,10.218612975783309,4.9,50.07120358133822
2026-06-02 09:00:00,39,52.616,-121.55,9.153139571738077,4.0,36.61255828695231
2026-06-02 12:00:00,39,52.616,-121.55,7.097409195175022,2.3,16.32404114890255
2026-06-02 15:00:00,39,52.616,-121.55,8.793343876942803,0.7,6.155340713859962
2026-06-02 18:00:00,39,52.616,-121.55,13.665562121313224,2.0,27.331124242626448
2026-06-02 21:00:00,100201,53.345,-119.713,14.00848874835696,2.0,28.01697749671392
2026-06-03 00:00:00,100201,53.345,-119.713,14.358914468258487,2.2,31.589611830168675
2026-06-01 12:00:00,100201,53.345,-119.713,7.459065191544665,2.2,16.409943421398264
2026-06-01 15:00:00,100201,53.345,-119.713,9.333748680564753,1.4,13.067248152790654
2026-06-01 18:00:00,100201,53.345,-119.713,13.717684633991148,3.8,52.127201609166356
2026-06-01 21:00:00,100201,53.345,-119.713,15.359092598948244,3.3,50.68500557652921
2026-06-02 00:00:00,100201,53.345,-119.713,15.359092598948244,2.8,43.00545927705508
2026-06-02 03:00:00,100201,53.345,-119.713,13.63118260016023,3.1,42.25666606049671
2026-06-02 06:00:00,100201,53.345,-119.713,11.321774457302968,2.6,29.43661358898772
2026-06-02 09:00:00,100201,53.345,-119.713,8.917105638806456,2.3,20.50934296925485
2026-06-02 12:00:00,100201,53.345,-119.713,7.097409195175022,2.3,16.32404114890255
2026-06-02 15:00:00,100201,53.345,-119.713,10.153053380263863,1.9,19.29080142250134
2026-06-02 18:00:00,100201,53.345,-119.713,12.444081188264596,2.0,24.88816237652919
2026-06-02 21:00:00,41,50.066,-120.75,24.409229332841793,1.8,43.93661279911523
2026-06-03 00:00:00,41,50.066,-120.75,25.601486071616836,1.6,40.96237771458694
2026-06-01 12:00:00,41,50.066,-120.75,9.178682663150557,3.1,28.45391625576673
2026-06-01 15:00:00,41,50.066,-120.75,13.107679512410792,4.1,53.741486000884244
2026-06-01 18:00:00,41,50.066,-120.75,17.773331754540674,5.8,103.0853241763359
2026-06-01 21:00:00,41,50.066,-120.75,20.483178663192756,6.3,129.04402557811437
2026-06-02 00:00:00,41,50.066,-120.75,21.117857238478067,7.1,149.93678639319427
2026-06-02 03:00:00,41,50.066,-120.75,16.4446179237068,6.3,103.60109291935284
2026-06-02 06:00:00,41,50.066,-120.75,12.549364881973396,3.0,37.64809464592019
2026-06-02 09:00:00,41,50.066,-120.75,9.704378106259686,0.8,7.7635024850077485
2026-06-02 12:00:00,41,50.066,-120.75,7.528704608724832,1.6,12.045927373959731
2026-06-02 15:00:00,41,50.066,-120.75,11.463888579373108,1.2,13.75666629524773
2026-06-02 18:00:00,41,50.066,-120.75,18.59097860252581,1.6,29.745565764041295
2026-06-02 21:00:00,42,54.4,-121.9,20.86195520135491,9.7,202.3609654531426
2026-06-03 00:00:00,42,54.4,-121.9,18.59097860252581,9.5,176.61429672399518
2026-06-01 12:00:00,42,54.4,-121.9,6.881469390708604,4.8,33.031053075401296
2026-06-01 15:00:00,42,54.4,-121.9,9.093622456591763,3.0,27.28086736977529
2026-06-01 18:00:00,42,54.4,-121.9,14.518094719642033,6.3,91.4639967337448
2026-06-01 21:00:00,42,54.4,-121.9,16.85566018401771,5.5,92.70613101209742
2026-06-02 00:00:00,42,54.4,-121.9,17.169806521932443,5.9,101.30185847940142
2026-06-02 03:00:00,42,54.4,-121.9,15.168609176651499,4.9,74.32618496559235
2026-06-02 06:00:00,42,54.4,-121.9,10.023040311422758,5.4,54.12441768168289
2026-06-02 09:00:00,42,54.4,-121.9,8.801106748027085,5.6,49.28619778895167
2026-06-02 12:00:00,42,54.4,-121.9,8.240774240897856,5.6,46.14833574902799
2026-06-02 15:00:00,42,54.4,-121.9,10.484579860220151,6.3,66.05285311938695
2026-06-02 18:00:00,42,54.4,-121.9,15.74634653993905,9.6,151.16492678341487
2026-06-02 21:00:00,100311,50.8,-121.366,24.118837429169425,1.8,43.413907372504966
2026-06-03 00:00:00,100311,50.8,-121.366,21.358075666236573,4.0,85.43230266494629
2026-06-01 12:00:00,100311,50.8,-121.366,8.878293537571817,4.8,42.615808980344724
2026-06-01 15:00:00,100311,50.8,-121.366,12.689972838113798,4.8,60.91186962294623
2026-06-01 18:00:00,100311,50.8,-121.366,17.120223832940468,6.6,112.99347729740708
2026-06-01 21:00:00,100311,50.8,-121.366,20.110421497703484,6.4,128.7066975853023
2026-06-02 00:00:00,100311,50.8,-121.366,20.735022518290094,6.1,126.48363736156956
2026-06-02 03:00:00,100311,50.8,-121.366,16.24240262011095,4.4,71.46657152848819
2026-06-02 06:00:00,100311,50.8,-121.366,11.034785060837761,3.6,39.72522621901594
2026-06-02 09:00:00,100311,50.8,-121.366,9.641723823685634,3.9,37.60272291237397
2026-06-02 12:00:00,100311,50.8,-121.366,7.430921365672046,4.2,31.209869735822593
2026-06-02 15:00:00,100311,50.8,-121.366,13.038932855779198,3.2,41.72458513849344
2026-06-02 18:00:00,100311,50.8,-121.366,17.704758808755617,3.1,54.88475230714241
2026-06-02 21:00:00,100179,53.942,-126.927,22.438899631720908,11.7,262.5351256911346
2026-06-03 00:00:00,100179,53.942,-126.927,22.57488511469202,11.9,268.641132864835
2026-06-01 12:00:00,100179,53.942,-126.927,5.03944098869449,2.0,10.07888197738898
2026-06-01 15:00:00,100179,53.942,-126.927,7.609965889347271,2.4,18.26391813443345
2026-06-01 18:00:00,100179,53.942,-126.927,15.092343543109168,7.9,119.22951399056244
2026-06-01 21:00:00,100179,53.942,-126.927,18.793849055664918,10.5,197.33541508448164
2026-06-02 00:00:00,100179,53.942,-126.927,20.608764679343903,10.1,208.1485232613734
2026-06-02 03:00:00,100179,53.942,-126.927,18.793849055664918,10.2,191.69726036778215
2026-06-02 06:00:00,100179,53.942,-126.927,12.232009836923513,5.5,67.27605410307932
2026-06-02 09:00:00,100179,53.942,-126.927,9.034445530469796,4.5,40.65500488711408
2026-06-02 12:00:00,100179,53.942,-126.927,8.350261792604197,5.5,45.92643985932308
2026-06-02 15:00:00,100179,53.942,-126.927,12.075988341173854,10.0,120.75988341173854
2026-06-02 18:00:00,100179,53.942,-126.927,18.793849055664914,11.7,219.88803395127948
2026-06-02 21:00:00,100141,55.58,-124.23,21.117857238478067,7.3,154.16035784088987
2026-06-03 00:00:00,100141,55.58,-124.23,21.37649517502154,7.5,160.32371381266154
2026-06-01 12:00:00,100141,55.58,-124.23,6.088897554055967,4.6,28.008928748657443
2026-06-01 15:00:00,100141,55.58,-124.23,9.741972091371565,2.9,28.25171906497754
2026-06-01 18:00:00,100141,55.58,-124.23,13.804667100628865,5.7,78.68660247358453
2026-06-01 21:00:00,100141,55.58,-124.23,19.027463332771976,5.2,98.94280933041428
2026-06-02 00:00:00,100141,55.58,-124.23,19.743602988196756,6.0,118.46161792918053
2026-06-02 03:00:00,100141,55.58,-124.23,15.359092598948244,5.3,81.4031907744257
2026-06-02 06:00:00,100141,55.58,-124.23,9.517479628585347,3.7,35.21467462576579
2026-06-02 09:00:00,100141,55.58,-124.23,8.132550929232552,3.5,28.463928252313934
2026-06-02 12:00:00,100141,55.58,-124.23,6.133278166337295,3.5,21.466473582180534
2026-06-02 15:00:00,100141,55.58,-124.23,11.618347199820697,4.2,48.79705823924693
2026-06-02 18:00:00,100141,55.58,-124.23,18.10798165890801,6.8,123.13427528057446
2026-06-02 21:00:00,46,57.08,-122.56,21.63789356710513,8.2,177.43072725026207
2026-06-03 00:00:00,46,57.08,-122.56,22.03522115085698,8.5,187.29937978228432
2026-06-01 12:00:00,46,57.08,-122.56,5.506445615437683,5.6,30.836095446451026
2026-06-01 15:00:00,46,57.08,-122.56,10.609226199357057,6.6,70.02089291575658
2026-06-01 18:00:00,46,57.08,-122.56,16.384888947345612,4.1,67.178044684117
2026-06-01 21:00:00,46,57.08,-122.56,19.027463332771976,4.5,85.6235849974739
2026-06-02 00:00:00,46,57.08,-122.56,19.743602988196756,5.9,116.48725763036086
2026-06-02 03:00:00,46,57.08,-122.56,17.66299037811163,6.8,120.10833457115908
2026-06-02 06:00:00,46,57.08,-122.56,10.960417082393171,4.7,51.513960287247905
2026-06-02 09:00:00,46,57.08,-122.56,7.867442282700477,2.3,18.095117250211096
2026-06-02 12:00:00,46,57.08,-122.56,7.069462669047379,3.8,26.86395814238004
2026-06-02 15:00:00,46,57.08,-122.56,11.845228943641171,3.4,40.27377840837998
2026-06-02 18:00:00,46,57.08,-122.56,18.91034087920317,7.6,143.71859068194408
2026-06-02 21:00:00,47,54.633,-120.576,17.382068306180244,10.7,185.9881308761286
2026-06-03 00:00:00,47,54.633,-120.576,17.81347877675762,10.2,181.6974835229277
2026-06-01 12:00:00,47,54.633,-120.576,7.40935356867605,2.6,19.26431927855773
2026-06-01 15:00:00,47,54.633,-120.576,11.17599571874199,5.8,64.82077516870355
2026-06-01 18:00:00,47,54.633,-120.576,14.609503544180804,10.0,146.09503544180802
2026-06-01 21:00:00,47,54.633,-120.576,18.91034087920317,10.1,190.994442879952
2026-06-02 00:00:00,47,54.633,-120.576,19.145219291011315,10.0,191.45219291011315
2026-06-02 03:00:00,47,54.633,-120.576,17.013439461599226,8.8,149.7182672620732
2026-06-02 06:00:00,47,54.633,-120.576,11.693547029993217,5.7,66.65321807096134
2026-06-02 09:00:00,47,54.633,-120.576,10.403289911940863,5.0,52.01644955970431
2026-06-02 12:00:00,47,54.633,-120.576,8.405483574120792,5.9,49.592353087312674
2026-06-02 15:00:00,47,54.633,-120.576,12.232009836923513,9.4,114.98089246708103
2026-06-02 18:00:00,47,54.633,-120.576,15.359092598948244,10.8,165.87820006864104
2026-06-02 21:00:00,100192,53.93,-120.64,14.626737821284296,2.3,33.641496988953875
2026-06-03 00:00:00,100192,53.93,-120.64,14.990619578922276,3.0,44.971858736766826
2026-06-01 12:00:00,100192,53.93,-120.64,7.261963981749209,2.5,18.15490995437302
2026-06-01 15:00:00,100192,53.93,-120.64,9.333748680564753,1.1,10.267123548621228
2026-06-01 18:00:00,100192,53.93,-120.64,12.13495415223178,2.2,26.696899134909916
2026-06-01 21:00:00,100192,53.93,-120.64,16.142112676431733,3.2,51.65476056458155
2026-06-02 00:00:00,100192,53.93,-120.64,13.836096579798628,2.9,40.124680081416024
2026-06-02 03:00:00,100192,53.93,-120.64,12.28866671050921,3.3,40.55260014468039
2026-06-02 06:00:00,100192,53.93,-120.64,9.894490336825545,3.4,33.641267145206854
2026-06-02 09:00:00,100192,53.93,-120.64,8.917105638806456,3.2,28.53473804418066
2026-06-02 12:00:00,100192,53.93,-120.64,8.46102612686019,3.2,27.07528360595261
2026-06-02 15:00:00,100192,53.93,-120.64,10.35084714957759,2.0,20.70169429915518
2026-06-02 18:00:00,100192,53.93,-120.64,12.920695667260658,2.1,27.133460901247382
2026-06-02 21:00:00,100105,54.916,-128.859,18.704433278143846,3.5,65.46551647350346
2026-06-03 00:00:00,100105,54.916,-128.859,17.449237858519794,3.3,57.58248493311532
2026-06-01 12:00:00,100105,54.916,-128.859,3.9494146168630273,2.0,7.898829233726055
2026-06-01 15:00:00,100105,54.916,-128.859,5.891218890872814,1.0,5.891218890872814
2026-06-01 18:00:00,100105,54.916,-128.859,10.087863080594717,3.2,32.28116185790309
2026-06-01 21:00:00,100105,54.916,-128.859,12.840167874705353,3.3,42.37255398652766
2026-06-02 00:00:00,100105,54.916,-128.859,14.447708729158037,3.5,50.56698055205313
2026-06-02 03:00:00,100105,54.916,-128.859,14.358914468258488,3.3,47.38441774525301
2026-06-02 06:00:00,100105,54.916,-128.859,10.964653740935628,1.9,20.83284210777769
2026-06-02 09:00:00,100105,54.916,-128.859,8.801106748027083,0.2,1.7602213496054167
2026-06-02 12:00:00,100105,54.916,-128.859,6.9127993376400845,0.5,3.4563996688200422
2026-06-02 15:00:00,100105,54.916,-128.859,8.245408614021288,2.8,23.087144119259605
2026-06-02 18:00:00,100105,54.916,-128.859,13.58098624418101,3.9,52.96584635230594
2026-06-02 21:00:00,50,56.364,-123.365,21.246832688600925,4.7,99.86011363642436
2026-06-03 00:00:00,50,56.364,-123.365,21.63789356710513,4.8,103.86188912210463
2026-06-01 12:00:00,50,56.364,-123.365,6.257702060593142,2.4,15.018484945423541
2026-06-01 15:00:00,50,56.364,-123.365,10.134175113812375,2.5,25.33543778453094
2026-06-01 18:00:00,50,56.364,-123.365,16.07830821054133,2.6,41.80360134740746
2026-06-01 21:00:00,50,56.364,-123.365,18.91034087920317,2.2,41.60274993424697
2026-06-02 00:00:00,50,56.364,-123.365,19.622636025065653,3.2,62.79243528021009
2026-06-02 03:00:00,50,56.364,-123.365,17.55324868451228,3.6,63.19169526424421
2026-06-02 06:00:00,50,56.364,-123.365,10.960417082393171,2.7,29.593126122461562
2026-06-02 09:00:00,50,56.364,-123.365,9.23982190938683,2.9,26.795483537221806
2026-06-02 12:00:00,50,56.364,-123.365,7.165144114692179,2.9,20.778917932607317
2026-06-02 15:00:00,50,56.364,-123.365,11.693547029993217,3.6,42.096769307975585
2026-06-02 18:00:00,50,56.364,-123.365,18.448128773064838,4.8,88.55101811071121
2026-06-02 21:00:00,100156,56.328,-127.034,14.626737821284296,5.9,86.29775314557735
2026-06-03 00:00:00,100156,56.328,-127.034,14.716977018799238,5.7,83.88676900715566
2026-06-01 12:00:00,100156,56.328,-127.034,4.32830085556818,2.6,11.253582224477269
2026-06-01 15:00:00,100156,56.328,-127.034,6.974908208788171,0.4,2.7899632835152683
2026-06-01 18:00:00,100156,56.328,-127.034,10.153053380263863,1.0,10.153053380263863
2026-06-01 21:00:00,100156,56.328,-127.034,12.366160218809537,3.5,43.281560765833376
2026-06-02 00:00:00,100156,56.328,-127.034,13.001665008558426,5.1,66.30849154364797
2026-06-02 03:00:00,100156,56.328,-127.034,9.43271471444323,3.9,36.787587386328596
2026-06-02 06:00:00,100156,56.328,-127.034,7.144233238183595,3.7,26.433662981279305
2026-06-02 09:00:00,100156,56.328,-127.034,6.092337018815737,3.8,23.1508806714998
2026-06-02 12:00:00,100156,56.328,-127.034,6.697893769145967,3.9,26.12178569966927
2026-06-02 15:00:00,100156,56.328,-127.034,8.917105638806456,2.6,23.184474660896786
2026-06-02 18:00:00,100156,56.328,-127.034,12.28866671050921,2.7,33.17940011837487
